phase,label,target_service,workload,placement_mode,users,duration_seconds,decision,health_code,locust_exit,metrics_exit,locust_request_count,locust_failure_count,locust_failure_pct,locust_median_ms,locust_avg_latency_ms,locust_p95_ms,locust_p99_ms,locust_req_rate,service,deployment,backend,cpu_pct,mem_pct,service_request_count,service_req_rate,service_error_count,service_error_pct,service_p50_ms,service_p95_ms,service_p99_ms,service_avg_latency_ms,exec_grpc_ms,faas_exec_p99_ms,cold_start_count,cold_start_p99_ms,metric_source,data_quality,stats_file,metrics_file
phase3,calibration_frontend_50,frontend,browse,calibration,50,180,completed,200,0,0,7060,132,1.8697,1100.00,1043.22,1900.00,2200.00,39.2798,frontend,iaas,iaas,32.6333,,,,,,,,,,,,,,prometheus:kubernetes,missing:mem_pct|request_count|error_count|error_pct|p50_ms|p95_ms|p99_ms|avg_latency_ms,testing/results/all_microservices/allmicro-20260504T132028Z/phase3/calibration_frontend_50_stats.csv,testing/results/all_microservices/allmicro-20260504T132028Z/phase3/calibration_frontend_50_metrics.csv
phase3,calibration_frontend_50,frontend,browse,calibration,50,180,completed,200,0,0,7060,132,1.8697,1100.00,1043.22,1900.00,2200.00,39.2798,productcatalogservice,iaas,iaas,7.6811,,,,,,,,,,,,,,prometheus:kubernetes,missing:mem_pct|request_count|error_count|error_pct|p50_ms|p95_ms|p99_ms|avg_latency_ms,testing/results/all_microservices/allmicro-20260504T132028Z/phase3/calibration_frontend_50_stats.csv,testing/results/all_microservices/allmicro-20260504T132028Z/phase3/calibration_frontend_50_metrics.csv
phase3,calibration_frontend_50,frontend,browse,calibration,50,180,completed,200,0,0,7060,132,1.8697,1100.00,1043.22,1900.00,2200.00,39.2798,cartservice,iaas,iaas,2.0329,,,,,,,,,,,,,,prometheus:kubernetes,missing:mem_pct|request_count|error_count|error_pct|p50_ms|p95_ms|p99_ms|avg_latency_ms,testing/results/all_microservices/allmicro-20260504T132028Z/phase3/calibration_frontend_50_stats.csv,testing/results/all_microservices/allmicro-20260504T132028Z/phase3/calibration_frontend_50_metrics.csv
phase3,calibration_frontend_50,frontend,browse,calibration,50,180,completed,200,0,0,7060,132,1.8697,1100.00,1043.22,1900.00,2200.00,39.2798,checkoutservice,iaas,iaas,0.0004,,,,,,,,,,,,,,prometheus:kubernetes,missing:mem_pct|request_count|error_count|error_pct|p50_ms|p95_ms|p99_ms|avg_latency_ms,testing/results/all_microservices/allmicro-20260504T132028Z/phase3/calibration_frontend_50_stats.csv,testing/results/all_microservices/allmicro-20260504T132028Z/phase3/calibration_frontend_50_metrics.csv
phase3,calibration_frontend_50,frontend,browse,calibration,50,180,completed,200,0,0,7060,132,1.8697,1100.00,1043.22,1900.00,2200.00,39.2798,currencyservice,hybrid-dynamic,faas,42.5508,,59758.1054,251.3279,,,90.92,245.32,434.67,105.28,4.96,,,,prometheus:kubernetes|bridge|openfaas|controller,missing:mem_pct|error_count|error_pct,testing/results/all_microservices/allmicro-20260504T132028Z/phase3/calibration_frontend_50_stats.csv,testing/results/all_microservices/allmicro-20260504T132028Z/phase3/calibration_frontend_50_metrics.csv
phase3,calibration_frontend_50,frontend,browse,calibration,50,180,completed,200,0,0,7060,132,1.8697,1100.00,1043.22,1900.00,2200.00,39.2798,emailservice,hybrid-dynamic,faas,0.0880,,,,,,,,,,,,,,prometheus:kubernetes|bridge|openfaas|controller,missing:mem_pct|request_count|error_count|error_pct|p50_ms|p95_ms|p99_ms|avg_latency_ms,testing/results/all_microservices/allmicro-20260504T132028Z/phase3/calibration_frontend_50_stats.csv,testing/results/all_microservices/allmicro-20260504T132028Z/phase3/calibration_frontend_50_metrics.csv
phase3,calibration_frontend_50,frontend,browse,calibration,50,180,completed,200,0,0,7060,132,1.8697,1100.00,1043.22,1900.00,2200.00,39.2798,paymentservice,iaas,iaas,0.0109,,,,,,,,,,,,,,prometheus:kubernetes,missing:mem_pct|request_count|error_count|error_pct|p50_ms|p95_ms|p99_ms|avg_latency_ms,testing/results/all_microservices/allmicro-20260504T132028Z/phase3/calibration_frontend_50_stats.csv,testing/results/all_microservices/allmicro-20260504T132028Z/phase3/calibration_frontend_50_metrics.csv
phase3,calibration_frontend_50,frontend,browse,calibration,50,180,completed,200,0,0,7060,132,1.8697,1100.00,1043.22,1900.00,2200.00,39.2798,shippingservice,hybrid-dynamic,faas,0.1101,,,,,,,,,,,,,,prometheus:kubernetes|bridge|openfaas|controller,missing:mem_pct|request_count|error_count|error_pct|p50_ms|p95_ms|p99_ms|avg_latency_ms,testing/results/all_microservices/allmicro-20260504T132028Z/phase3/calibration_frontend_50_stats.csv,testing/results/all_microservices/allmicro-20260504T132028Z/phase3/calibration_frontend_50_metrics.csv
phase3,calibration_frontend_50,frontend,browse,calibration,50,180,completed,200,0,0,7060,132,1.8697,1100.00,1043.22,1900.00,2200.00,39.2798,adservice,hybrid-dynamic,faas,11.7220,,17144.4336,32.5333,,,2.70,7.05,22.52,2.77,4.95,,,,prometheus:kubernetes|bridge|openfaas|controller,missing:mem_pct|error_count|error_pct,testing/results/all_microservices/allmicro-20260504T132028Z/phase3/calibration_frontend_50_stats.csv,testing/results/all_microservices/allmicro-20260504T132028Z/phase3/calibration_frontend_50_metrics.csv
phase3,calibration_frontend_50,frontend,browse,calibration,50,180,completed,200,0,0,7060,132,1.8697,1100.00,1043.22,1900.00,2200.00,39.2798,recommendationservice,iaas,iaas,5.6610,,,,,,,,,,,,,,prometheus:kubernetes,missing:mem_pct|request_count|error_count|error_pct|p50_ms|p95_ms|p99_ms|avg_latency_ms,testing/results/all_microservices/allmicro-20260504T132028Z/phase3/calibration_frontend_50_stats.csv,testing/results/all_microservices/allmicro-20260504T132028Z/phase3/calibration_frontend_50_metrics.csv
phase3,calibration_frontend_50,frontend,browse,calibration,50,180,completed,200,0,0,7060,132,1.8697,1100.00,1043.22,1900.00,2200.00,39.2798,redis-cart,iaas,iaas,3.7487,,,,,,,,,,,,,,prometheus:kubernetes,missing:mem_pct|request_count|error_count|error_pct|p50_ms|p95_ms|p99_ms|avg_latency_ms,testing/results/all_microservices/allmicro-20260504T132028Z/phase3/calibration_frontend_50_stats.csv,testing/results/all_microservices/allmicro-20260504T132028Z/phase3/calibration_frontend_50_metrics.csv
phase3,calibration_frontend_100,frontend,browse,calibration,100,180,completed,200,0,0,21911,0,0.0000,560.00,592.99,860.00,1500.00,122.0840,frontend,iaas,iaas,40.8714,,,,,,,,,,,,,,prometheus:kubernetes,missing:mem_pct|request_count|error_count|error_pct|p50_ms|p95_ms|p99_ms|avg_latency_ms,testing/results/all_microservices/allmicro-20260504T132028Z/phase3/calibration_frontend_100_stats.csv,testing/results/all_microservices/allmicro-20260504T132028Z/phase3/calibration_frontend_100_metrics.csv
phase3,calibration_frontend_100,frontend,browse,calibration,100,180,completed,200,0,0,21911,0,0.0000,560.00,592.99,860.00,1500.00,122.0840,productcatalogservice,iaas,iaas,9.0088,,,,,,,,,,,,,,prometheus:kubernetes,missing:mem_pct|request_count|error_count|error_pct|p50_ms|p95_ms|p99_ms|avg_latency_ms,testing/results/all_microservices/allmicro-20260504T132028Z/phase3/calibration_frontend_100_stats.csv,testing/results/all_microservices/allmicro-20260504T132028Z/phase3/calibration_frontend_100_metrics.csv
phase3,calibration_frontend_100,frontend,browse,calibration,100,180,completed,200,0,0,21911,0,0.0000,560.00,592.99,860.00,1500.00,122.0840,cartservice,iaas,iaas,1.8750,,,,,,,,,,,,,,prometheus:kubernetes,missing:mem_pct|request_count|error_count|error_pct|p50_ms|p95_ms|p99_ms|avg_latency_ms,testing/results/all_microservices/allmicro-20260504T132028Z/phase3/calibration_frontend_100_stats.csv,testing/results/all_microservices/allmicro-20260504T132028Z/phase3/calibration_frontend_100_metrics.csv
phase3,calibration_frontend_100,frontend,browse,calibration,100,180,completed,200,0,0,21911,0,0.0000,560.00,592.99,860.00,1500.00,122.0840,checkoutservice,iaas,iaas,0.0004,,,,,,,,,,,,,,prometheus:kubernetes,missing:mem_pct|request_count|error_count|error_pct|p50_ms|p95_ms|p99_ms|avg_latency_ms,testing/results/all_microservices/allmicro-20260504T132028Z/phase3/calibration_frontend_100_stats.csv,testing/results/all_microservices/allmicro-20260504T132028Z/phase3/calibration_frontend_100_metrics.csv
phase3,calibration_frontend_100,frontend,browse,calibration,100,180,completed,200,0,0,21911,0,0.0000,560.00,592.99,860.00,1500.00,122.0840,currencyservice,hybrid-dynamic,iaas,31.2205,,37687.7778,,,,91.43,246.41,438.93,106.05,4.96,,,,prometheus:kubernetes|bridge|openfaas|controller,missing:mem_pct|error_count|error_pct,testing/results/all_microservices/allmicro-20260504T132028Z/phase3/calibration_frontend_100_stats.csv,testing/results/all_microservices/allmicro-20260504T132028Z/phase3/calibration_frontend_100_metrics.csv
phase3,calibration_frontend_100,frontend,browse,calibration,100,180,completed,200,0,0,21911,0,0.0000,560.00,592.99,860.00,1500.00,122.0840,emailservice,hybrid-dynamic,faas,0.0536,,,,,,,,,,,,,,prometheus:kubernetes|bridge|openfaas|controller,missing:mem_pct|request_count|error_count|error_pct|p50_ms|p95_ms|p99_ms|avg_latency_ms,testing/results/all_microservices/allmicro-20260504T132028Z/phase3/calibration_frontend_100_stats.csv,testing/results/all_microservices/allmicro-20260504T132028Z/phase3/calibration_frontend_100_metrics.csv
phase3,calibration_frontend_100,frontend,browse,calibration,100,180,completed,200,0,0,21911,0,0.0000,560.00,592.99,860.00,1500.00,122.0840,paymentservice,iaas,iaas,0.0109,,,,,,,,,,,,,,prometheus:kubernetes,missing:mem_pct|request_count|error_count|error_pct|p50_ms|p95_ms|p99_ms|avg_latency_ms,testing/results/all_microservices/allmicro-20260504T132028Z/phase3/calibration_frontend_100_stats.csv,testing/results/all_microservices/allmicro-20260504T132028Z/phase3/calibration_frontend_100_metrics.csv
phase3,calibration_frontend_100,frontend,browse,calibration,100,180,completed,200,0,0,21911,0,0.0000,560.00,592.99,860.00,1500.00,122.0840,shippingservice,hybrid-dynamic,faas,0.0596,,,,,,,,,,,,,,prometheus:kubernetes|bridge|openfaas|controller,missing:mem_pct|request_count|error_count|error_pct|p50_ms|p95_ms|p99_ms|avg_latency_ms,testing/results/all_microservices/allmicro-20260504T132028Z/phase3/calibration_frontend_100_stats.csv,testing/results/all_microservices/allmicro-20260504T132028Z/phase3/calibration_frontend_100_metrics.csv
phase3,calibration_frontend_100,frontend,browse,calibration,100,180,completed,200,0,0,21911,0,0.0000,560.00,592.99,860.00,1500.00,122.0840,adservice,hybrid-dynamic,iaas,25.4861,,24077.4796,54.7410,13.3333,0.0554,3.19,9.99,81.59,5.32,4.95,,,,prometheus:kubernetes|bridge|openfaas|controller,missing:mem_pct,testing/results/all_microservices/allmicro-20260504T132028Z/phase3/calibration_frontend_100_stats.csv,testing/results/all_microservices/allmicro-20260504T132028Z/phase3/calibration_frontend_100_metrics.csv
phase3,calibration_frontend_100,frontend,browse,calibration,100,180,completed,200,0,0,21911,0,0.0000,560.00,592.99,860.00,1500.00,122.0840,recommendationservice,iaas,iaas,8.3578,,,,,,,,,,,,,,prometheus:kubernetes,missing:mem_pct|request_count|error_count|error_pct|p50_ms|p95_ms|p99_ms|avg_latency_ms,testing/results/all_microservices/allmicro-20260504T132028Z/phase3/calibration_frontend_100_stats.csv,testing/results/all_microservices/allmicro-20260504T132028Z/phase3/calibration_frontend_100_metrics.csv
phase3,calibration_frontend_100,frontend,browse,calibration,100,180,completed,200,0,0,21911,0,0.0000,560.00,592.99,860.00,1500.00,122.0840,redis-cart,iaas,iaas,3.9995,,,,,,,,,,,,,,prometheus:kubernetes,missing:mem_pct|request_count|error_count|error_pct|p50_ms|p95_ms|p99_ms|avg_latency_ms,testing/results/all_microservices/allmicro-20260504T132028Z/phase3/calibration_frontend_100_stats.csv,testing/results/all_microservices/allmicro-20260504T132028Z/phase3/calibration_frontend_100_metrics.csv
phase1,phase1_frontend_100,frontend,browse,iaas-only,100,300,completed,200,0,0,36800,0,0.0000,550.00,586.22,810.00,1700.00,123.1141,frontend,iaas,iaas,41.4951,,,,,,,,,,,,,,prometheus:kubernetes,missing:mem_pct|request_count|error_count|error_pct|p50_ms|p95_ms|p99_ms|avg_latency_ms,testing/results/all_microservices/allmicro-20260504T132028Z/phase1/phase1_frontend_100_stats.csv,testing/results/all_microservices/allmicro-20260504T132028Z/phase1/phase1_frontend_100_metrics.csv
phase1,phase1_frontend_100,frontend,browse,iaas-only,100,300,completed,200,0,0,36800,0,0.0000,550.00,586.22,810.00,1700.00,123.1141,productcatalogservice,iaas,iaas,9.1520,,,,,,,,,,,,,,prometheus:kubernetes,missing:mem_pct|request_count|error_count|error_pct|p50_ms|p95_ms|p99_ms|avg_latency_ms,testing/results/all_microservices/allmicro-20260504T132028Z/phase1/phase1_frontend_100_stats.csv,testing/results/all_microservices/allmicro-20260504T132028Z/phase1/phase1_frontend_100_metrics.csv
phase1,phase1_frontend_100,frontend,browse,iaas-only,100,300,completed,200,0,0,36800,0,0.0000,550.00,586.22,810.00,1700.00,123.1141,cartservice,iaas,iaas,1.9243,,,,,,,,,,,,,,prometheus:kubernetes,missing:mem_pct|request_count|error_count|error_pct|p50_ms|p95_ms|p99_ms|avg_latency_ms,testing/results/all_microservices/allmicro-20260504T132028Z/phase1/phase1_frontend_100_stats.csv,testing/results/all_microservices/allmicro-20260504T132028Z/phase1/phase1_frontend_100_metrics.csv
phase1,phase1_frontend_100,frontend,browse,iaas-only,100,300,completed,200,0,0,36800,0,0.0000,550.00,586.22,810.00,1700.00,123.1141,checkoutservice,iaas,iaas,0.0005,,,,,,,,,,,,,,prometheus:kubernetes,missing:mem_pct|request_count|error_count|error_pct|p50_ms|p95_ms|p99_ms|avg_latency_ms,testing/results/all_microservices/allmicro-20260504T132028Z/phase1/phase1_frontend_100_stats.csv,testing/results/all_microservices/allmicro-20260504T132028Z/phase1/phase1_frontend_100_metrics.csv
phase1,phase1_frontend_100,frontend,browse,iaas-only,100,300,completed,200,0,0,36800,0,0.0000,550.00,586.22,810.00,1700.00,123.1141,currencyservice,iaas,iaas,31.4949,,,,,,,,,,,,,,prometheus:kubernetes,missing:mem_pct|request_count|error_count|error_pct|p50_ms|p95_ms|p99_ms|avg_latency_ms,testing/results/all_microservices/allmicro-20260504T132028Z/phase1/phase1_frontend_100_stats.csv,testing/results/all_microservices/allmicro-20260504T132028Z/phase1/phase1_frontend_100_metrics.csv
phase1,phase1_frontend_100,frontend,browse,iaas-only,100,300,completed,200,0,0,36800,0,0.0000,550.00,586.22,810.00,1700.00,123.1141,emailservice,iaas,iaas,0.4626,,,,,,,,,,,,,,prometheus:kubernetes,missing:mem_pct|request_count|error_count|error_pct|p50_ms|p95_ms|p99_ms|avg_latency_ms,testing/results/all_microservices/allmicro-20260504T132028Z/phase1/phase1_frontend_100_stats.csv,testing/results/all_microservices/allmicro-20260504T132028Z/phase1/phase1_frontend_100_metrics.csv
phase1,phase1_frontend_100,frontend,browse,iaas-only,100,300,completed,200,0,0,36800,0,0.0000,550.00,586.22,810.00,1700.00,123.1141,paymentservice,iaas,iaas,0.0115,,,,,,,,,,,,,,prometheus:kubernetes,missing:mem_pct|request_count|error_count|error_pct|p50_ms|p95_ms|p99_ms|avg_latency_ms,testing/results/all_microservices/allmicro-20260504T132028Z/phase1/phase1_frontend_100_stats.csv,testing/results/all_microservices/allmicro-20260504T132028Z/phase1/phase1_frontend_100_metrics.csv
phase1,phase1_frontend_100,frontend,browse,iaas-only,100,300,completed,200,0,0,36800,0,0.0000,550.00,586.22,810.00,1700.00,123.1141,shippingservice,iaas,iaas,0.0005,,,,,,,,,,,,,,prometheus:kubernetes,missing:mem_pct|request_count|error_count|error_pct|p50_ms|p95_ms|p99_ms|avg_latency_ms,testing/results/all_microservices/allmicro-20260504T132028Z/phase1/phase1_frontend_100_stats.csv,testing/results/all_microservices/allmicro-20260504T132028Z/phase1/phase1_frontend_100_metrics.csv
phase1,phase1_frontend_100,frontend,browse,iaas-only,100,300,completed,200,0,0,36800,0,0.0000,550.00,586.22,810.00,1700.00,123.1141,adservice,iaas,iaas,8.5776,,,,,,,,,,,,,,prometheus:kubernetes,missing:mem_pct|request_count|error_count|error_pct|p50_ms|p95_ms|p99_ms|avg_latency_ms,testing/results/all_microservices/allmicro-20260504T132028Z/phase1/phase1_frontend_100_stats.csv,testing/results/all_microservices/allmicro-20260504T132028Z/phase1/phase1_frontend_100_metrics.csv
phase1,phase1_frontend_100,frontend,browse,iaas-only,100,300,completed,200,0,0,36800,0,0.0000,550.00,586.22,810.00,1700.00,123.1141,recommendationservice,iaas,iaas,9.4412,,,,,,,,,,,,,,prometheus:kubernetes,missing:mem_pct|request_count|error_count|error_pct|p50_ms|p95_ms|p99_ms|avg_latency_ms,testing/results/all_microservices/allmicro-20260504T132028Z/phase1/phase1_frontend_100_stats.csv,testing/results/all_microservices/allmicro-20260504T132028Z/phase1/phase1_frontend_100_metrics.csv
phase1,phase1_frontend_100,frontend,browse,iaas-only,100,300,completed,200,0,0,36800,0,0.0000,550.00,586.22,810.00,1700.00,123.1141,redis-cart,iaas,iaas,4.0859,,,,,,,,,,,,,,prometheus:kubernetes,missing:mem_pct|request_count|error_count|error_pct|p50_ms|p95_ms|p99_ms|avg_latency_ms,testing/results/all_microservices/allmicro-20260504T132028Z/phase1/phase1_frontend_100_stats.csv,testing/results/all_microservices/allmicro-20260504T132028Z/phase1/phase1_frontend_100_metrics.csv
phase3,phase3_frontend_100,frontend,browse,hybrid,100,300,completed,200,0,0,29448,261,0.8863,560.00,789.75,3100.00,4000.00,98.4846,frontend,iaas,iaas,36.5899,,,,,,,,,,,,,,prometheus:kubernetes,missing:mem_pct|request_count|error_count|error_pct|p50_ms|p95_ms|p99_ms|avg_latency_ms,testing/results/all_microservices/allmicro-20260504T132028Z/phase3/phase3_frontend_100_stats.csv,testing/results/all_microservices/allmicro-20260504T132028Z/phase3/phase3_frontend_100_metrics.csv
phase3,phase3_frontend_100,frontend,browse,hybrid,100,300,completed,200,0,0,29448,261,0.8863,560.00,789.75,3100.00,4000.00,98.4846,productcatalogservice,iaas,iaas,7.8155,,,,,,,,,,,,,,prometheus:kubernetes,missing:mem_pct|request_count|error_count|error_pct|p50_ms|p95_ms|p99_ms|avg_latency_ms,testing/results/all_microservices/allmicro-20260504T132028Z/phase3/phase3_frontend_100_stats.csv,testing/results/all_microservices/allmicro-20260504T132028Z/phase3/phase3_frontend_100_metrics.csv
phase3,phase3_frontend_100,frontend,browse,hybrid,100,300,completed,200,0,0,29448,261,0.8863,560.00,789.75,3100.00,4000.00,98.4846,cartservice,iaas,iaas,1.5031,,,,,,,,,,,,,,prometheus:kubernetes,missing:mem_pct|request_count|error_count|error_pct|p50_ms|p95_ms|p99_ms|avg_latency_ms,testing/results/all_microservices/allmicro-20260504T132028Z/phase3/phase3_frontend_100_stats.csv,testing/results/all_microservices/allmicro-20260504T132028Z/phase3/phase3_frontend_100_metrics.csv
phase3,phase3_frontend_100,frontend,browse,hybrid,100,300,completed,200,0,0,29448,261,0.8863,560.00,789.75,3100.00,4000.00,98.4846,checkoutservice,iaas,iaas,0.0006,,,,,,,,,,,,,,prometheus:kubernetes,missing:mem_pct|request_count|error_count|error_pct|p50_ms|p95_ms|p99_ms|avg_latency_ms,testing/results/all_microservices/allmicro-20260504T132028Z/phase3/phase3_frontend_100_stats.csv,testing/results/all_microservices/allmicro-20260504T132028Z/phase3/phase3_frontend_100_metrics.csv
phase3,phase3_frontend_100,frontend,browse,hybrid,100,300,completed,200,0,0,29448,261,0.8863,560.00,789.75,3100.00,4000.00,98.4846,currencyservice,hybrid-dynamic,iaas,65.8556,,23109.8000,,,,238.60,680.63,943.31,263.60,4.97,,,,prometheus:kubernetes|bridge|openfaas|controller,missing:mem_pct|error_count|error_pct,testing/results/all_microservices/allmicro-20260504T132028Z/phase3/phase3_frontend_100_stats.csv,testing/results/all_microservices/allmicro-20260504T132028Z/phase3/phase3_frontend_100_metrics.csv
phase3,phase3_frontend_100,frontend,browse,hybrid,100,300,completed,200,0,0,29448,261,0.8863,560.00,789.75,3100.00,4000.00,98.4846,emailservice,hybrid-dynamic,faas,0.0732,,,,,,,,,,,,,,prometheus:kubernetes|bridge|openfaas|controller,missing:mem_pct|request_count|error_count|error_pct|p50_ms|p95_ms|p99_ms|avg_latency_ms,testing/results/all_microservices/allmicro-20260504T132028Z/phase3/phase3_frontend_100_stats.csv,testing/results/all_microservices/allmicro-20260504T132028Z/phase3/phase3_frontend_100_metrics.csv
phase3,phase3_frontend_100,frontend,browse,hybrid,100,300,completed,200,0,0,29448,261,0.8863,560.00,789.75,3100.00,4000.00,98.4846,paymentservice,iaas,iaas,0.0113,,,,,,,,,,,,,,prometheus:kubernetes,missing:mem_pct|request_count|error_count|error_pct|p50_ms|p95_ms|p99_ms|avg_latency_ms,testing/results/all_microservices/allmicro-20260504T132028Z/phase3/phase3_frontend_100_stats.csv,testing/results/all_microservices/allmicro-20260504T132028Z/phase3/phase3_frontend_100_metrics.csv
phase3,phase3_frontend_100,frontend,browse,hybrid,100,300,completed,200,0,0,29448,261,0.8863,560.00,789.75,3100.00,4000.00,98.4846,shippingservice,hybrid-dynamic,faas,0.0561,,,,,,,,,,,,,,prometheus:kubernetes|bridge|openfaas|controller,missing:mem_pct|request_count|error_count|error_pct|p50_ms|p95_ms|p99_ms|avg_latency_ms,testing/results/all_microservices/allmicro-20260504T132028Z/phase3/phase3_frontend_100_stats.csv,testing/results/all_microservices/allmicro-20260504T132028Z/phase3/phase3_frontend_100_metrics.csv
phase3,phase3_frontend_100,frontend,browse,hybrid,100,300,completed,200,0,0,29448,261,0.8863,560.00,789.75,3100.00,4000.00,98.4846,adservice,hybrid-dynamic,iaas,35.4671,,17639.7692,,2.5000,0.0142,3.29,9.96,77.90,5.27,4.95,,,,prometheus:kubernetes|bridge|openfaas|controller,missing:mem_pct,testing/results/all_microservices/allmicro-20260504T132028Z/phase3/phase3_frontend_100_stats.csv,testing/results/all_microservices/allmicro-20260504T132028Z/phase3/phase3_frontend_100_metrics.csv
phase3,phase3_frontend_100,frontend,browse,hybrid,100,300,completed,200,0,0,29448,261,0.8863,560.00,789.75,3100.00,4000.00,98.4846,recommendationservice,iaas,iaas,7.7132,,,,,,,,,,,,,,prometheus:kubernetes,missing:mem_pct|request_count|error_count|error_pct|p50_ms|p95_ms|p99_ms|avg_latency_ms,testing/results/all_microservices/allmicro-20260504T132028Z/phase3/phase3_frontend_100_stats.csv,testing/results/all_microservices/allmicro-20260504T132028Z/phase3/phase3_frontend_100_metrics.csv
phase3,phase3_frontend_100,frontend,browse,hybrid,100,300,completed,200,0,0,29448,261,0.8863,560.00,789.75,3100.00,4000.00,98.4846,redis-cart,iaas,iaas,3.6946,,,,,,,,,,,,,,prometheus:kubernetes,missing:mem_pct|request_count|error_count|error_pct|p50_ms|p95_ms|p99_ms|avg_latency_ms,testing/results/all_microservices/allmicro-20260504T132028Z/phase3/phase3_frontend_100_stats.csv,testing/results/all_microservices/allmicro-20260504T132028Z/phase3/phase3_frontend_100_metrics.csv
phase3,calibration_productcatalogservice_50,productcatalogservice,browse-product,calibration,50,180,completed,200,0,0,11828,7,0.0592,440.00,532.22,1100.00,1500.00,65.8721,frontend,iaas,iaas,59.5198,,,,,,,,,,,,,,prometheus:kubernetes,missing:mem_pct|request_count|error_count|error_pct|p50_ms|p95_ms|p99_ms|avg_latency_ms,testing/results/all_microservices/allmicro-20260504T132028Z/phase3/calibration_productcatalogservice_50_stats.csv,testing/results/all_microservices/allmicro-20260504T132028Z/phase3/calibration_productcatalogservice_50_metrics.csv
phase3,calibration_productcatalogservice_50,productcatalogservice,browse-product,calibration,50,180,completed,200,0,0,11828,7,0.0592,440.00,532.22,1100.00,1500.00,65.8721,productcatalogservice,iaas,iaas,16.4654,,,,,,,,,,,,,,prometheus:kubernetes,missing:mem_pct|request_count|error_count|error_pct|p50_ms|p95_ms|p99_ms|avg_latency_ms,testing/results/all_microservices/allmicro-20260504T132028Z/phase3/calibration_productcatalogservice_50_stats.csv,testing/results/all_microservices/allmicro-20260504T132028Z/phase3/calibration_productcatalogservice_50_metrics.csv
phase3,calibration_productcatalogservice_50,productcatalogservice,browse-product,calibration,50,180,completed,200,0,0,11828,7,0.0592,440.00,532.22,1100.00,1500.00,65.8721,cartservice,iaas,iaas,2.6639,,,,,,,,,,,,,,prometheus:kubernetes,missing:mem_pct|request_count|error_count|error_pct|p50_ms|p95_ms|p99_ms|avg_latency_ms,testing/results/all_microservices/allmicro-20260504T132028Z/phase3/calibration_productcatalogservice_50_stats.csv,testing/results/all_microservices/allmicro-20260504T132028Z/phase3/calibration_productcatalogservice_50_metrics.csv
phase3,calibration_productcatalogservice_50,productcatalogservice,browse-product,calibration,50,180,completed,200,0,0,11828,7,0.0592,440.00,532.22,1100.00,1500.00,65.8721,checkoutservice,iaas,iaas,0.0005,,,,,,,,,,,,,,prometheus:kubernetes,missing:mem_pct|request_count|error_count|error_pct|p50_ms|p95_ms|p99_ms|avg_latency_ms,testing/results/all_microservices/allmicro-20260504T132028Z/phase3/calibration_productcatalogservice_50_stats.csv,testing/results/all_microservices/allmicro-20260504T132028Z/phase3/calibration_productcatalogservice_50_metrics.csv
phase3,calibration_productcatalogservice_50,productcatalogservice,browse-product,calibration,50,180,completed,200,0,0,11828,7,0.0592,440.00,532.22,1100.00,1500.00,65.8721,currencyservice,hybrid-dynamic,faas,43.2247,,56010.3969,223.1111,,,87.29,472.31,849.87,141.17,4.97,,,,prometheus:kubernetes|bridge|openfaas|controller,missing:mem_pct|error_count|error_pct,testing/results/all_microservices/allmicro-20260504T132028Z/phase3/calibration_productcatalogservice_50_stats.csv,testing/results/all_microservices/allmicro-20260504T132028Z/phase3/calibration_productcatalogservice_50_metrics.csv
phase3,calibration_productcatalogservice_50,productcatalogservice,browse-product,calibration,50,180,completed,200,0,0,11828,7,0.0592,440.00,532.22,1100.00,1500.00,65.8721,emailservice,hybrid-dynamic,faas,0.0629,,,,,,,,,,,,,,prometheus:kubernetes|bridge|openfaas|controller,missing:mem_pct|request_count|error_count|error_pct|p50_ms|p95_ms|p99_ms|avg_latency_ms,testing/results/all_microservices/allmicro-20260504T132028Z/phase3/calibration_productcatalogservice_50_stats.csv,testing/results/all_microservices/allmicro-20260504T132028Z/phase3/calibration_productcatalogservice_50_metrics.csv
phase3,calibration_productcatalogservice_50,productcatalogservice,browse-product,calibration,50,180,completed,200,0,0,11828,7,0.0592,440.00,532.22,1100.00,1500.00,65.8721,paymentservice,iaas,iaas,0.0106,,,,,,,,,,,,,,prometheus:kubernetes,missing:mem_pct|request_count|error_count|error_pct|p50_ms|p95_ms|p99_ms|avg_latency_ms,testing/results/all_microservices/allmicro-20260504T132028Z/phase3/calibration_productcatalogservice_50_stats.csv,testing/results/all_microservices/allmicro-20260504T132028Z/phase3/calibration_productcatalogservice_50_metrics.csv
phase3,calibration_productcatalogservice_50,productcatalogservice,browse-product,calibration,50,180,completed,200,0,0,11828,7,0.0592,440.00,532.22,1100.00,1500.00,65.8721,shippingservice,hybrid-dynamic,faas,0.0532,,,,,,,,,,,,,,prometheus:kubernetes|bridge|openfaas|controller,missing:mem_pct|request_count|error_count|error_pct|p50_ms|p95_ms|p99_ms|avg_latency_ms,testing/results/all_microservices/allmicro-20260504T132028Z/phase3/calibration_productcatalogservice_50_stats.csv,testing/results/all_microservices/allmicro-20260504T132028Z/phase3/calibration_productcatalogservice_50_metrics.csv
phase3,calibration_productcatalogservice_50,productcatalogservice,browse-product,calibration,50,180,completed,200,0,0,11828,7,0.0592,440.00,532.22,1100.00,1500.00,65.8721,adservice,hybrid-dynamic,faas,19.0701,,29568.3358,61.2667,2.5000,0.0085,2.97,9.25,65.03,3.89,4.95,,,,prometheus:kubernetes|bridge|openfaas|controller,missing:mem_pct,testing/results/all_microservices/allmicro-20260504T132028Z/phase3/calibration_productcatalogservice_50_stats.csv,testing/results/all_microservices/allmicro-20260504T132028Z/phase3/calibration_productcatalogservice_50_metrics.csv
phase3,calibration_productcatalogservice_50,productcatalogservice,browse-product,calibration,50,180,completed,200,0,0,11828,7,0.0592,440.00,532.22,1100.00,1500.00,65.8721,recommendationservice,iaas,iaas,16.7238,,,,,,,,,,,,,,prometheus:kubernetes,missing:mem_pct|request_count|error_count|error_pct|p50_ms|p95_ms|p99_ms|avg_latency_ms,testing/results/all_microservices/allmicro-20260504T132028Z/phase3/calibration_productcatalogservice_50_stats.csv,testing/results/all_microservices/allmicro-20260504T132028Z/phase3/calibration_productcatalogservice_50_metrics.csv
phase3,calibration_productcatalogservice_50,productcatalogservice,browse-product,calibration,50,180,completed,200,0,0,11828,7,0.0592,440.00,532.22,1100.00,1500.00,65.8721,redis-cart,iaas,iaas,4.2831,,,,,,,,,,,,,,prometheus:kubernetes,missing:mem_pct|request_count|error_count|error_pct|p50_ms|p95_ms|p99_ms|avg_latency_ms,testing/results/all_microservices/allmicro-20260504T132028Z/phase3/calibration_productcatalogservice_50_stats.csv,testing/results/all_microservices/allmicro-20260504T132028Z/phase3/calibration_productcatalogservice_50_metrics.csv
phase3,calibration_productcatalogservice_100,productcatalogservice,browse-product,calibration,100,180,completed,200,0,0,26064,0,0.0000,440.00,462.99,570.00,1000.00,145.2438,frontend,iaas,iaas,53.9908,,,,,,,,,,,,,,prometheus:kubernetes,missing:mem_pct|request_count|error_count|error_pct|p50_ms|p95_ms|p99_ms|avg_latency_ms,testing/results/all_microservices/allmicro-20260504T132028Z/phase3/calibration_productcatalogservice_100_stats.csv,testing/results/all_microservices/allmicro-20260504T132028Z/phase3/calibration_productcatalogservice_100_metrics.csv
phase3,calibration_productcatalogservice_100,productcatalogservice,browse-product,calibration,100,180,completed,200,0,0,26064,0,0.0000,440.00,462.99,570.00,1000.00,145.2438,productcatalogservice,iaas,iaas,19.0323,,,,,,,,,,,,,,prometheus:kubernetes,missing:mem_pct|request_count|error_count|error_pct|p50_ms|p95_ms|p99_ms|avg_latency_ms,testing/results/all_microservices/allmicro-20260504T132028Z/phase3/calibration_productcatalogservice_100_stats.csv,testing/results/all_microservices/allmicro-20260504T132028Z/phase3/calibration_productcatalogservice_100_metrics.csv
phase3,calibration_productcatalogservice_100,productcatalogservice,browse-product,calibration,100,180,completed,200,0,0,26064,0,0.0000,440.00,462.99,570.00,1000.00,145.2438,cartservice,iaas,iaas,2.7274,,,,,,,,,,,,,,prometheus:kubernetes,missing:mem_pct|request_count|error_count|error_pct|p50_ms|p95_ms|p99_ms|avg_latency_ms,testing/results/all_microservices/allmicro-20260504T132028Z/phase3/calibration_productcatalogservice_100_stats.csv,testing/results/all_microservices/allmicro-20260504T132028Z/phase3/calibration_productcatalogservice_100_metrics.csv
phase3,calibration_productcatalogservice_100,productcatalogservice,browse-product,calibration,100,180,completed,200,0,0,26064,0,0.0000,440.00,462.99,570.00,1000.00,145.2438,checkoutservice,iaas,iaas,0.0005,,,,,,,,,,,,,,prometheus:kubernetes,missing:mem_pct|request_count|error_count|error_pct|p50_ms|p95_ms|p99_ms|avg_latency_ms,testing/results/all_microservices/allmicro-20260504T132028Z/phase3/calibration_productcatalogservice_100_stats.csv,testing/results/all_microservices/allmicro-20260504T132028Z/phase3/calibration_productcatalogservice_100_metrics.csv
phase3,calibration_productcatalogservice_100,productcatalogservice,browse-product,calibration,100,180,completed,200,0,0,26064,0,0.0000,440.00,462.99,570.00,1000.00,145.2438,currencyservice,hybrid-dynamic,iaas,29.4425,,33478.8889,,,,50.19,193.56,239.82,55.12,4.96,,,,prometheus:kubernetes|bridge|openfaas|controller,missing:mem_pct|error_count|error_pct,testing/results/all_microservices/allmicro-20260504T132028Z/phase3/calibration_productcatalogservice_100_stats.csv,testing/results/all_microservices/allmicro-20260504T132028Z/phase3/calibration_productcatalogservice_100_metrics.csv
phase3,calibration_productcatalogservice_100,productcatalogservice,browse-product,calibration,100,180,completed,200,0,0,26064,0,0.0000,440.00,462.99,570.00,1000.00,145.2438,emailservice,hybrid-dynamic,faas,0.0636,,,,,,,,,,,,,,prometheus:kubernetes|bridge|openfaas|controller,missing:mem_pct|request_count|error_count|error_pct|p50_ms|p95_ms|p99_ms|avg_latency_ms,testing/results/all_microservices/allmicro-20260504T132028Z/phase3/calibration_productcatalogservice_100_stats.csv,testing/results/all_microservices/allmicro-20260504T132028Z/phase3/calibration_productcatalogservice_100_metrics.csv
phase3,calibration_productcatalogservice_100,productcatalogservice,browse-product,calibration,100,180,completed,200,0,0,26064,0,0.0000,440.00,462.99,570.00,1000.00,145.2438,paymentservice,iaas,iaas,0.0105,,,,,,,,,,,,,,prometheus:kubernetes,missing:mem_pct|request_count|error_count|error_pct|p50_ms|p95_ms|p99_ms|avg_latency_ms,testing/results/all_microservices/allmicro-20260504T132028Z/phase3/calibration_productcatalogservice_100_stats.csv,testing/results/all_microservices/allmicro-20260504T132028Z/phase3/calibration_productcatalogservice_100_metrics.csv
phase3,calibration_productcatalogservice_100,productcatalogservice,browse-product,calibration,100,180,completed,200,0,0,26064,0,0.0000,440.00,462.99,570.00,1000.00,145.2438,shippingservice,hybrid-dynamic,faas,0.0540,,,,,,,,,,,,,,prometheus:kubernetes|bridge|openfaas|controller,missing:mem_pct|request_count|error_count|error_pct|p50_ms|p95_ms|p99_ms|avg_latency_ms,testing/results/all_microservices/allmicro-20260504T132028Z/phase3/calibration_productcatalogservice_100_stats.csv,testing/results/all_microservices/allmicro-20260504T132028Z/phase3/calibration_productcatalogservice_100_metrics.csv
phase3,calibration_productcatalogservice_100,productcatalogservice,browse-product,calibration,100,180,completed,200,0,0,26064,0,0.0000,440.00,462.99,570.00,1000.00,145.2438,adservice,hybrid-dynamic,iaas,13.1208,,32610.8948,64.7157,25.5556,0.0784,3.22,14.57,81.69,5.38,4.95,,,,prometheus:kubernetes|bridge|openfaas|controller,missing:mem_pct,testing/results/all_microservices/allmicro-20260504T132028Z/phase3/calibration_productcatalogservice_100_stats.csv,testing/results/all_microservices/allmicro-20260504T132028Z/phase3/calibration_productcatalogservice_100_metrics.csv
phase3,calibration_productcatalogservice_100,productcatalogservice,browse-product,calibration,100,180,completed,200,0,0,26064,0,0.0000,440.00,462.99,570.00,1000.00,145.2438,recommendationservice,iaas,iaas,24.8637,,,,,,,,,,,,,,prometheus:kubernetes,missing:mem_pct|request_count|error_count|error_pct|p50_ms|p95_ms|p99_ms|avg_latency_ms,testing/results/all_microservices/allmicro-20260504T132028Z/phase3/calibration_productcatalogservice_100_stats.csv,testing/results/all_microservices/allmicro-20260504T132028Z/phase3/calibration_productcatalogservice_100_metrics.csv
phase3,calibration_productcatalogservice_100,productcatalogservice,browse-product,calibration,100,180,completed,200,0,0,26064,0,0.0000,440.00,462.99,570.00,1000.00,145.2438,redis-cart,iaas,iaas,4.3341,,,,,,,,,,,,,,prometheus:kubernetes,missing:mem_pct|request_count|error_count|error_pct|p50_ms|p95_ms|p99_ms|avg_latency_ms,testing/results/all_microservices/allmicro-20260504T132028Z/phase3/calibration_productcatalogservice_100_stats.csv,testing/results/all_microservices/allmicro-20260504T132028Z/phase3/calibration_productcatalogservice_100_metrics.csv
phase3,calibration_productcatalogservice_500,productcatalogservice,browse-product,calibration,500,180,threshold_exceeded,200,0,0,17422,182,1.0447,2900.00,4681.92,17000.00,25000.00,97.0017,frontend,iaas,iaas,51.6348,,,,,,,,,,,,,,prometheus:kubernetes,missing:mem_pct|request_count|error_count|error_pct|p50_ms|p95_ms|p99_ms|avg_latency_ms,testing/results/all_microservices/allmicro-20260504T132028Z/phase3/calibration_productcatalogservice_500_stats.csv,testing/results/all_microservices/allmicro-20260504T132028Z/phase3/calibration_productcatalogservice_500_metrics.csv
phase3,calibration_productcatalogservice_500,productcatalogservice,browse-product,calibration,500,180,threshold_exceeded,200,0,0,17422,182,1.0447,2900.00,4681.92,17000.00,25000.00,97.0017,productcatalogservice,iaas,iaas,18.8614,,,,,,,,,,,,,,prometheus:kubernetes,missing:mem_pct|request_count|error_count|error_pct|p50_ms|p95_ms|p99_ms|avg_latency_ms,testing/results/all_microservices/allmicro-20260504T132028Z/phase3/calibration_productcatalogservice_500_stats.csv,testing/results/all_microservices/allmicro-20260504T132028Z/phase3/calibration_productcatalogservice_500_metrics.csv
phase3,calibration_productcatalogservice_500,productcatalogservice,browse-product,calibration,500,180,threshold_exceeded,200,0,0,17422,182,1.0447,2900.00,4681.92,17000.00,25000.00,97.0017,cartservice,iaas,iaas,1.7335,,,,,,,,,,,,,,prometheus:kubernetes,missing:mem_pct|request_count|error_count|error_pct|p50_ms|p95_ms|p99_ms|avg_latency_ms,testing/results/all_microservices/allmicro-20260504T132028Z/phase3/calibration_productcatalogservice_500_stats.csv,testing/results/all_microservices/allmicro-20260504T132028Z/phase3/calibration_productcatalogservice_500_metrics.csv
phase3,calibration_productcatalogservice_500,productcatalogservice,browse-product,calibration,500,180,threshold_exceeded,200,0,0,17422,182,1.0447,2900.00,4681.92,17000.00,25000.00,97.0017,checkoutservice,iaas,iaas,0.0005,,,,,,,,,,,,,,prometheus:kubernetes,missing:mem_pct|request_count|error_count|error_pct|p50_ms|p95_ms|p99_ms|avg_latency_ms,testing/results/all_microservices/allmicro-20260504T132028Z/phase3/calibration_productcatalogservice_500_stats.csv,testing/results/all_microservices/allmicro-20260504T132028Z/phase3/calibration_productcatalogservice_500_metrics.csv
phase3,calibration_productcatalogservice_500,productcatalogservice,browse-product,calibration,500,180,threshold_exceeded,200,0,0,17422,182,1.0447,2900.00,4681.92,17000.00,25000.00,97.0017,currencyservice,hybrid-dynamic,faas,32.0323,,35325.4169,238.9556,,,1523.46,4197.18,7390.17,1577.05,4.97,,,,prometheus:kubernetes|bridge|openfaas|controller,missing:mem_pct|error_count|error_pct,testing/results/all_microservices/allmicro-20260504T132028Z/phase3/calibration_productcatalogservice_500_stats.csv,testing/results/all_microservices/allmicro-20260504T132028Z/phase3/calibration_productcatalogservice_500_metrics.csv
phase3,calibration_productcatalogservice_500,productcatalogservice,browse-product,calibration,500,180,threshold_exceeded,200,0,0,17422,182,1.0447,2900.00,4681.92,17000.00,25000.00,97.0017,emailservice,hybrid-dynamic,faas,0.0503,,,,,,,,,,,,,,prometheus:kubernetes|bridge|openfaas|controller,missing:mem_pct|request_count|error_count|error_pct|p50_ms|p95_ms|p99_ms|avg_latency_ms,testing/results/all_microservices/allmicro-20260504T132028Z/phase3/calibration_productcatalogservice_500_stats.csv,testing/results/all_microservices/allmicro-20260504T132028Z/phase3/calibration_productcatalogservice_500_metrics.csv
phase3,calibration_productcatalogservice_500,productcatalogservice,browse-product,calibration,500,180,threshold_exceeded,200,0,0,17422,182,1.0447,2900.00,4681.92,17000.00,25000.00,97.0017,paymentservice,iaas,iaas,0.0106,,,,,,,,,,,,,,prometheus:kubernetes,missing:mem_pct|request_count|error_count|error_pct|p50_ms|p95_ms|p99_ms|avg_latency_ms,testing/results/all_microservices/allmicro-20260504T132028Z/phase3/calibration_productcatalogservice_500_stats.csv,testing/results/all_microservices/allmicro-20260504T132028Z/phase3/calibration_productcatalogservice_500_metrics.csv
phase3,calibration_productcatalogservice_500,productcatalogservice,browse-product,calibration,500,180,threshold_exceeded,200,0,0,17422,182,1.0447,2900.00,4681.92,17000.00,25000.00,97.0017,shippingservice,hybrid-dynamic,faas,0.0509,,,,,,,,,,,,,,prometheus:kubernetes|bridge|openfaas|controller,missing:mem_pct|request_count|error_count|error_pct|p50_ms|p95_ms|p99_ms|avg_latency_ms,testing/results/all_microservices/allmicro-20260504T132028Z/phase3/calibration_productcatalogservice_500_stats.csv,testing/results/all_microservices/allmicro-20260504T132028Z/phase3/calibration_productcatalogservice_500_metrics.csv
phase3,calibration_productcatalogservice_500,productcatalogservice,browse-product,calibration,500,180,threshold_exceeded,200,0,0,17422,182,1.0447,2900.00,4681.92,17000.00,25000.00,97.0017,adservice,hybrid-dynamic,faas,18.3848,,37393.7004,69.4889,2654.1867,7.0980,8.66,98.98,217.56,28.84,4.96,,,,prometheus:kubernetes|bridge|openfaas|controller,missing:mem_pct,testing/results/all_microservices/allmicro-20260504T132028Z/phase3/calibration_productcatalogservice_500_stats.csv,testing/results/all_microservices/allmicro-20260504T132028Z/phase3/calibration_productcatalogservice_500_metrics.csv
phase3,calibration_productcatalogservice_500,productcatalogservice,browse-product,calibration,500,180,threshold_exceeded,200,0,0,17422,182,1.0447,2900.00,4681.92,17000.00,25000.00,97.0017,recommendationservice,iaas,iaas,36.4208,,,,,,,,,,,,,,prometheus:kubernetes,missing:mem_pct|request_count|error_count|error_pct|p50_ms|p95_ms|p99_ms|avg_latency_ms,testing/results/all_microservices/allmicro-20260504T132028Z/phase3/calibration_productcatalogservice_500_stats.csv,testing/results/all_microservices/allmicro-20260504T132028Z/phase3/calibration_productcatalogservice_500_metrics.csv
phase3,calibration_productcatalogservice_500,productcatalogservice,browse-product,calibration,500,180,threshold_exceeded,200,0,0,17422,182,1.0447,2900.00,4681.92,17000.00,25000.00,97.0017,redis-cart,iaas,iaas,3.9782,,,,,,,,,,,,,,prometheus:kubernetes,missing:mem_pct|request_count|error_count|error_pct|p50_ms|p95_ms|p99_ms|avg_latency_ms,testing/results/all_microservices/allmicro-20260504T132028Z/phase3/calibration_productcatalogservice_500_stats.csv,testing/results/all_microservices/allmicro-20260504T132028Z/phase3/calibration_productcatalogservice_500_metrics.csv
phase3,calibration_productcatalogservice_350,productcatalogservice,browse-product,calibration,350,180,threshold_exceeded,200,0,0,15513,939,6.0530,2400.00,3797.16,13000.00,17000.00,86.2936,frontend,iaas,iaas,35.7194,,,,,,,,,,,,,,prometheus:kubernetes,missing:mem_pct|request_count|error_count|error_pct|p50_ms|p95_ms|p99_ms|avg_latency_ms,testing/results/all_microservices/allmicro-20260504T132028Z/phase3/calibration_productcatalogservice_350_stats.csv,testing/results/all_microservices/allmicro-20260504T132028Z/phase3/calibration_productcatalogservice_350_metrics.csv
phase3,calibration_productcatalogservice_350,productcatalogservice,browse-product,calibration,350,180,threshold_exceeded,200,0,0,15513,939,6.0530,2400.00,3797.16,13000.00,17000.00,86.2936,productcatalogservice,iaas,iaas,13.7414,,,,,,,,,,,,,,prometheus:kubernetes,missing:mem_pct|request_count|error_count|error_pct|p50_ms|p95_ms|p99_ms|avg_latency_ms,testing/results/all_microservices/allmicro-20260504T132028Z/phase3/calibration_productcatalogservice_350_stats.csv,testing/results/all_microservices/allmicro-20260504T132028Z/phase3/calibration_productcatalogservice_350_metrics.csv
phase3,calibration_productcatalogservice_350,productcatalogservice,browse-product,calibration,350,180,threshold_exceeded,200,0,0,15513,939,6.0530,2400.00,3797.16,13000.00,17000.00,86.2936,cartservice,iaas,iaas,1.2366,,,,,,,,,,,,,,prometheus:kubernetes,missing:mem_pct|request_count|error_count|error_pct|p50_ms|p95_ms|p99_ms|avg_latency_ms,testing/results/all_microservices/allmicro-20260504T132028Z/phase3/calibration_productcatalogservice_350_stats.csv,testing/results/all_microservices/allmicro-20260504T132028Z/phase3/calibration_productcatalogservice_350_metrics.csv
phase3,calibration_productcatalogservice_350,productcatalogservice,browse-product,calibration,350,180,threshold_exceeded,200,0,0,15513,939,6.0530,2400.00,3797.16,13000.00,17000.00,86.2936,checkoutservice,iaas,iaas,0.0005,,,,,,,,,,,,,,prometheus:kubernetes,missing:mem_pct|request_count|error_count|error_pct|p50_ms|p95_ms|p99_ms|avg_latency_ms,testing/results/all_microservices/allmicro-20260504T132028Z/phase3/calibration_productcatalogservice_350_stats.csv,testing/results/all_microservices/allmicro-20260504T132028Z/phase3/calibration_productcatalogservice_350_metrics.csv
phase3,calibration_productcatalogservice_350,productcatalogservice,browse-product,calibration,350,180,threshold_exceeded,200,0,0,15513,939,6.0530,2400.00,3797.16,13000.00,17000.00,86.2936,currencyservice,hybrid-dynamic,iaas,5.1670,,73673.0667,110.8783,,,1207.45,3473.18,5084.49,1300.32,4.98,,,,prometheus:kubernetes|bridge|openfaas|controller,missing:mem_pct|error_count|error_pct,testing/results/all_microservices/allmicro-20260504T132028Z/phase3/calibration_productcatalogservice_350_stats.csv,testing/results/all_microservices/allmicro-20260504T132028Z/phase3/calibration_productcatalogservice_350_metrics.csv
phase3,calibration_productcatalogservice_350,productcatalogservice,browse-product,calibration,350,180,threshold_exceeded,200,0,0,15513,939,6.0530,2400.00,3797.16,13000.00,17000.00,86.2936,emailservice,hybrid-dynamic,faas,0.0540,,,,,,,,,,,,,,prometheus:kubernetes|bridge|openfaas|controller,missing:mem_pct|request_count|error_count|error_pct|p50_ms|p95_ms|p99_ms|avg_latency_ms,testing/results/all_microservices/allmicro-20260504T132028Z/phase3/calibration_productcatalogservice_350_stats.csv,testing/results/all_microservices/allmicro-20260504T132028Z/phase3/calibration_productcatalogservice_350_metrics.csv
phase3,calibration_productcatalogservice_350,productcatalogservice,browse-product,calibration,350,180,threshold_exceeded,200,0,0,15513,939,6.0530,2400.00,3797.16,13000.00,17000.00,86.2936,paymentservice,iaas,iaas,0.0105,,,,,,,,,,,,,,prometheus:kubernetes,missing:mem_pct|request_count|error_count|error_pct|p50_ms|p95_ms|p99_ms|avg_latency_ms,testing/results/all_microservices/allmicro-20260504T132028Z/phase3/calibration_productcatalogservice_350_stats.csv,testing/results/all_microservices/allmicro-20260504T132028Z/phase3/calibration_productcatalogservice_350_metrics.csv
phase3,calibration_productcatalogservice_350,productcatalogservice,browse-product,calibration,350,180,threshold_exceeded,200,0,0,15513,939,6.0530,2400.00,3797.16,13000.00,17000.00,86.2936,shippingservice,hybrid-dynamic,faas,0.0512,,,,,,,,,,,,,,prometheus:kubernetes|bridge|openfaas|controller,missing:mem_pct|request_count|error_count|error_pct|p50_ms|p95_ms|p99_ms|avg_latency_ms,testing/results/all_microservices/allmicro-20260504T132028Z/phase3/calibration_productcatalogservice_350_stats.csv,testing/results/all_microservices/allmicro-20260504T132028Z/phase3/calibration_productcatalogservice_350_metrics.csv
phase3,calibration_productcatalogservice_350,productcatalogservice,browse-product,calibration,350,180,threshold_exceeded,200,0,0,15513,939,6.0530,2400.00,3797.16,13000.00,17000.00,86.2936,adservice,hybrid-dynamic,faas,12.0847,,23228.8134,110.6667,697.9627,3.0047,3.96,82.06,169.94,13.90,4.95,,,,prometheus:kubernetes|bridge|openfaas|controller,missing:mem_pct,testing/results/all_microservices/allmicro-20260504T132028Z/phase3/calibration_productcatalogservice_350_stats.csv,testing/results/all_microservices/allmicro-20260504T132028Z/phase3/calibration_productcatalogservice_350_metrics.csv
phase3,calibration_productcatalogservice_350,productcatalogservice,browse-product,calibration,350,180,threshold_exceeded,200,0,0,15513,939,6.0530,2400.00,3797.16,13000.00,17000.00,86.2936,recommendationservice,iaas,iaas,20.5545,,,,,,,,,,,,,,prometheus:kubernetes,missing:mem_pct|request_count|error_count|error_pct|p50_ms|p95_ms|p99_ms|avg_latency_ms,testing/results/all_microservices/allmicro-20260504T132028Z/phase3/calibration_productcatalogservice_350_stats.csv,testing/results/all_microservices/allmicro-20260504T132028Z/phase3/calibration_productcatalogservice_350_metrics.csv
phase3,calibration_productcatalogservice_350,productcatalogservice,browse-product,calibration,350,180,threshold_exceeded,200,0,0,15513,939,6.0530,2400.00,3797.16,13000.00,17000.00,86.2936,redis-cart,iaas,iaas,3.7005,,,,,,,,,,,,,,prometheus:kubernetes,missing:mem_pct|request_count|error_count|error_pct|p50_ms|p95_ms|p99_ms|avg_latency_ms,testing/results/all_microservices/allmicro-20260504T132028Z/phase3/calibration_productcatalogservice_350_stats.csv,testing/results/all_microservices/allmicro-20260504T132028Z/phase3/calibration_productcatalogservice_350_metrics.csv
phase3,calibration_productcatalogservice_200,productcatalogservice,browse-product,calibration,200,180,completed,200,0,0,16087,515,3.2013,1300.00,2001.15,6500.00,9500.00,89.4251,frontend,iaas,iaas,34.3524,,,,,,,,,,,,,,prometheus:kubernetes,missing:mem_pct|request_count|error_count|error_pct|p50_ms|p95_ms|p99_ms|avg_latency_ms,testing/results/all_microservices/allmicro-20260504T132028Z/phase3/calibration_productcatalogservice_200_stats.csv,testing/results/all_microservices/allmicro-20260504T132028Z/phase3/calibration_productcatalogservice_200_metrics.csv
phase3,calibration_productcatalogservice_200,productcatalogservice,browse-product,calibration,200,180,completed,200,0,0,16087,515,3.2013,1300.00,2001.15,6500.00,9500.00,89.4251,productcatalogservice,iaas,iaas,12.8571,,,,,,,,,,,,,,prometheus:kubernetes,missing:mem_pct|request_count|error_count|error_pct|p50_ms|p95_ms|p99_ms|avg_latency_ms,testing/results/all_microservices/allmicro-20260504T132028Z/phase3/calibration_productcatalogservice_200_stats.csv,testing/results/all_microservices/allmicro-20260504T132028Z/phase3/calibration_productcatalogservice_200_metrics.csv
phase3,calibration_productcatalogservice_200,productcatalogservice,browse-product,calibration,200,180,completed,200,0,0,16087,515,3.2013,1300.00,2001.15,6500.00,9500.00,89.4251,cartservice,iaas,iaas,1.1826,,,,,,,,,,,,,,prometheus:kubernetes,missing:mem_pct|request_count|error_count|error_pct|p50_ms|p95_ms|p99_ms|avg_latency_ms,testing/results/all_microservices/allmicro-20260504T132028Z/phase3/calibration_productcatalogservice_200_stats.csv,testing/results/all_microservices/allmicro-20260504T132028Z/phase3/calibration_productcatalogservice_200_metrics.csv
phase3,calibration_productcatalogservice_200,productcatalogservice,browse-product,calibration,200,180,completed,200,0,0,16087,515,3.2013,1300.00,2001.15,6500.00,9500.00,89.4251,checkoutservice,iaas,iaas,0.0005,,,,,,,,,,,,,,prometheus:kubernetes,missing:mem_pct|request_count|error_count|error_pct|p50_ms|p95_ms|p99_ms|avg_latency_ms,testing/results/all_microservices/allmicro-20260504T132028Z/phase3/calibration_productcatalogservice_200_stats.csv,testing/results/all_microservices/allmicro-20260504T132028Z/phase3/calibration_productcatalogservice_200_metrics.csv
phase3,calibration_productcatalogservice_200,productcatalogservice,browse-product,calibration,200,180,completed,200,0,0,16087,515,3.2013,1300.00,2001.15,6500.00,9500.00,89.4251,currencyservice,hybrid-dynamic,iaas,6.7065,,74470.8333,75.8991,,,656.34,2282.28,3436.58,760.03,4.98,,,,prometheus:kubernetes|bridge|openfaas|controller,missing:mem_pct|error_count|error_pct,testing/results/all_microservices/allmicro-20260504T132028Z/phase3/calibration_productcatalogservice_200_stats.csv,testing/results/all_microservices/allmicro-20260504T132028Z/phase3/calibration_productcatalogservice_200_metrics.csv
phase3,calibration_productcatalogservice_200,productcatalogservice,browse-product,calibration,200,180,completed,200,0,0,16087,515,3.2013,1300.00,2001.15,6500.00,9500.00,89.4251,emailservice,hybrid-dynamic,faas,0.0555,,,,,,,,,,,,,,prometheus:kubernetes|bridge|openfaas|controller,missing:mem_pct|request_count|error_count|error_pct|p50_ms|p95_ms|p99_ms|avg_latency_ms,testing/results/all_microservices/allmicro-20260504T132028Z/phase3/calibration_productcatalogservice_200_stats.csv,testing/results/all_microservices/allmicro-20260504T132028Z/phase3/calibration_productcatalogservice_200_metrics.csv
phase3,calibration_productcatalogservice_200,productcatalogservice,browse-product,calibration,200,180,completed,200,0,0,16087,515,3.2013,1300.00,2001.15,6500.00,9500.00,89.4251,paymentservice,iaas,iaas,0.0097,,,,,,,,,,,,,,prometheus:kubernetes,missing:mem_pct|request_count|error_count|error_pct|p50_ms|p95_ms|p99_ms|avg_latency_ms,testing/results/all_microservices/allmicro-20260504T132028Z/phase3/calibration_productcatalogservice_200_stats.csv,testing/results/all_microservices/allmicro-20260504T132028Z/phase3/calibration_productcatalogservice_200_metrics.csv
phase3,calibration_productcatalogservice_200,productcatalogservice,browse-product,calibration,200,180,completed,200,0,0,16087,515,3.2013,1300.00,2001.15,6500.00,9500.00,89.4251,shippingservice,hybrid-dynamic,faas,0.0551,,,,,,,,,,,,,,prometheus:kubernetes|bridge|openfaas|controller,missing:mem_pct|request_count|error_count|error_pct|p50_ms|p95_ms|p99_ms|avg_latency_ms,testing/results/all_microservices/allmicro-20260504T132028Z/phase3/calibration_productcatalogservice_200_stats.csv,testing/results/all_microservices/allmicro-20260504T132028Z/phase3/calibration_productcatalogservice_200_metrics.csv
phase3,calibration_productcatalogservice_200,productcatalogservice,browse-product,calibration,200,180,completed,200,0,0,16087,515,3.2013,1300.00,2001.15,6500.00,9500.00,89.4251,adservice,hybrid-dynamic,faas,13.6222,,28677.9487,102.8667,844.1026,2.9434,4.00,83.35,179.69,14.56,4.95,,,,prometheus:kubernetes|bridge|openfaas|controller,missing:mem_pct,testing/results/all_microservices/allmicro-20260504T132028Z/phase3/calibration_productcatalogservice_200_stats.csv,testing/results/all_microservices/allmicro-20260504T132028Z/phase3/calibration_productcatalogservice_200_metrics.csv
phase3,calibration_productcatalogservice_200,productcatalogservice,browse-product,calibration,200,180,completed,200,0,0,16087,515,3.2013,1300.00,2001.15,6500.00,9500.00,89.4251,recommendationservice,iaas,iaas,17.6071,,,,,,,,,,,,,,prometheus:kubernetes,missing:mem_pct|request_count|error_count|error_pct|p50_ms|p95_ms|p99_ms|avg_latency_ms,testing/results/all_microservices/allmicro-20260504T132028Z/phase3/calibration_productcatalogservice_200_stats.csv,testing/results/all_microservices/allmicro-20260504T132028Z/phase3/calibration_productcatalogservice_200_metrics.csv
phase3,calibration_productcatalogservice_200,productcatalogservice,browse-product,calibration,200,180,completed,200,0,0,16087,515,3.2013,1300.00,2001.15,6500.00,9500.00,89.4251,redis-cart,iaas,iaas,3.6691,,,,,,,,,,,,,,prometheus:kubernetes,missing:mem_pct|request_count|error_count|error_pct|p50_ms|p95_ms|p99_ms|avg_latency_ms,testing/results/all_microservices/allmicro-20260504T132028Z/phase3/calibration_productcatalogservice_200_stats.csv,testing/results/all_microservices/allmicro-20260504T132028Z/phase3/calibration_productcatalogservice_200_metrics.csv
phase1,phase1_productcatalogservice_200,productcatalogservice,browse-product,iaas-only,200,300,completed,200,0,0,56997,0,0.0000,790.00,823.60,1200.00,1500.00,190.2231,frontend,iaas,iaas,42.9715,,,,,,,,,,,,,,prometheus:kubernetes,missing:mem_pct|request_count|error_count|error_pct|p50_ms|p95_ms|p99_ms|avg_latency_ms,testing/results/all_microservices/allmicro-20260504T132028Z/phase1/phase1_productcatalogservice_200_stats.csv,testing/results/all_microservices/allmicro-20260504T132028Z/phase1/phase1_productcatalogservice_200_metrics.csv
phase1,phase1_productcatalogservice_200,productcatalogservice,browse-product,iaas-only,200,300,completed,200,0,0,56997,0,0.0000,790.00,823.60,1200.00,1500.00,190.2231,productcatalogservice,iaas,iaas,16.3760,,,,,,,,,,,,,,prometheus:kubernetes,missing:mem_pct|request_count|error_count|error_pct|p50_ms|p95_ms|p99_ms|avg_latency_ms,testing/results/all_microservices/allmicro-20260504T132028Z/phase1/phase1_productcatalogservice_200_stats.csv,testing/results/all_microservices/allmicro-20260504T132028Z/phase1/phase1_productcatalogservice_200_metrics.csv
phase1,phase1_productcatalogservice_200,productcatalogservice,browse-product,iaas-only,200,300,completed,200,0,0,56997,0,0.0000,790.00,823.60,1200.00,1500.00,190.2231,cartservice,iaas,iaas,1.8433,,,,,,,,,,,,,,prometheus:kubernetes,missing:mem_pct|request_count|error_count|error_pct|p50_ms|p95_ms|p99_ms|avg_latency_ms,testing/results/all_microservices/allmicro-20260504T132028Z/phase1/phase1_productcatalogservice_200_stats.csv,testing/results/all_microservices/allmicro-20260504T132028Z/phase1/phase1_productcatalogservice_200_metrics.csv
phase1,phase1_productcatalogservice_200,productcatalogservice,browse-product,iaas-only,200,300,completed,200,0,0,56997,0,0.0000,790.00,823.60,1200.00,1500.00,190.2231,checkoutservice,iaas,iaas,0.0005,,,,,,,,,,,,,,prometheus:kubernetes,missing:mem_pct|request_count|error_count|error_pct|p50_ms|p95_ms|p99_ms|avg_latency_ms,testing/results/all_microservices/allmicro-20260504T132028Z/phase1/phase1_productcatalogservice_200_stats.csv,testing/results/all_microservices/allmicro-20260504T132028Z/phase1/phase1_productcatalogservice_200_metrics.csv
phase1,phase1_productcatalogservice_200,productcatalogservice,browse-product,iaas-only,200,300,completed,200,0,0,56997,0,0.0000,790.00,823.60,1200.00,1500.00,190.2231,currencyservice,iaas,iaas,22.8355,,,,,,,,,,,,,,prometheus:kubernetes,missing:mem_pct|request_count|error_count|error_pct|p50_ms|p95_ms|p99_ms|avg_latency_ms,testing/results/all_microservices/allmicro-20260504T132028Z/phase1/phase1_productcatalogservice_200_stats.csv,testing/results/all_microservices/allmicro-20260504T132028Z/phase1/phase1_productcatalogservice_200_metrics.csv
phase1,phase1_productcatalogservice_200,productcatalogservice,browse-product,iaas-only,200,300,completed,200,0,0,56997,0,0.0000,790.00,823.60,1200.00,1500.00,190.2231,emailservice,iaas,iaas,0.4647,,,,,,,,,,,,,,prometheus:kubernetes,missing:mem_pct|request_count|error_count|error_pct|p50_ms|p95_ms|p99_ms|avg_latency_ms,testing/results/all_microservices/allmicro-20260504T132028Z/phase1/phase1_productcatalogservice_200_stats.csv,testing/results/all_microservices/allmicro-20260504T132028Z/phase1/phase1_productcatalogservice_200_metrics.csv
phase1,phase1_productcatalogservice_200,productcatalogservice,browse-product,iaas-only,200,300,completed,200,0,0,56997,0,0.0000,790.00,823.60,1200.00,1500.00,190.2231,paymentservice,iaas,iaas,0.0116,,,,,,,,,,,,,,prometheus:kubernetes,missing:mem_pct|request_count|error_count|error_pct|p50_ms|p95_ms|p99_ms|avg_latency_ms,testing/results/all_microservices/allmicro-20260504T132028Z/phase1/phase1_productcatalogservice_200_stats.csv,testing/results/all_microservices/allmicro-20260504T132028Z/phase1/phase1_productcatalogservice_200_metrics.csv
phase1,phase1_productcatalogservice_200,productcatalogservice,browse-product,iaas-only,200,300,completed,200,0,0,56997,0,0.0000,790.00,823.60,1200.00,1500.00,190.2231,shippingservice,iaas,iaas,0.0005,,,,,,,,,,,,,,prometheus:kubernetes,missing:mem_pct|request_count|error_count|error_pct|p50_ms|p95_ms|p99_ms|avg_latency_ms,testing/results/all_microservices/allmicro-20260504T132028Z/phase1/phase1_productcatalogservice_200_stats.csv,testing/results/all_microservices/allmicro-20260504T132028Z/phase1/phase1_productcatalogservice_200_metrics.csv
phase1,phase1_productcatalogservice_200,productcatalogservice,browse-product,iaas-only,200,300,completed,200,0,0,56997,0,0.0000,790.00,823.60,1200.00,1500.00,190.2231,adservice,iaas,iaas,4.9794,,,,,,,,,,,,,,prometheus:kubernetes,missing:mem_pct|request_count|error_count|error_pct|p50_ms|p95_ms|p99_ms|avg_latency_ms,testing/results/all_microservices/allmicro-20260504T132028Z/phase1/phase1_productcatalogservice_200_stats.csv,testing/results/all_microservices/allmicro-20260504T132028Z/phase1/phase1_productcatalogservice_200_metrics.csv
phase1,phase1_productcatalogservice_200,productcatalogservice,browse-product,iaas-only,200,300,completed,200,0,0,56997,0,0.0000,790.00,823.60,1200.00,1500.00,190.2231,recommendationservice,iaas,iaas,33.8156,,,,,,,,,,,,,,prometheus:kubernetes,missing:mem_pct|request_count|error_count|error_pct|p50_ms|p95_ms|p99_ms|avg_latency_ms,testing/results/all_microservices/allmicro-20260504T132028Z/phase1/phase1_productcatalogservice_200_stats.csv,testing/results/all_microservices/allmicro-20260504T132028Z/phase1/phase1_productcatalogservice_200_metrics.csv
phase1,phase1_productcatalogservice_200,productcatalogservice,browse-product,iaas-only,200,300,completed,200,0,0,56997,0,0.0000,790.00,823.60,1200.00,1500.00,190.2231,redis-cart,iaas,iaas,4.0193,,,,,,,,,,,,,,prometheus:kubernetes,missing:mem_pct|request_count|error_count|error_pct|p50_ms|p95_ms|p99_ms|avg_latency_ms,testing/results/all_microservices/allmicro-20260504T132028Z/phase1/phase1_productcatalogservice_200_stats.csv,testing/results/all_microservices/allmicro-20260504T132028Z/phase1/phase1_productcatalogservice_200_metrics.csv
phase3,phase3_productcatalogservice_200,productcatalogservice,browse-product,hybrid,200,300,completed,200,0,0,44984,507,1.1271,840.00,1101.85,2100.00,6200.00,150.2882,frontend,iaas,iaas,38.9846,,,,,,,,,,,,,,prometheus:kubernetes,missing:mem_pct|request_count|error_count|error_pct|p50_ms|p95_ms|p99_ms|avg_latency_ms,testing/results/all_microservices/allmicro-20260504T132028Z/phase3/phase3_productcatalogservice_200_stats.csv,testing/results/all_microservices/allmicro-20260504T132028Z/phase3/phase3_productcatalogservice_200_metrics.csv
phase3,phase3_productcatalogservice_200,productcatalogservice,browse-product,hybrid,200,300,completed,200,0,0,44984,507,1.1271,840.00,1101.85,2100.00,6200.00,150.2882,productcatalogservice,iaas,iaas,14.7396,,,,,,,,,,,,,,prometheus:kubernetes,missing:mem_pct|request_count|error_count|error_pct|p50_ms|p95_ms|p99_ms|avg_latency_ms,testing/results/all_microservices/allmicro-20260504T132028Z/phase3/phase3_productcatalogservice_200_stats.csv,testing/results/all_microservices/allmicro-20260504T132028Z/phase3/phase3_productcatalogservice_200_metrics.csv
phase3,phase3_productcatalogservice_200,productcatalogservice,browse-product,hybrid,200,300,completed,200,0,0,44984,507,1.1271,840.00,1101.85,2100.00,6200.00,150.2882,cartservice,iaas,iaas,1.4437,,,,,,,,,,,,,,prometheus:kubernetes,missing:mem_pct|request_count|error_count|error_pct|p50_ms|p95_ms|p99_ms|avg_latency_ms,testing/results/all_microservices/allmicro-20260504T132028Z/phase3/phase3_productcatalogservice_200_stats.csv,testing/results/all_microservices/allmicro-20260504T132028Z/phase3/phase3_productcatalogservice_200_metrics.csv
phase3,phase3_productcatalogservice_200,productcatalogservice,browse-product,hybrid,200,300,completed,200,0,0,44984,507,1.1271,840.00,1101.85,2100.00,6200.00,150.2882,checkoutservice,iaas,iaas,0.0005,,,,,,,,,,,,,,prometheus:kubernetes,missing:mem_pct|request_count|error_count|error_pct|p50_ms|p95_ms|p99_ms|avg_latency_ms,testing/results/all_microservices/allmicro-20260504T132028Z/phase3/phase3_productcatalogservice_200_stats.csv,testing/results/all_microservices/allmicro-20260504T132028Z/phase3/phase3_productcatalogservice_200_metrics.csv
phase3,phase3_productcatalogservice_200,productcatalogservice,browse-product,hybrid,200,300,completed,200,0,0,44984,507,1.1271,840.00,1101.85,2100.00,6200.00,150.2882,currencyservice,hybrid-dynamic,iaas,48.4670,,22774.1000,,,,429.01,1080.53,2258.20,479.70,4.98,,,,prometheus:kubernetes|bridge|openfaas|controller,missing:mem_pct|error_count|error_pct,testing/results/all_microservices/allmicro-20260504T132028Z/phase3/phase3_productcatalogservice_200_stats.csv,testing/results/all_microservices/allmicro-20260504T132028Z/phase3/phase3_productcatalogservice_200_metrics.csv
phase3,phase3_productcatalogservice_200,productcatalogservice,browse-product,hybrid,200,300,completed,200,0,0,44984,507,1.1271,840.00,1101.85,2100.00,6200.00,150.2882,emailservice,hybrid-dynamic,faas,0.0669,,,,,,,,,,,,,,prometheus:kubernetes|bridge|openfaas|controller,missing:mem_pct|request_count|error_count|error_pct|p50_ms|p95_ms|p99_ms|avg_latency_ms,testing/results/all_microservices/allmicro-20260504T132028Z/phase3/phase3_productcatalogservice_200_stats.csv,testing/results/all_microservices/allmicro-20260504T132028Z/phase3/phase3_productcatalogservice_200_metrics.csv
phase3,phase3_productcatalogservice_200,productcatalogservice,browse-product,hybrid,200,300,completed,200,0,0,44984,507,1.1271,840.00,1101.85,2100.00,6200.00,150.2882,paymentservice,iaas,iaas,0.0107,,,,,,,,,,,,,,prometheus:kubernetes,missing:mem_pct|request_count|error_count|error_pct|p50_ms|p95_ms|p99_ms|avg_latency_ms,testing/results/all_microservices/allmicro-20260504T132028Z/phase3/phase3_productcatalogservice_200_stats.csv,testing/results/all_microservices/allmicro-20260504T132028Z/phase3/phase3_productcatalogservice_200_metrics.csv
phase3,phase3_productcatalogservice_200,productcatalogservice,browse-product,hybrid,200,300,completed,200,0,0,44984,507,1.1271,840.00,1101.85,2100.00,6200.00,150.2882,shippingservice,hybrid-dynamic,faas,0.0577,,,,,,,,,,,,,,prometheus:kubernetes|bridge|openfaas|controller,missing:mem_pct|request_count|error_count|error_pct|p50_ms|p95_ms|p99_ms|avg_latency_ms,testing/results/all_microservices/allmicro-20260504T132028Z/phase3/phase3_productcatalogservice_200_stats.csv,testing/results/all_microservices/allmicro-20260504T132028Z/phase3/phase3_productcatalogservice_200_metrics.csv
phase3,phase3_productcatalogservice_200,productcatalogservice,browse-product,hybrid,200,300,completed,200,0,0,44984,507,1.1271,840.00,1101.85,2100.00,6200.00,150.2882,adservice,hybrid-dynamic,iaas,34.4133,,23112.8606,,324.3123,1.4032,5.81,85.97,99.76,18.32,4.95,,,,prometheus:kubernetes|bridge|openfaas|controller,missing:mem_pct,testing/results/all_microservices/allmicro-20260504T132028Z/phase3/phase3_productcatalogservice_200_stats.csv,testing/results/all_microservices/allmicro-20260504T132028Z/phase3/phase3_productcatalogservice_200_metrics.csv
phase3,phase3_productcatalogservice_200,productcatalogservice,browse-product,hybrid,200,300,completed,200,0,0,44984,507,1.1271,840.00,1101.85,2100.00,6200.00,150.2882,recommendationservice,iaas,iaas,27.0893,,,,,,,,,,,,,,prometheus:kubernetes,missing:mem_pct|request_count|error_count|error_pct|p50_ms|p95_ms|p99_ms|avg_latency_ms,testing/results/all_microservices/allmicro-20260504T132028Z/phase3/phase3_productcatalogservice_200_stats.csv,testing/results/all_microservices/allmicro-20260504T132028Z/phase3/phase3_productcatalogservice_200_metrics.csv
phase3,phase3_productcatalogservice_200,productcatalogservice,browse-product,hybrid,200,300,completed,200,0,0,44984,507,1.1271,840.00,1101.85,2100.00,6200.00,150.2882,redis-cart,iaas,iaas,3.8535,,,,,,,,,,,,,,prometheus:kubernetes,missing:mem_pct|request_count|error_count|error_pct|p50_ms|p95_ms|p99_ms|avg_latency_ms,testing/results/all_microservices/allmicro-20260504T132028Z/phase3/phase3_productcatalogservice_200_stats.csv,testing/results/all_microservices/allmicro-20260504T132028Z/phase3/phase3_productcatalogservice_200_metrics.csv
phase3,calibration_cartservice_50,cartservice,cart,calibration,50,180,completed,200,0,0,7099,107,1.5073,760.00,1120.47,2200.00,2400.00,39.6545,frontend,iaas,iaas,58.6979,,,,,,,,,,,,,,prometheus:kubernetes,missing:mem_pct|request_count|error_count|error_pct|p50_ms|p95_ms|p99_ms|avg_latency_ms,testing/results/all_microservices/allmicro-20260504T132028Z/phase3/calibration_cartservice_50_stats.csv,testing/results/all_microservices/allmicro-20260504T132028Z/phase3/calibration_cartservice_50_metrics.csv
phase3,calibration_cartservice_50,cartservice,cart,calibration,50,180,completed,200,0,0,7099,107,1.5073,760.00,1120.47,2200.00,2400.00,39.6545,productcatalogservice,iaas,iaas,21.8213,,,,,,,,,,,,,,prometheus:kubernetes,missing:mem_pct|request_count|error_count|error_pct|p50_ms|p95_ms|p99_ms|avg_latency_ms,testing/results/all_microservices/allmicro-20260504T132028Z/phase3/calibration_cartservice_50_stats.csv,testing/results/all_microservices/allmicro-20260504T132028Z/phase3/calibration_cartservice_50_metrics.csv
phase3,calibration_cartservice_50,cartservice,cart,calibration,50,180,completed,200,0,0,7099,107,1.5073,760.00,1120.47,2200.00,2400.00,39.6545,cartservice,iaas,iaas,2.6217,,,,,,,,,,,,,,prometheus:kubernetes,missing:mem_pct|request_count|error_count|error_pct|p50_ms|p95_ms|p99_ms|avg_latency_ms,testing/results/all_microservices/allmicro-20260504T132028Z/phase3/calibration_cartservice_50_stats.csv,testing/results/all_microservices/allmicro-20260504T132028Z/phase3/calibration_cartservice_50_metrics.csv
phase3,calibration_cartservice_50,cartservice,cart,calibration,50,180,completed,200,0,0,7099,107,1.5073,760.00,1120.47,2200.00,2400.00,39.6545,checkoutservice,iaas,iaas,0.0006,,,,,,,,,,,,,,prometheus:kubernetes,missing:mem_pct|request_count|error_count|error_pct|p50_ms|p95_ms|p99_ms|avg_latency_ms,testing/results/all_microservices/allmicro-20260504T132028Z/phase3/calibration_cartservice_50_stats.csv,testing/results/all_microservices/allmicro-20260504T132028Z/phase3/calibration_cartservice_50_metrics.csv
phase3,calibration_cartservice_50,cartservice,cart,calibration,50,180,completed,200,0,0,7099,107,1.5073,760.00,1120.47,2200.00,2400.00,39.6545,currencyservice,hybrid-dynamic,iaas,31.2770,,56798.0426,194.8345,,,116.02,874.36,1745.68,227.30,4.97,,,,prometheus:kubernetes|bridge|openfaas|controller,missing:mem_pct|error_count|error_pct,testing/results/all_microservices/allmicro-20260504T132028Z/phase3/calibration_cartservice_50_stats.csv,testing/results/all_microservices/allmicro-20260504T132028Z/phase3/calibration_cartservice_50_metrics.csv
phase3,calibration_cartservice_50,cartservice,cart,calibration,50,180,completed,200,0,0,7099,107,1.5073,760.00,1120.47,2200.00,2400.00,39.6545,emailservice,hybrid-dynamic,faas,0.0659,,,,,,,,,,,,,,prometheus:kubernetes|bridge|openfaas|controller,missing:mem_pct|request_count|error_count|error_pct|p50_ms|p95_ms|p99_ms|avg_latency_ms,testing/results/all_microservices/allmicro-20260504T132028Z/phase3/calibration_cartservice_50_stats.csv,testing/results/all_microservices/allmicro-20260504T132028Z/phase3/calibration_cartservice_50_metrics.csv
phase3,calibration_cartservice_50,cartservice,cart,calibration,50,180,completed,200,0,0,7099,107,1.5073,760.00,1120.47,2200.00,2400.00,39.6545,paymentservice,iaas,iaas,0.0106,,,,,,,,,,,,,,prometheus:kubernetes,missing:mem_pct|request_count|error_count|error_pct|p50_ms|p95_ms|p99_ms|avg_latency_ms,testing/results/all_microservices/allmicro-20260504T132028Z/phase3/calibration_cartservice_50_stats.csv,testing/results/all_microservices/allmicro-20260504T132028Z/phase3/calibration_cartservice_50_metrics.csv
phase3,calibration_cartservice_50,cartservice,cart,calibration,50,180,completed,200,0,0,7099,107,1.5073,760.00,1120.47,2200.00,2400.00,39.6545,shippingservice,hybrid-dynamic,faas,4.5025,,4304.9303,20.3556,,,3.30,9.45,20.38,4.25,4.95,,,,prometheus:kubernetes|bridge|openfaas|controller,missing:mem_pct|error_count|error_pct,testing/results/all_microservices/allmicro-20260504T132028Z/phase3/calibration_cartservice_50_stats.csv,testing/results/all_microservices/allmicro-20260504T132028Z/phase3/calibration_cartservice_50_metrics.csv
phase3,calibration_cartservice_50,cartservice,cart,calibration,50,180,completed,200,0,0,7099,107,1.5073,760.00,1120.47,2200.00,2400.00,39.6545,adservice,hybrid-dynamic,faas,14.5487,,27176.6769,13.4222,357.5631,1.3157,5.01,84.56,99.52,17.04,4.95,,,,prometheus:kubernetes|bridge|openfaas|controller,missing:mem_pct,testing/results/all_microservices/allmicro-20260504T132028Z/phase3/calibration_cartservice_50_stats.csv,testing/results/all_microservices/allmicro-20260504T132028Z/phase3/calibration_cartservice_50_metrics.csv
phase3,calibration_cartservice_50,cartservice,cart,calibration,50,180,completed,200,0,0,7099,107,1.5073,760.00,1120.47,2200.00,2400.00,39.6545,recommendationservice,iaas,iaas,36.2904,,,,,,,,,,,,,,prometheus:kubernetes,missing:mem_pct|request_count|error_count|error_pct|p50_ms|p95_ms|p99_ms|avg_latency_ms,testing/results/all_microservices/allmicro-20260504T132028Z/phase3/calibration_cartservice_50_stats.csv,testing/results/all_microservices/allmicro-20260504T132028Z/phase3/calibration_cartservice_50_metrics.csv
phase3,calibration_cartservice_50,cartservice,cart,calibration,50,180,completed,200,0,0,7099,107,1.5073,760.00,1120.47,2200.00,2400.00,39.6545,redis-cart,iaas,iaas,4.4929,,,,,,,,,,,,,,prometheus:kubernetes,missing:mem_pct|request_count|error_count|error_pct|p50_ms|p95_ms|p99_ms|avg_latency_ms,testing/results/all_microservices/allmicro-20260504T132028Z/phase3/calibration_cartservice_50_stats.csv,testing/results/all_microservices/allmicro-20260504T132028Z/phase3/calibration_cartservice_50_metrics.csv
phase3,calibration_cartservice_100,cartservice,cart,calibration,100,180,completed,200,0,0,17513,3,0.0171,920.00,883.15,1500.00,2000.00,97.3968,frontend,iaas,iaas,47.2978,,,,,,,,,,,,,,prometheus:kubernetes,missing:mem_pct|request_count|error_count|error_pct|p50_ms|p95_ms|p99_ms|avg_latency_ms,testing/results/all_microservices/allmicro-20260504T132028Z/phase3/calibration_cartservice_100_stats.csv,testing/results/all_microservices/allmicro-20260504T132028Z/phase3/calibration_cartservice_100_metrics.csv
phase3,calibration_cartservice_100,cartservice,cart,calibration,100,180,completed,200,0,0,17513,3,0.0171,920.00,883.15,1500.00,2000.00,97.3968,productcatalogservice,iaas,iaas,17.7573,,,,,,,,,,,,,,prometheus:kubernetes,missing:mem_pct|request_count|error_count|error_pct|p50_ms|p95_ms|p99_ms|avg_latency_ms,testing/results/all_microservices/allmicro-20260504T132028Z/phase3/calibration_cartservice_100_stats.csv,testing/results/all_microservices/allmicro-20260504T132028Z/phase3/calibration_cartservice_100_metrics.csv
phase3,calibration_cartservice_100,cartservice,cart,calibration,100,180,completed,200,0,0,17513,3,0.0171,920.00,883.15,1500.00,2000.00,97.3968,cartservice,iaas,iaas,2.7532,,,,,,,,,,,,,,prometheus:kubernetes,missing:mem_pct|request_count|error_count|error_pct|p50_ms|p95_ms|p99_ms|avg_latency_ms,testing/results/all_microservices/allmicro-20260504T132028Z/phase3/calibration_cartservice_100_stats.csv,testing/results/all_microservices/allmicro-20260504T132028Z/phase3/calibration_cartservice_100_metrics.csv
phase3,calibration_cartservice_100,cartservice,cart,calibration,100,180,completed,200,0,0,17513,3,0.0171,920.00,883.15,1500.00,2000.00,97.3968,checkoutservice,iaas,iaas,0.0007,,,,,,,,,,,,,,prometheus:kubernetes,missing:mem_pct|request_count|error_count|error_pct|p50_ms|p95_ms|p99_ms|avg_latency_ms,testing/results/all_microservices/allmicro-20260504T132028Z/phase3/calibration_cartservice_100_stats.csv,testing/results/all_microservices/allmicro-20260504T132028Z/phase3/calibration_cartservice_100_metrics.csv
phase3,calibration_cartservice_100,cartservice,cart,calibration,100,180,completed,200,0,0,17513,3,0.0171,920.00,883.15,1500.00,2000.00,97.3968,currencyservice,hybrid-dynamic,iaas,28.1231,,35575.1667,,,,69.67,226.47,263.75,77.77,4.96,,,,prometheus:kubernetes|bridge|openfaas|controller,missing:mem_pct|error_count|error_pct,testing/results/all_microservices/allmicro-20260504T132028Z/phase3/calibration_cartservice_100_stats.csv,testing/results/all_microservices/allmicro-20260504T132028Z/phase3/calibration_cartservice_100_metrics.csv
phase3,calibration_cartservice_100,cartservice,cart,calibration,100,180,completed,200,0,0,17513,3,0.0171,920.00,883.15,1500.00,2000.00,97.3968,emailservice,hybrid-dynamic,faas,0.0579,,,,,,,,,,,,,,prometheus:kubernetes|bridge|openfaas|controller,missing:mem_pct|request_count|error_count|error_pct|p50_ms|p95_ms|p99_ms|avg_latency_ms,testing/results/all_microservices/allmicro-20260504T132028Z/phase3/calibration_cartservice_100_stats.csv,testing/results/all_microservices/allmicro-20260504T132028Z/phase3/calibration_cartservice_100_metrics.csv
phase3,calibration_cartservice_100,cartservice,cart,calibration,100,180,completed,200,0,0,17513,3,0.0171,920.00,883.15,1500.00,2000.00,97.3968,paymentservice,iaas,iaas,0.0107,,,,,,,,,,,,,,prometheus:kubernetes,missing:mem_pct|request_count|error_count|error_pct|p50_ms|p95_ms|p99_ms|avg_latency_ms,testing/results/all_microservices/allmicro-20260504T132028Z/phase3/calibration_cartservice_100_stats.csv,testing/results/all_microservices/allmicro-20260504T132028Z/phase3/calibration_cartservice_100_metrics.csv
phase3,calibration_cartservice_100,cartservice,cart,calibration,100,180,completed,200,0,0,17513,3,0.0171,920.00,883.15,1500.00,2000.00,97.3968,shippingservice,hybrid-dynamic,iaas,5.5803,,12380.4464,,,,4.59,20.03,54.58,6.51,4.95,,,,prometheus:kubernetes|bridge|openfaas|controller,missing:mem_pct|error_count|error_pct,testing/results/all_microservices/allmicro-20260504T132028Z/phase3/calibration_cartservice_100_stats.csv,testing/results/all_microservices/allmicro-20260504T132028Z/phase3/calibration_cartservice_100_metrics.csv
phase3,calibration_cartservice_100,cartservice,cart,calibration,100,180,completed,200,0,0,17513,3,0.0171,920.00,883.15,1500.00,2000.00,97.3968,adservice,hybrid-dynamic,faas,6.8218,,9737.5716,37.1333,16.2802,0.1672,3.00,9.27,24.30,3.45,4.95,,,,prometheus:kubernetes|bridge|openfaas|controller,missing:mem_pct,testing/results/all_microservices/allmicro-20260504T132028Z/phase3/calibration_cartservice_100_stats.csv,testing/results/all_microservices/allmicro-20260504T132028Z/phase3/calibration_cartservice_100_metrics.csv
phase3,calibration_cartservice_100,cartservice,cart,calibration,100,180,completed,200,0,0,17513,3,0.0171,920.00,883.15,1500.00,2000.00,97.3968,recommendationservice,iaas,iaas,24.2822,,,,,,,,,,,,,,prometheus:kubernetes,missing:mem_pct|request_count|error_count|error_pct|p50_ms|p95_ms|p99_ms|avg_latency_ms,testing/results/all_microservices/allmicro-20260504T132028Z/phase3/calibration_cartservice_100_stats.csv,testing/results/all_microservices/allmicro-20260504T132028Z/phase3/calibration_cartservice_100_metrics.csv
phase3,calibration_cartservice_100,cartservice,cart,calibration,100,180,completed,200,0,0,17513,3,0.0171,920.00,883.15,1500.00,2000.00,97.3968,redis-cart,iaas,iaas,4.5330,,,,,,,,,,,,,,prometheus:kubernetes,missing:mem_pct|request_count|error_count|error_pct|p50_ms|p95_ms|p99_ms|avg_latency_ms,testing/results/all_microservices/allmicro-20260504T132028Z/phase3/calibration_cartservice_100_stats.csv,testing/results/all_microservices/allmicro-20260504T132028Z/phase3/calibration_cartservice_100_metrics.csv
phase3,calibration_cartservice_200,cartservice,cart,calibration,200,180,completed,200,0,0,10555,2,0.0189,1700.00,3194.85,8700.00,14000.00,58.8839,frontend,iaas,iaas,48.3925,,,,,,,,,,,,,,prometheus:kubernetes,missing:mem_pct|request_count|error_count|error_pct|p50_ms|p95_ms|p99_ms|avg_latency_ms,testing/results/all_microservices/allmicro-20260504T132028Z/phase3/calibration_cartservice_200_stats.csv,testing/results/all_microservices/allmicro-20260504T132028Z/phase3/calibration_cartservice_200_metrics.csv
phase3,calibration_cartservice_200,cartservice,cart,calibration,200,180,completed,200,0,0,10555,2,0.0189,1700.00,3194.85,8700.00,14000.00,58.8839,productcatalogservice,iaas,iaas,18.7248,,,,,,,,,,,,,,prometheus:kubernetes,missing:mem_pct|request_count|error_count|error_pct|p50_ms|p95_ms|p99_ms|avg_latency_ms,testing/results/all_microservices/allmicro-20260504T132028Z/phase3/calibration_cartservice_200_stats.csv,testing/results/all_microservices/allmicro-20260504T132028Z/phase3/calibration_cartservice_200_metrics.csv
phase3,calibration_cartservice_200,cartservice,cart,calibration,200,180,completed,200,0,0,10555,2,0.0189,1700.00,3194.85,8700.00,14000.00,58.8839,cartservice,iaas,iaas,2.7431,,,,,,,,,,,,,,prometheus:kubernetes,missing:mem_pct|request_count|error_count|error_pct|p50_ms|p95_ms|p99_ms|avg_latency_ms,testing/results/all_microservices/allmicro-20260504T132028Z/phase3/calibration_cartservice_200_stats.csv,testing/results/all_microservices/allmicro-20260504T132028Z/phase3/calibration_cartservice_200_metrics.csv
phase3,calibration_cartservice_200,cartservice,cart,calibration,200,180,completed,200,0,0,10555,2,0.0189,1700.00,3194.85,8700.00,14000.00,58.8839,checkoutservice,iaas,iaas,0.0006,,,,,,,,,,,,,,prometheus:kubernetes,missing:mem_pct|request_count|error_count|error_pct|p50_ms|p95_ms|p99_ms|avg_latency_ms,testing/results/all_microservices/allmicro-20260504T132028Z/phase3/calibration_cartservice_200_stats.csv,testing/results/all_microservices/allmicro-20260504T132028Z/phase3/calibration_cartservice_200_metrics.csv
phase3,calibration_cartservice_200,cartservice,cart,calibration,200,180,completed,200,0,0,10555,2,0.0189,1700.00,3194.85,8700.00,14000.00,58.8839,currencyservice,hybrid-dynamic,faas,36.7450,,34470.2058,244.1333,,,461.91,1745.16,2460.04,549.73,4.97,,,,prometheus:kubernetes|bridge|openfaas|controller,missing:mem_pct|error_count|error_pct,testing/results/all_microservices/allmicro-20260504T132028Z/phase3/calibration_cartservice_200_stats.csv,testing/results/all_microservices/allmicro-20260504T132028Z/phase3/calibration_cartservice_200_metrics.csv
phase3,calibration_cartservice_200,cartservice,cart,calibration,200,180,completed,200,0,0,10555,2,0.0189,1700.00,3194.85,8700.00,14000.00,58.8839,emailservice,hybrid-dynamic,faas,0.0570,,,,,,,,,,,,,,prometheus:kubernetes|bridge|openfaas|controller,missing:mem_pct|request_count|error_count|error_pct|p50_ms|p95_ms|p99_ms|avg_latency_ms,testing/results/all_microservices/allmicro-20260504T132028Z/phase3/calibration_cartservice_200_stats.csv,testing/results/all_microservices/allmicro-20260504T132028Z/phase3/calibration_cartservice_200_metrics.csv
phase3,calibration_cartservice_200,cartservice,cart,calibration,200,180,completed,200,0,0,10555,2,0.0189,1700.00,3194.85,8700.00,14000.00,58.8839,paymentservice,iaas,iaas,0.0106,,,,,,,,,,,,,,prometheus:kubernetes,missing:mem_pct|request_count|error_count|error_pct|p50_ms|p95_ms|p99_ms|avg_latency_ms,testing/results/all_microservices/allmicro-20260504T132028Z/phase3/calibration_cartservice_200_stats.csv,testing/results/all_microservices/allmicro-20260504T132028Z/phase3/calibration_cartservice_200_metrics.csv
phase3,calibration_cartservice_200,cartservice,cart,calibration,200,180,completed,200,0,0,10555,2,0.0189,1700.00,3194.85,8700.00,14000.00,58.8839,shippingservice,hybrid-dynamic,faas,15.1824,,12039.8610,21.0222,,,5.14,21.46,64.58,7.21,4.95,,,,prometheus:kubernetes|bridge|openfaas|controller,missing:mem_pct|error_count|error_pct,testing/results/all_microservices/allmicro-20260504T132028Z/phase3/calibration_cartservice_200_stats.csv,testing/results/all_microservices/allmicro-20260504T132028Z/phase3/calibration_cartservice_200_metrics.csv
phase3,calibration_cartservice_200,cartservice,cart,calibration,200,180,completed,200,0,0,10555,2,0.0189,1700.00,3194.85,8700.00,14000.00,58.8839,adservice,hybrid-dynamic,faas,8.0088,,11733.3333,13.8000,21.5385,0.1836,3.37,14.21,63.62,4.81,4.95,,,,prometheus:kubernetes|bridge|openfaas|controller,missing:mem_pct,testing/results/all_microservices/allmicro-20260504T132028Z/phase3/calibration_cartservice_200_stats.csv,testing/results/all_microservices/allmicro-20260504T132028Z/phase3/calibration_cartservice_200_metrics.csv
phase3,calibration_cartservice_200,cartservice,cart,calibration,200,180,completed,200,0,0,10555,2,0.0189,1700.00,3194.85,8700.00,14000.00,58.8839,recommendationservice,iaas,iaas,25.1910,,,,,,,,,,,,,,prometheus:kubernetes,missing:mem_pct|request_count|error_count|error_pct|p50_ms|p95_ms|p99_ms|avg_latency_ms,testing/results/all_microservices/allmicro-20260504T132028Z/phase3/calibration_cartservice_200_stats.csv,testing/results/all_microservices/allmicro-20260504T132028Z/phase3/calibration_cartservice_200_metrics.csv
phase3,calibration_cartservice_200,cartservice,cart,calibration,200,180,completed,200,0,0,10555,2,0.0189,1700.00,3194.85,8700.00,14000.00,58.8839,redis-cart,iaas,iaas,4.6591,,,,,,,,,,,,,,prometheus:kubernetes,missing:mem_pct|request_count|error_count|error_pct|p50_ms|p95_ms|p99_ms|avg_latency_ms,testing/results/all_microservices/allmicro-20260504T132028Z/phase3/calibration_cartservice_200_stats.csv,testing/results/all_microservices/allmicro-20260504T132028Z/phase3/calibration_cartservice_200_metrics.csv
phase3,calibration_cartservice_350,cartservice,cart,calibration,350,180,completed,200,0,0,25375,1,0.0039,2500.00,2302.97,3600.00,4100.00,141.2672,frontend,iaas,iaas,51.5002,,,,,,,,,,,,,,prometheus:kubernetes,missing:mem_pct|request_count|error_count|error_pct|p50_ms|p95_ms|p99_ms|avg_latency_ms,testing/results/all_microservices/allmicro-20260504T132028Z/phase3/calibration_cartservice_350_stats.csv,testing/results/all_microservices/allmicro-20260504T132028Z/phase3/calibration_cartservice_350_metrics.csv
phase3,calibration_cartservice_350,cartservice,cart,calibration,350,180,completed,200,0,0,25375,1,0.0039,2500.00,2302.97,3600.00,4100.00,141.2672,productcatalogservice,iaas,iaas,18.3003,,,,,,,,,,,,,,prometheus:kubernetes,missing:mem_pct|request_count|error_count|error_pct|p50_ms|p95_ms|p99_ms|avg_latency_ms,testing/results/all_microservices/allmicro-20260504T132028Z/phase3/calibration_cartservice_350_stats.csv,testing/results/all_microservices/allmicro-20260504T132028Z/phase3/calibration_cartservice_350_metrics.csv
phase3,calibration_cartservice_350,cartservice,cart,calibration,350,180,completed,200,0,0,25375,1,0.0039,2500.00,2302.97,3600.00,4100.00,141.2672,cartservice,iaas,iaas,2.5460,,,,,,,,,,,,,,prometheus:kubernetes,missing:mem_pct|request_count|error_count|error_pct|p50_ms|p95_ms|p99_ms|avg_latency_ms,testing/results/all_microservices/allmicro-20260504T132028Z/phase3/calibration_cartservice_350_stats.csv,testing/results/all_microservices/allmicro-20260504T132028Z/phase3/calibration_cartservice_350_metrics.csv
phase3,calibration_cartservice_350,cartservice,cart,calibration,350,180,completed,200,0,0,25375,1,0.0039,2500.00,2302.97,3600.00,4100.00,141.2672,checkoutservice,iaas,iaas,0.0006,,,,,,,,,,,,,,prometheus:kubernetes,missing:mem_pct|request_count|error_count|error_pct|p50_ms|p95_ms|p99_ms|avg_latency_ms,testing/results/all_microservices/allmicro-20260504T132028Z/phase3/calibration_cartservice_350_stats.csv,testing/results/all_microservices/allmicro-20260504T132028Z/phase3/calibration_cartservice_350_metrics.csv
phase3,calibration_cartservice_350,cartservice,cart,calibration,350,180,completed,200,0,0,25375,1,0.0039,2500.00,2302.97,3600.00,4100.00,141.2672,currencyservice,hybrid-dynamic,iaas,29.3925,,36057.7778,,,,465.04,1708.53,2446.72,547.63,4.97,,,,prometheus:kubernetes|bridge|openfaas|controller,missing:mem_pct|error_count|error_pct,testing/results/all_microservices/allmicro-20260504T132028Z/phase3/calibration_cartservice_350_stats.csv,testing/results/all_microservices/allmicro-20260504T132028Z/phase3/calibration_cartservice_350_metrics.csv
phase3,calibration_cartservice_350,cartservice,cart,calibration,350,180,completed,200,0,0,25375,1,0.0039,2500.00,2302.97,3600.00,4100.00,141.2672,emailservice,hybrid-dynamic,faas,0.0670,,,,,,,,,,,,,,prometheus:kubernetes|bridge|openfaas|controller,missing:mem_pct|request_count|error_count|error_pct|p50_ms|p95_ms|p99_ms|avg_latency_ms,testing/results/all_microservices/allmicro-20260504T132028Z/phase3/calibration_cartservice_350_stats.csv,testing/results/all_microservices/allmicro-20260504T132028Z/phase3/calibration_cartservice_350_metrics.csv
phase3,calibration_cartservice_350,cartservice,cart,calibration,350,180,completed,200,0,0,25375,1,0.0039,2500.00,2302.97,3600.00,4100.00,141.2672,paymentservice,iaas,iaas,0.0106,,,,,,,,,,,,,,prometheus:kubernetes,missing:mem_pct|request_count|error_count|error_pct|p50_ms|p95_ms|p99_ms|avg_latency_ms,testing/results/all_microservices/allmicro-20260504T132028Z/phase3/calibration_cartservice_350_stats.csv,testing/results/all_microservices/allmicro-20260504T132028Z/phase3/calibration_cartservice_350_metrics.csv
phase3,calibration_cartservice_350,cartservice,cart,calibration,350,180,completed,200,0,0,25375,1,0.0039,2500.00,2302.97,3600.00,4100.00,141.2672,shippingservice,hybrid-dynamic,iaas,2.3879,,13652.0833,,,,11.82,96.80,215.23,26.88,4.96,,,,prometheus:kubernetes|bridge|openfaas|controller,missing:mem_pct|error_count|error_pct,testing/results/all_microservices/allmicro-20260504T132028Z/phase3/calibration_cartservice_350_stats.csv,testing/results/all_microservices/allmicro-20260504T132028Z/phase3/calibration_cartservice_350_metrics.csv
phase3,calibration_cartservice_350,cartservice,cart,calibration,350,180,completed,200,0,0,25375,1,0.0039,2500.00,2302.97,3600.00,4100.00,141.2672,adservice,hybrid-dynamic,faas,9.1134,,15081.0256,54.0444,236.9231,1.5710,6.28,28.65,91.51,10.34,4.95,,,,prometheus:kubernetes|bridge|openfaas|controller,missing:mem_pct,testing/results/all_microservices/allmicro-20260504T132028Z/phase3/calibration_cartservice_350_stats.csv,testing/results/all_microservices/allmicro-20260504T132028Z/phase3/calibration_cartservice_350_metrics.csv
phase3,calibration_cartservice_350,cartservice,cart,calibration,350,180,completed,200,0,0,25375,1,0.0039,2500.00,2302.97,3600.00,4100.00,141.2672,recommendationservice,iaas,iaas,30.4850,,,,,,,,,,,,,,prometheus:kubernetes,missing:mem_pct|request_count|error_count|error_pct|p50_ms|p95_ms|p99_ms|avg_latency_ms,testing/results/all_microservices/allmicro-20260504T132028Z/phase3/calibration_cartservice_350_stats.csv,testing/results/all_microservices/allmicro-20260504T132028Z/phase3/calibration_cartservice_350_metrics.csv
phase3,calibration_cartservice_350,cartservice,cart,calibration,350,180,completed,200,0,0,25375,1,0.0039,2500.00,2302.97,3600.00,4100.00,141.2672,redis-cart,iaas,iaas,4.6937,,,,,,,,,,,,,,prometheus:kubernetes,missing:mem_pct|request_count|error_count|error_pct|p50_ms|p95_ms|p99_ms|avg_latency_ms,testing/results/all_microservices/allmicro-20260504T132028Z/phase3/calibration_cartservice_350_stats.csv,testing/results/all_microservices/allmicro-20260504T132028Z/phase3/calibration_cartservice_350_metrics.csv
phase3,calibration_cartservice_500,cartservice,cart,calibration,500,180,threshold_exceeded,200,0,0,12224,311,2.5442,4300.00,6979.82,19000.00,22000.00,68.1906,frontend,iaas,iaas,49.4658,,,,,,,,,,,,,,prometheus:kubernetes,missing:mem_pct|request_count|error_count|error_pct|p50_ms|p95_ms|p99_ms|avg_latency_ms,testing/results/all_microservices/allmicro-20260504T132028Z/phase3/calibration_cartservice_500_stats.csv,testing/results/all_microservices/allmicro-20260504T132028Z/phase3/calibration_cartservice_500_metrics.csv
phase3,calibration_cartservice_500,cartservice,cart,calibration,500,180,threshold_exceeded,200,0,0,12224,311,2.5442,4300.00,6979.82,19000.00,22000.00,68.1906,productcatalogservice,iaas,iaas,18.4453,,,,,,,,,,,,,,prometheus:kubernetes,missing:mem_pct|request_count|error_count|error_pct|p50_ms|p95_ms|p99_ms|avg_latency_ms,testing/results/all_microservices/allmicro-20260504T132028Z/phase3/calibration_cartservice_500_stats.csv,testing/results/all_microservices/allmicro-20260504T132028Z/phase3/calibration_cartservice_500_metrics.csv
phase3,calibration_cartservice_500,cartservice,cart,calibration,500,180,threshold_exceeded,200,0,0,12224,311,2.5442,4300.00,6979.82,19000.00,22000.00,68.1906,cartservice,iaas,iaas,2.2462,,,,,,,,,,,,,,prometheus:kubernetes,missing:mem_pct|request_count|error_count|error_pct|p50_ms|p95_ms|p99_ms|avg_latency_ms,testing/results/all_microservices/allmicro-20260504T132028Z/phase3/calibration_cartservice_500_stats.csv,testing/results/all_microservices/allmicro-20260504T132028Z/phase3/calibration_cartservice_500_metrics.csv
phase3,calibration_cartservice_500,cartservice,cart,calibration,500,180,threshold_exceeded,200,0,0,12224,311,2.5442,4300.00,6979.82,19000.00,22000.00,68.1906,checkoutservice,iaas,iaas,0.0005,,,,,,,,,,,,,,prometheus:kubernetes,missing:mem_pct|request_count|error_count|error_pct|p50_ms|p95_ms|p99_ms|avg_latency_ms,testing/results/all_microservices/allmicro-20260504T132028Z/phase3/calibration_cartservice_500_stats.csv,testing/results/all_microservices/allmicro-20260504T132028Z/phase3/calibration_cartservice_500_metrics.csv
phase3,calibration_cartservice_500,cartservice,cart,calibration,500,180,threshold_exceeded,200,0,0,12224,311,2.5442,4300.00,6979.82,19000.00,22000.00,68.1906,currencyservice,hybrid-dynamic,faas,38.6462,,43493.2417,244.8667,,,1260.85,3599.90,4804.48,1324.70,4.98,,,,prometheus:kubernetes|bridge|openfaas|controller,missing:mem_pct|error_count|error_pct,testing/results/all_microservices/allmicro-20260504T132028Z/phase3/calibration_cartservice_500_stats.csv,testing/results/all_microservices/allmicro-20260504T132028Z/phase3/calibration_cartservice_500_metrics.csv
phase3,calibration_cartservice_500,cartservice,cart,calibration,500,180,threshold_exceeded,200,0,0,12224,311,2.5442,4300.00,6979.82,19000.00,22000.00,68.1906,emailservice,hybrid-dynamic,faas,0.0662,,,,,,,,,,,,,,prometheus:kubernetes|bridge|openfaas|controller,missing:mem_pct|request_count|error_count|error_pct|p50_ms|p95_ms|p99_ms|avg_latency_ms,testing/results/all_microservices/allmicro-20260504T132028Z/phase3/calibration_cartservice_500_stats.csv,testing/results/all_microservices/allmicro-20260504T132028Z/phase3/calibration_cartservice_500_metrics.csv
phase3,calibration_cartservice_500,cartservice,cart,calibration,500,180,threshold_exceeded,200,0,0,12224,311,2.5442,4300.00,6979.82,19000.00,22000.00,68.1906,paymentservice,iaas,iaas,0.0106,,,,,,,,,,,,,,prometheus:kubernetes,missing:mem_pct|request_count|error_count|error_pct|p50_ms|p95_ms|p99_ms|avg_latency_ms,testing/results/all_microservices/allmicro-20260504T132028Z/phase3/calibration_cartservice_500_stats.csv,testing/results/all_microservices/allmicro-20260504T132028Z/phase3/calibration_cartservice_500_metrics.csv
phase3,calibration_cartservice_500,cartservice,cart,calibration,500,180,threshold_exceeded,200,0,0,12224,311,2.5442,4300.00,6979.82,19000.00,22000.00,68.1906,shippingservice,hybrid-dynamic,faas,16.6875,,15816.0728,27.7111,,,12.10,96.56,214.38,26.97,4.96,,,,prometheus:kubernetes|bridge|openfaas|controller,missing:mem_pct|error_count|error_pct,testing/results/all_microservices/allmicro-20260504T132028Z/phase3/calibration_cartservice_500_stats.csv,testing/results/all_microservices/allmicro-20260504T132028Z/phase3/calibration_cartservice_500_metrics.csv
phase3,calibration_cartservice_500,cartservice,cart,calibration,500,180,threshold_exceeded,200,0,0,12224,311,2.5442,4300.00,6979.82,19000.00,22000.00,68.1906,adservice,hybrid-dynamic,faas,9.1854,,15766.1538,18.4889,484.1026,3.0705,7.07,69.08,152.10,13.96,4.95,,,,prometheus:kubernetes|bridge|openfaas|controller,missing:mem_pct,testing/results/all_microservices/allmicro-20260504T132028Z/phase3/calibration_cartservice_500_stats.csv,testing/results/all_microservices/allmicro-20260504T132028Z/phase3/calibration_cartservice_500_metrics.csv
phase3,calibration_cartservice_500,cartservice,cart,calibration,500,180,threshold_exceeded,200,0,0,12224,311,2.5442,4300.00,6979.82,19000.00,22000.00,68.1906,recommendationservice,iaas,iaas,32.7424,,,,,,,,,,,,,,prometheus:kubernetes,missing:mem_pct|request_count|error_count|error_pct|p50_ms|p95_ms|p99_ms|avg_latency_ms,testing/results/all_microservices/allmicro-20260504T132028Z/phase3/calibration_cartservice_500_stats.csv,testing/results/all_microservices/allmicro-20260504T132028Z/phase3/calibration_cartservice_500_metrics.csv
phase3,calibration_cartservice_500,cartservice,cart,calibration,500,180,threshold_exceeded,200,0,0,12224,311,2.5442,4300.00,6979.82,19000.00,22000.00,68.1906,redis-cart,iaas,iaas,4.6081,,,,,,,,,,,,,,prometheus:kubernetes,missing:mem_pct|request_count|error_count|error_pct|p50_ms|p95_ms|p99_ms|avg_latency_ms,testing/results/all_microservices/allmicro-20260504T132028Z/phase3/calibration_cartservice_500_stats.csv,testing/results/all_microservices/allmicro-20260504T132028Z/phase3/calibration_cartservice_500_metrics.csv
phase1,phase1_cartservice_350,cartservice,cart,iaas-only,350,300,completed,200,0,0,41774,0,0.0000,2600.00,2348.40,3800.00,4200.00,139.5688,frontend,iaas,iaas,42.0853,,,,,,,,,,,,,,prometheus:kubernetes,missing:mem_pct|request_count|error_count|error_pct|p50_ms|p95_ms|p99_ms|avg_latency_ms,testing/results/all_microservices/allmicro-20260504T132028Z/phase1/phase1_cartservice_350_stats.csv,testing/results/all_microservices/allmicro-20260504T132028Z/phase1/phase1_cartservice_350_metrics.csv
phase1,phase1_cartservice_350,cartservice,cart,iaas-only,350,300,completed,200,0,0,41774,0,0.0000,2600.00,2348.40,3800.00,4200.00,139.5688,productcatalogservice,iaas,iaas,15.8718,,,,,,,,,,,,,,prometheus:kubernetes,missing:mem_pct|request_count|error_count|error_pct|p50_ms|p95_ms|p99_ms|avg_latency_ms,testing/results/all_microservices/allmicro-20260504T132028Z/phase1/phase1_cartservice_350_stats.csv,testing/results/all_microservices/allmicro-20260504T132028Z/phase1/phase1_cartservice_350_metrics.csv
phase1,phase1_cartservice_350,cartservice,cart,iaas-only,350,300,completed,200,0,0,41774,0,0.0000,2600.00,2348.40,3800.00,4200.00,139.5688,cartservice,iaas,iaas,1.6702,,,,,,,,,,,,,,prometheus:kubernetes,missing:mem_pct|request_count|error_count|error_pct|p50_ms|p95_ms|p99_ms|avg_latency_ms,testing/results/all_microservices/allmicro-20260504T132028Z/phase1/phase1_cartservice_350_stats.csv,testing/results/all_microservices/allmicro-20260504T132028Z/phase1/phase1_cartservice_350_metrics.csv
phase1,phase1_cartservice_350,cartservice,cart,iaas-only,350,300,completed,200,0,0,41774,0,0.0000,2600.00,2348.40,3800.00,4200.00,139.5688,checkoutservice,iaas,iaas,0.0003,,,,,,,,,,,,,,prometheus:kubernetes,missing:mem_pct|request_count|error_count|error_pct|p50_ms|p95_ms|p99_ms|avg_latency_ms,testing/results/all_microservices/allmicro-20260504T132028Z/phase1/phase1_cartservice_350_stats.csv,testing/results/all_microservices/allmicro-20260504T132028Z/phase1/phase1_cartservice_350_metrics.csv
phase1,phase1_cartservice_350,cartservice,cart,iaas-only,350,300,completed,200,0,0,41774,0,0.0000,2600.00,2348.40,3800.00,4200.00,139.5688,currencyservice,iaas,iaas,26.1668,,,,,,,,,,,,,,prometheus:kubernetes,missing:mem_pct|request_count|error_count|error_pct|p50_ms|p95_ms|p99_ms|avg_latency_ms,testing/results/all_microservices/allmicro-20260504T132028Z/phase1/phase1_cartservice_350_stats.csv,testing/results/all_microservices/allmicro-20260504T132028Z/phase1/phase1_cartservice_350_metrics.csv
phase1,phase1_cartservice_350,cartservice,cart,iaas-only,350,300,completed,200,0,0,41774,0,0.0000,2600.00,2348.40,3800.00,4200.00,139.5688,emailservice,iaas,iaas,0.4744,,,,,,,,,,,,,,prometheus:kubernetes,missing:mem_pct|request_count|error_count|error_pct|p50_ms|p95_ms|p99_ms|avg_latency_ms,testing/results/all_microservices/allmicro-20260504T132028Z/phase1/phase1_cartservice_350_stats.csv,testing/results/all_microservices/allmicro-20260504T132028Z/phase1/phase1_cartservice_350_metrics.csv
phase1,phase1_cartservice_350,cartservice,cart,iaas-only,350,300,completed,200,0,0,41774,0,0.0000,2600.00,2348.40,3800.00,4200.00,139.5688,paymentservice,iaas,iaas,0.0114,,,,,,,,,,,,,,prometheus:kubernetes,missing:mem_pct|request_count|error_count|error_pct|p50_ms|p95_ms|p99_ms|avg_latency_ms,testing/results/all_microservices/allmicro-20260504T132028Z/phase1/phase1_cartservice_350_stats.csv,testing/results/all_microservices/allmicro-20260504T132028Z/phase1/phase1_cartservice_350_metrics.csv
phase1,phase1_cartservice_350,cartservice,cart,iaas-only,350,300,completed,200,0,0,41774,0,0.0000,2600.00,2348.40,3800.00,4200.00,139.5688,shippingservice,iaas,iaas,2.6648,,,,,,,,,,,,,,prometheus:kubernetes,missing:mem_pct|request_count|error_count|error_pct|p50_ms|p95_ms|p99_ms|avg_latency_ms,testing/results/all_microservices/allmicro-20260504T132028Z/phase1/phase1_cartservice_350_stats.csv,testing/results/all_microservices/allmicro-20260504T132028Z/phase1/phase1_cartservice_350_metrics.csv
phase1,phase1_cartservice_350,cartservice,cart,iaas-only,350,300,completed,200,0,0,41774,0,0.0000,2600.00,2348.40,3800.00,4200.00,139.5688,adservice,iaas,iaas,2.0830,,,,,,,,,,,,,,prometheus:kubernetes,missing:mem_pct|request_count|error_count|error_pct|p50_ms|p95_ms|p99_ms|avg_latency_ms,testing/results/all_microservices/allmicro-20260504T132028Z/phase1/phase1_cartservice_350_stats.csv,testing/results/all_microservices/allmicro-20260504T132028Z/phase1/phase1_cartservice_350_metrics.csv
phase1,phase1_cartservice_350,cartservice,cart,iaas-only,350,300,completed,200,0,0,41774,0,0.0000,2600.00,2348.40,3800.00,4200.00,139.5688,recommendationservice,iaas,iaas,30.2651,,,,,,,,,,,,,,prometheus:kubernetes,missing:mem_pct|request_count|error_count|error_pct|p50_ms|p95_ms|p99_ms|avg_latency_ms,testing/results/all_microservices/allmicro-20260504T132028Z/phase1/phase1_cartservice_350_stats.csv,testing/results/all_microservices/allmicro-20260504T132028Z/phase1/phase1_cartservice_350_metrics.csv
phase1,phase1_cartservice_350,cartservice,cart,iaas-only,350,300,completed,200,0,0,41774,0,0.0000,2600.00,2348.40,3800.00,4200.00,139.5688,redis-cart,iaas,iaas,4.4181,,,,,,,,,,,,,,prometheus:kubernetes,missing:mem_pct|request_count|error_count|error_pct|p50_ms|p95_ms|p99_ms|avg_latency_ms,testing/results/all_microservices/allmicro-20260504T132028Z/phase1/phase1_cartservice_350_stats.csv,testing/results/all_microservices/allmicro-20260504T132028Z/phase1/phase1_cartservice_350_metrics.csv
phase3,phase3_cartservice_350,cartservice,cart,hybrid,350,300,completed,200,0,0,34162,635,1.8588,2900.00,2903.95,6300.00,13000.00,114.1128,frontend,iaas,iaas,36.7589,,,,,,,,,,,,,,prometheus:kubernetes,missing:mem_pct|request_count|error_count|error_pct|p50_ms|p95_ms|p99_ms|avg_latency_ms,testing/results/all_microservices/allmicro-20260504T132028Z/phase3/phase3_cartservice_350_stats.csv,testing/results/all_microservices/allmicro-20260504T132028Z/phase3/phase3_cartservice_350_metrics.csv
phase3,phase3_cartservice_350,cartservice,cart,hybrid,350,300,completed,200,0,0,34162,635,1.8588,2900.00,2903.95,6300.00,13000.00,114.1128,productcatalogservice,iaas,iaas,13.2193,,,,,,,,,,,,,,prometheus:kubernetes,missing:mem_pct|request_count|error_count|error_pct|p50_ms|p95_ms|p99_ms|avg_latency_ms,testing/results/all_microservices/allmicro-20260504T132028Z/phase3/phase3_cartservice_350_stats.csv,testing/results/all_microservices/allmicro-20260504T132028Z/phase3/phase3_cartservice_350_metrics.csv
phase3,phase3_cartservice_350,cartservice,cart,hybrid,350,300,completed,200,0,0,34162,635,1.8588,2900.00,2903.95,6300.00,13000.00,114.1128,cartservice,iaas,iaas,1.5973,,,,,,,,,,,,,,prometheus:kubernetes,missing:mem_pct|request_count|error_count|error_pct|p50_ms|p95_ms|p99_ms|avg_latency_ms,testing/results/all_microservices/allmicro-20260504T132028Z/phase3/phase3_cartservice_350_stats.csv,testing/results/all_microservices/allmicro-20260504T132028Z/phase3/phase3_cartservice_350_metrics.csv
phase3,phase3_cartservice_350,cartservice,cart,hybrid,350,300,completed,200,0,0,34162,635,1.8588,2900.00,2903.95,6300.00,13000.00,114.1128,checkoutservice,iaas,iaas,0.0005,,,,,,,,,,,,,,prometheus:kubernetes,missing:mem_pct|request_count|error_count|error_pct|p50_ms|p95_ms|p99_ms|avg_latency_ms,testing/results/all_microservices/allmicro-20260504T132028Z/phase3/phase3_cartservice_350_stats.csv,testing/results/all_microservices/allmicro-20260504T132028Z/phase3/phase3_cartservice_350_metrics.csv
phase3,phase3_cartservice_350,cartservice,cart,hybrid,350,300,completed,200,0,0,34162,635,1.8588,2900.00,2903.95,6300.00,13000.00,114.1128,currencyservice,hybrid-dynamic,iaas,58.2155,,24311.0833,,,,813.90,2371.09,4187.08,932.67,4.98,,,,prometheus:kubernetes|bridge|openfaas|controller,missing:mem_pct|error_count|error_pct,testing/results/all_microservices/allmicro-20260504T132028Z/phase3/phase3_cartservice_350_stats.csv,testing/results/all_microservices/allmicro-20260504T132028Z/phase3/phase3_cartservice_350_metrics.csv
phase3,phase3_cartservice_350,cartservice,cart,hybrid,350,300,completed,200,0,0,34162,635,1.8588,2900.00,2903.95,6300.00,13000.00,114.1128,emailservice,hybrid-dynamic,faas,0.0680,,,,,,,,,,,,,,prometheus:kubernetes|bridge|openfaas|controller,missing:mem_pct|request_count|error_count|error_pct|p50_ms|p95_ms|p99_ms|avg_latency_ms,testing/results/all_microservices/allmicro-20260504T132028Z/phase3/phase3_cartservice_350_stats.csv,testing/results/all_microservices/allmicro-20260504T132028Z/phase3/phase3_cartservice_350_metrics.csv
phase3,phase3_cartservice_350,cartservice,cart,hybrid,350,300,completed,200,0,0,34162,635,1.8588,2900.00,2903.95,6300.00,13000.00,114.1128,paymentservice,iaas,iaas,0.0105,,,,,,,,,,,,,,prometheus:kubernetes,missing:mem_pct|request_count|error_count|error_pct|p50_ms|p95_ms|p99_ms|avg_latency_ms,testing/results/all_microservices/allmicro-20260504T132028Z/phase3/phase3_cartservice_350_stats.csv,testing/results/all_microservices/allmicro-20260504T132028Z/phase3/phase3_cartservice_350_metrics.csv
phase3,phase3_cartservice_350,cartservice,cart,hybrid,350,300,completed,200,0,0,34162,635,1.8588,2900.00,2903.95,6300.00,13000.00,114.1128,shippingservice,hybrid-dynamic,iaas,5.2504,,11198.6418,,,,12.45,92.37,196.20,25.20,4.96,,,,prometheus:kubernetes|bridge|openfaas|controller,missing:mem_pct|error_count|error_pct,testing/results/all_microservices/allmicro-20260504T132028Z/phase3/phase3_cartservice_350_stats.csv,testing/results/all_microservices/allmicro-20260504T132028Z/phase3/phase3_cartservice_350_metrics.csv
phase3,phase3_cartservice_350,cartservice,cart,hybrid,350,300,completed,200,0,0,34162,635,1.8588,2900.00,2903.95,6300.00,13000.00,114.1128,adservice,hybrid-dynamic,faas,6.8452,,13832.8205,54.0889,275.8974,1.9945,6.57,65.72,98.14,12.52,4.95,,,,prometheus:kubernetes|bridge|openfaas|controller,missing:mem_pct,testing/results/all_microservices/allmicro-20260504T132028Z/phase3/phase3_cartservice_350_stats.csv,testing/results/all_microservices/allmicro-20260504T132028Z/phase3/phase3_cartservice_350_metrics.csv
phase3,phase3_cartservice_350,cartservice,cart,hybrid,350,300,completed,200,0,0,34162,635,1.8588,2900.00,2903.95,6300.00,13000.00,114.1128,recommendationservice,iaas,iaas,24.1416,,,,,,,,,,,,,,prometheus:kubernetes,missing:mem_pct|request_count|error_count|error_pct|p50_ms|p95_ms|p99_ms|avg_latency_ms,testing/results/all_microservices/allmicro-20260504T132028Z/phase3/phase3_cartservice_350_stats.csv,testing/results/all_microservices/allmicro-20260504T132028Z/phase3/phase3_cartservice_350_metrics.csv
phase3,phase3_cartservice_350,cartservice,cart,hybrid,350,300,completed,200,0,0,34162,635,1.8588,2900.00,2903.95,6300.00,13000.00,114.1128,redis-cart,iaas,iaas,4.2304,,,,,,,,,,,,,,prometheus:kubernetes,missing:mem_pct|request_count|error_count|error_pct|p50_ms|p95_ms|p99_ms|avg_latency_ms,testing/results/all_microservices/allmicro-20260504T132028Z/phase3/phase3_cartservice_350_stats.csv,testing/results/all_microservices/allmicro-20260504T132028Z/phase3/phase3_cartservice_350_metrics.csv
phase3,calibration_checkoutservice_50,checkoutservice,checkout,calibration,50,180,completed,200,0,0,12725,6,0.0472,530.00,621.17,1200.00,1600.00,70.8194,frontend,iaas,iaas,63.3444,,,,,,,,,,,,,,prometheus:kubernetes,missing:mem_pct|request_count|error_count|error_pct|p50_ms|p95_ms|p99_ms|avg_latency_ms,testing/results/all_microservices/allmicro-20260504T132028Z/phase3/calibration_checkoutservice_50_stats.csv,testing/results/all_microservices/allmicro-20260504T132028Z/phase3/calibration_checkoutservice_50_metrics.csv
phase3,calibration_checkoutservice_50,checkoutservice,checkout,calibration,50,180,completed,200,0,0,12725,6,0.0472,530.00,621.17,1200.00,1600.00,70.8194,productcatalogservice,iaas,iaas,25.5712,,,,,,,,,,,,,,prometheus:kubernetes,missing:mem_pct|request_count|error_count|error_pct|p50_ms|p95_ms|p99_ms|avg_latency_ms,testing/results/all_microservices/allmicro-20260504T132028Z/phase3/calibration_checkoutservice_50_stats.csv,testing/results/all_microservices/allmicro-20260504T132028Z/phase3/calibration_checkoutservice_50_metrics.csv
phase3,calibration_checkoutservice_50,checkoutservice,checkout,calibration,50,180,completed,200,0,0,12725,6,0.0472,530.00,621.17,1200.00,1600.00,70.8194,cartservice,iaas,iaas,3.7329,,,,,,,,,,,,,,prometheus:kubernetes,missing:mem_pct|request_count|error_count|error_pct|p50_ms|p95_ms|p99_ms|avg_latency_ms,testing/results/all_microservices/allmicro-20260504T132028Z/phase3/calibration_checkoutservice_50_stats.csv,testing/results/all_microservices/allmicro-20260504T132028Z/phase3/calibration_checkoutservice_50_metrics.csv
phase3,calibration_checkoutservice_50,checkoutservice,checkout,calibration,50,180,completed,200,0,0,12725,6,0.0472,530.00,621.17,1200.00,1600.00,70.8194,checkoutservice,iaas,iaas,6.2281,,,,,,,,,,,,,,prometheus:kubernetes,missing:mem_pct|request_count|error_count|error_pct|p50_ms|p95_ms|p99_ms|avg_latency_ms,testing/results/all_microservices/allmicro-20260504T132028Z/phase3/calibration_checkoutservice_50_stats.csv,testing/results/all_microservices/allmicro-20260504T132028Z/phase3/calibration_checkoutservice_50_metrics.csv
phase3,calibration_checkoutservice_50,checkoutservice,checkout,calibration,50,180,completed,200,0,0,12725,6,0.0472,530.00,621.17,1200.00,1600.00,70.8194,currencyservice,hybrid-dynamic,faas,38.3303,,51693.8644,191.0222,,,99.44,2122.78,2497.81,456.51,4.97,,,,prometheus:kubernetes|bridge|openfaas|controller,missing:mem_pct|error_count|error_pct,testing/results/all_microservices/allmicro-20260504T132028Z/phase3/calibration_checkoutservice_50_stats.csv,testing/results/all_microservices/allmicro-20260504T132028Z/phase3/calibration_checkoutservice_50_metrics.csv
phase3,calibration_checkoutservice_50,checkoutservice,checkout,calibration,50,180,completed,200,0,0,12725,6,0.0472,530.00,621.17,1200.00,1600.00,70.8194,emailservice,hybrid-dynamic,faas,3.5945,,3350.8055,18.1333,,,3.93,12.08,22.68,4.93,4.95,,,,prometheus:kubernetes|bridge|openfaas|controller,missing:mem_pct|error_count|error_pct,testing/results/all_microservices/allmicro-20260504T132028Z/phase3/calibration_checkoutservice_50_stats.csv,testing/results/all_microservices/allmicro-20260504T132028Z/phase3/calibration_checkoutservice_50_metrics.csv
phase3,calibration_checkoutservice_50,checkoutservice,checkout,calibration,50,180,completed,200,0,0,12725,6,0.0472,530.00,621.17,1200.00,1600.00,70.8194,paymentservice,iaas,iaas,4.3182,,,,,,,,,,,,,,prometheus:kubernetes,missing:mem_pct|request_count|error_count|error_pct|p50_ms|p95_ms|p99_ms|avg_latency_ms,testing/results/all_microservices/allmicro-20260504T132028Z/phase3/calibration_checkoutservice_50_stats.csv,testing/results/all_microservices/allmicro-20260504T132028Z/phase3/calibration_checkoutservice_50_metrics.csv
phase3,calibration_checkoutservice_50,checkoutservice,checkout,calibration,50,180,completed,200,0,0,12725,6,0.0472,530.00,621.17,1200.00,1600.00,70.8194,shippingservice,hybrid-dynamic,iaas,4.0045,,19315.5294,,,,8.01,82.35,159.26,17.67,4.96,,,,prometheus:kubernetes|bridge|openfaas|controller,missing:mem_pct|error_count|error_pct,testing/results/all_microservices/allmicro-20260504T132028Z/phase3/calibration_checkoutservice_50_stats.csv,testing/results/all_microservices/allmicro-20260504T132028Z/phase3/calibration_checkoutservice_50_metrics.csv
phase3,calibration_checkoutservice_50,checkoutservice,checkout,calibration,50,180,completed,200,0,0,12725,6,0.0472,530.00,621.17,1200.00,1600.00,70.8194,adservice,hybrid-dynamic,faas,10.9843,,18441.0256,24.5111,275.8974,1.4961,4.64,52.34,95.46,9.91,4.95,,,,prometheus:kubernetes|bridge|openfaas|controller,missing:mem_pct,testing/results/all_microservices/allmicro-20260504T132028Z/phase3/calibration_checkoutservice_50_stats.csv,testing/results/all_microservices/allmicro-20260504T132028Z/phase3/calibration_checkoutservice_50_metrics.csv
phase3,calibration_checkoutservice_50,checkoutservice,checkout,calibration,50,180,completed,200,0,0,12725,6,0.0472,530.00,621.17,1200.00,1600.00,70.8194,recommendationservice,iaas,iaas,37.8607,,,,,,,,,,,,,,prometheus:kubernetes,missing:mem_pct|request_count|error_count|error_pct|p50_ms|p95_ms|p99_ms|avg_latency_ms,testing/results/all_microservices/allmicro-20260504T132028Z/phase3/calibration_checkoutservice_50_stats.csv,testing/results/all_microservices/allmicro-20260504T132028Z/phase3/calibration_checkoutservice_50_metrics.csv
phase3,calibration_checkoutservice_50,checkoutservice,checkout,calibration,50,180,completed,200,0,0,12725,6,0.0472,530.00,621.17,1200.00,1600.00,70.8194,redis-cart,iaas,iaas,5.6104,,,,,,,,,,,,,,prometheus:kubernetes,missing:mem_pct|request_count|error_count|error_pct|p50_ms|p95_ms|p99_ms|avg_latency_ms,testing/results/all_microservices/allmicro-20260504T132028Z/phase3/calibration_checkoutservice_50_stats.csv,testing/results/all_microservices/allmicro-20260504T132028Z/phase3/calibration_checkoutservice_50_metrics.csv
phase3,calibration_checkoutservice_100,checkoutservice,checkout,calibration,100,180,completed,200,0,0,22572,4,0.0177,550.00,713.08,1300.00,1900.00,125.6558,frontend,iaas,iaas,56.0772,,,,,,,,,,,,,,prometheus:kubernetes,missing:mem_pct|request_count|error_count|error_pct|p50_ms|p95_ms|p99_ms|avg_latency_ms,testing/results/all_microservices/allmicro-20260504T132028Z/phase3/calibration_checkoutservice_100_stats.csv,testing/results/all_microservices/allmicro-20260504T132028Z/phase3/calibration_checkoutservice_100_metrics.csv
phase3,calibration_checkoutservice_100,checkoutservice,checkout,calibration,100,180,completed,200,0,0,22572,4,0.0177,550.00,713.08,1300.00,1900.00,125.6558,productcatalogservice,iaas,iaas,24.5237,,,,,,,,,,,,,,prometheus:kubernetes,missing:mem_pct|request_count|error_count|error_pct|p50_ms|p95_ms|p99_ms|avg_latency_ms,testing/results/all_microservices/allmicro-20260504T132028Z/phase3/calibration_checkoutservice_100_stats.csv,testing/results/all_microservices/allmicro-20260504T132028Z/phase3/calibration_checkoutservice_100_metrics.csv
phase3,calibration_checkoutservice_100,checkoutservice,checkout,calibration,100,180,completed,200,0,0,22572,4,0.0177,550.00,713.08,1300.00,1900.00,125.6558,cartservice,iaas,iaas,4.4589,,,,,,,,,,,,,,prometheus:kubernetes,missing:mem_pct|request_count|error_count|error_pct|p50_ms|p95_ms|p99_ms|avg_latency_ms,testing/results/all_microservices/allmicro-20260504T132028Z/phase3/calibration_checkoutservice_100_stats.csv,testing/results/all_microservices/allmicro-20260504T132028Z/phase3/calibration_checkoutservice_100_metrics.csv
phase3,calibration_checkoutservice_100,checkoutservice,checkout,calibration,100,180,completed,200,0,0,22572,4,0.0177,550.00,713.08,1300.00,1900.00,125.6558,checkoutservice,iaas,iaas,15.8457,,,,,,,,,,,,,,prometheus:kubernetes,missing:mem_pct|request_count|error_count|error_pct|p50_ms|p95_ms|p99_ms|avg_latency_ms,testing/results/all_microservices/allmicro-20260504T132028Z/phase3/calibration_checkoutservice_100_stats.csv,testing/results/all_microservices/allmicro-20260504T132028Z/phase3/calibration_checkoutservice_100_metrics.csv
phase3,calibration_checkoutservice_100,checkoutservice,checkout,calibration,100,180,completed,200,0,0,22572,4,0.0177,550.00,713.08,1300.00,1900.00,125.6558,currencyservice,hybrid-dynamic,iaas,25.5873,,28657.7778,,,,11.80,139.39,229.20,33.64,4.96,,,,prometheus:kubernetes|bridge|openfaas|controller,missing:mem_pct|error_count|error_pct,testing/results/all_microservices/allmicro-20260504T132028Z/phase3/calibration_checkoutservice_100_stats.csv,testing/results/all_microservices/allmicro-20260504T132028Z/phase3/calibration_checkoutservice_100_metrics.csv
phase3,calibration_checkoutservice_100,checkoutservice,checkout,calibration,100,180,completed,200,0,0,22572,4,0.0177,550.00,713.08,1300.00,1900.00,125.6558,emailservice,hybrid-dynamic,faas,10.7048,,9403.3598,34.5111,,,4.44,20.87,73.32,7.00,4.95,,,,prometheus:kubernetes|bridge|openfaas|controller,missing:mem_pct|error_count|error_pct,testing/results/all_microservices/allmicro-20260504T132028Z/phase3/calibration_checkoutservice_100_stats.csv,testing/results/all_microservices/allmicro-20260504T132028Z/phase3/calibration_checkoutservice_100_metrics.csv
phase3,calibration_checkoutservice_100,checkoutservice,checkout,calibration,100,180,completed,200,0,0,22572,4,0.0177,550.00,713.08,1300.00,1900.00,125.6558,paymentservice,iaas,iaas,11.1069,,,,,,,,,,,,,,prometheus:kubernetes,missing:mem_pct|request_count|error_count|error_pct|p50_ms|p95_ms|p99_ms|avg_latency_ms,testing/results/all_microservices/allmicro-20260504T132028Z/phase3/calibration_checkoutservice_100_stats.csv,testing/results/all_microservices/allmicro-20260504T132028Z/phase3/calibration_checkoutservice_100_metrics.csv
phase3,calibration_checkoutservice_100,checkoutservice,checkout,calibration,100,180,completed,200,0,0,22572,4,0.0177,550.00,713.08,1300.00,1900.00,125.6558,shippingservice,hybrid-dynamic,iaas,3.0661,,22067.4286,48.6654,,,7.02,77.90,109.45,14.48,4.95,,,,prometheus:kubernetes|bridge|openfaas|controller,missing:mem_pct|error_count|error_pct,testing/results/all_microservices/allmicro-20260504T132028Z/phase3/calibration_checkoutservice_100_stats.csv,testing/results/all_microservices/allmicro-20260504T132028Z/phase3/calibration_checkoutservice_100_metrics.csv
phase3,calibration_checkoutservice_100,checkoutservice,checkout,calibration,100,180,completed,200,0,0,22572,4,0.0177,550.00,713.08,1300.00,1900.00,125.6558,adservice,hybrid-dynamic,faas,9.7430,,13652.3077,48.0000,86.1538,0.6311,3.29,14.96,63.63,4.86,4.95,,,,prometheus:kubernetes|bridge|openfaas|controller,missing:mem_pct,testing/results/all_microservices/allmicro-20260504T132028Z/phase3/calibration_checkoutservice_100_stats.csv,testing/results/all_microservices/allmicro-20260504T132028Z/phase3/calibration_checkoutservice_100_metrics.csv
phase3,calibration_checkoutservice_100,checkoutservice,checkout,calibration,100,180,completed,200,0,0,22572,4,0.0177,550.00,713.08,1300.00,1900.00,125.6558,recommendationservice,iaas,iaas,33.4613,,,,,,,,,,,,,,prometheus:kubernetes,missing:mem_pct|request_count|error_count|error_pct|p50_ms|p95_ms|p99_ms|avg_latency_ms,testing/results/all_microservices/allmicro-20260504T132028Z/phase3/calibration_checkoutservice_100_stats.csv,testing/results/all_microservices/allmicro-20260504T132028Z/phase3/calibration_checkoutservice_100_metrics.csv
phase3,calibration_checkoutservice_100,checkoutservice,checkout,calibration,100,180,completed,200,0,0,22572,4,0.0177,550.00,713.08,1300.00,1900.00,125.6558,redis-cart,iaas,iaas,6.0154,,,,,,,,,,,,,,prometheus:kubernetes,missing:mem_pct|request_count|error_count|error_pct|p50_ms|p95_ms|p99_ms|avg_latency_ms,testing/results/all_microservices/allmicro-20260504T132028Z/phase3/calibration_checkoutservice_100_stats.csv,testing/results/all_microservices/allmicro-20260504T132028Z/phase3/calibration_checkoutservice_100_metrics.csv
phase3,calibration_checkoutservice_350,checkoutservice,checkout,calibration,350,180,completed,200,0,0,32070,0,0.0000,1700.00,1855.75,2800.00,3400.00,178.5963,frontend,iaas,iaas,57.3267,,,,,,,,,,,,,,prometheus:kubernetes,missing:mem_pct|request_count|error_count|error_pct|p50_ms|p95_ms|p99_ms|avg_latency_ms,testing/results/all_microservices/allmicro-20260504T132028Z/phase3/calibration_checkoutservice_350_stats.csv,testing/results/all_microservices/allmicro-20260504T132028Z/phase3/calibration_checkoutservice_350_metrics.csv
phase3,calibration_checkoutservice_350,checkoutservice,checkout,calibration,350,180,completed,200,0,0,32070,0,0.0000,1700.00,1855.75,2800.00,3400.00,178.5963,productcatalogservice,iaas,iaas,25.1401,,,,,,,,,,,,,,prometheus:kubernetes,missing:mem_pct|request_count|error_count|error_pct|p50_ms|p95_ms|p99_ms|avg_latency_ms,testing/results/all_microservices/allmicro-20260504T132028Z/phase3/calibration_checkoutservice_350_stats.csv,testing/results/all_microservices/allmicro-20260504T132028Z/phase3/calibration_checkoutservice_350_metrics.csv
phase3,calibration_checkoutservice_350,checkoutservice,checkout,calibration,350,180,completed,200,0,0,32070,0,0.0000,1700.00,1855.75,2800.00,3400.00,178.5963,cartservice,iaas,iaas,4.1107,,,,,,,,,,,,,,prometheus:kubernetes,missing:mem_pct|request_count|error_count|error_pct|p50_ms|p95_ms|p99_ms|avg_latency_ms,testing/results/all_microservices/allmicro-20260504T132028Z/phase3/calibration_checkoutservice_350_stats.csv,testing/results/all_microservices/allmicro-20260504T132028Z/phase3/calibration_checkoutservice_350_metrics.csv
phase3,calibration_checkoutservice_350,checkoutservice,checkout,calibration,350,180,completed,200,0,0,32070,0,0.0000,1700.00,1855.75,2800.00,3400.00,178.5963,checkoutservice,iaas,iaas,17.9574,,,,,,,,,,,,,,prometheus:kubernetes,missing:mem_pct|request_count|error_count|error_pct|p50_ms|p95_ms|p99_ms|avg_latency_ms,testing/results/all_microservices/allmicro-20260504T132028Z/phase3/calibration_checkoutservice_350_stats.csv,testing/results/all_microservices/allmicro-20260504T132028Z/phase3/calibration_checkoutservice_350_metrics.csv
phase3,calibration_checkoutservice_350,checkoutservice,checkout,calibration,350,180,completed,200,0,0,32070,0,0.0000,1700.00,1855.75,2800.00,3400.00,178.5963,currencyservice,hybrid-dynamic,iaas,25.1165,,38735.5556,,,,384.59,985.08,2140.10,425.39,4.98,,,,prometheus:kubernetes|bridge|openfaas|controller,missing:mem_pct|error_count|error_pct,testing/results/all_microservices/allmicro-20260504T132028Z/phase3/calibration_checkoutservice_350_stats.csv,testing/results/all_microservices/allmicro-20260504T132028Z/phase3/calibration_checkoutservice_350_metrics.csv
phase3,calibration_checkoutservice_350,checkoutservice,checkout,calibration,350,180,completed,200,0,0,32070,0,0.0000,1700.00,1855.75,2800.00,3400.00,178.5963,emailservice,hybrid-dynamic,faas,14.7093,,13729.2308,48.9778,0.0000,0.0000,7.80,69.84,154.20,14.41,4.96,,,,prometheus:kubernetes|bridge|openfaas|controller,missing:mem_pct,testing/results/all_microservices/allmicro-20260504T132028Z/phase3/calibration_checkoutservice_350_stats.csv,testing/results/all_microservices/allmicro-20260504T132028Z/phase3/calibration_checkoutservice_350_metrics.csv
phase3,calibration_checkoutservice_350,checkoutservice,checkout,calibration,350,180,completed,200,0,0,32070,0,0.0000,1700.00,1855.75,2800.00,3400.00,178.5963,paymentservice,iaas,iaas,10.1226,,,,,,,,,,,,,,prometheus:kubernetes,missing:mem_pct|request_count|error_count|error_pct|p50_ms|p95_ms|p99_ms|avg_latency_ms,testing/results/all_microservices/allmicro-20260504T132028Z/phase3/calibration_checkoutservice_350_stats.csv,testing/results/all_microservices/allmicro-20260504T132028Z/phase3/calibration_checkoutservice_350_metrics.csv
phase3,calibration_checkoutservice_350,checkoutservice,checkout,calibration,350,180,completed,200,0,0,32070,0,0.0000,1700.00,1855.75,2800.00,3400.00,178.5963,shippingservice,hybrid-dynamic,faas,26.3932,,25898.8129,165.0999,,,19.01,223.46,446.31,51.31,4.97,,,,prometheus:kubernetes|bridge|openfaas|controller,missing:mem_pct|error_count|error_pct,testing/results/all_microservices/allmicro-20260504T132028Z/phase3/calibration_checkoutservice_350_stats.csv,testing/results/all_microservices/allmicro-20260504T132028Z/phase3/calibration_checkoutservice_350_metrics.csv
phase3,calibration_checkoutservice_350,checkoutservice,checkout,calibration,350,180,completed,200,0,0,32070,0,0.0000,1700.00,1855.75,2800.00,3400.00,178.5963,adservice,hybrid-dynamic,faas,11.6098,,19284.1026,65.2444,388.7179,2.0157,6.29,56.64,98.28,12.16,4.95,,,,prometheus:kubernetes|bridge|openfaas|controller,missing:mem_pct,testing/results/all_microservices/allmicro-20260504T132028Z/phase3/calibration_checkoutservice_350_stats.csv,testing/results/all_microservices/allmicro-20260504T132028Z/phase3/calibration_checkoutservice_350_metrics.csv
phase3,calibration_checkoutservice_350,checkoutservice,checkout,calibration,350,180,completed,200,0,0,32070,0,0.0000,1700.00,1855.75,2800.00,3400.00,178.5963,recommendationservice,iaas,iaas,43.4647,,,,,,,,,,,,,,prometheus:kubernetes,missing:mem_pct|request_count|error_count|error_pct|p50_ms|p95_ms|p99_ms|avg_latency_ms,testing/results/all_microservices/allmicro-20260504T132028Z/phase3/calibration_checkoutservice_350_stats.csv,testing/results/all_microservices/allmicro-20260504T132028Z/phase3/calibration_checkoutservice_350_metrics.csv
phase3,calibration_checkoutservice_350,checkoutservice,checkout,calibration,350,180,completed,200,0,0,32070,0,0.0000,1700.00,1855.75,2800.00,3400.00,178.5963,redis-cart,iaas,iaas,5.9572,,,,,,,,,,,,,,prometheus:kubernetes,missing:mem_pct|request_count|error_count|error_pct|p50_ms|p95_ms|p99_ms|avg_latency_ms,testing/results/all_microservices/allmicro-20260504T132028Z/phase3/calibration_checkoutservice_350_stats.csv,testing/results/all_microservices/allmicro-20260504T132028Z/phase3/calibration_checkoutservice_350_metrics.csv
phase3,calibration_checkoutservice_500,checkoutservice,checkout,calibration,500,180,threshold_exceeded,200,0,0,17777,922,5.1865,4600.00,4859.34,9000.00,11000.00,98.8112,frontend,iaas,iaas,54.0616,,,,,,,,,,,,,,prometheus:kubernetes,missing:mem_pct|request_count|error_count|error_pct|p50_ms|p95_ms|p99_ms|avg_latency_ms,testing/results/all_microservices/allmicro-20260504T132028Z/phase3/calibration_checkoutservice_500_stats.csv,testing/results/all_microservices/allmicro-20260504T132028Z/phase3/calibration_checkoutservice_500_metrics.csv
phase3,calibration_checkoutservice_500,checkoutservice,checkout,calibration,500,180,threshold_exceeded,200,0,0,17777,922,5.1865,4600.00,4859.34,9000.00,11000.00,98.8112,productcatalogservice,iaas,iaas,23.7561,,,,,,,,,,,,,,prometheus:kubernetes,missing:mem_pct|request_count|error_count|error_pct|p50_ms|p95_ms|p99_ms|avg_latency_ms,testing/results/all_microservices/allmicro-20260504T132028Z/phase3/calibration_checkoutservice_500_stats.csv,testing/results/all_microservices/allmicro-20260504T132028Z/phase3/calibration_checkoutservice_500_metrics.csv
phase3,calibration_checkoutservice_500,checkoutservice,checkout,calibration,500,180,threshold_exceeded,200,0,0,17777,922,5.1865,4600.00,4859.34,9000.00,11000.00,98.8112,cartservice,iaas,iaas,3.7878,,,,,,,,,,,,,,prometheus:kubernetes,missing:mem_pct|request_count|error_count|error_pct|p50_ms|p95_ms|p99_ms|avg_latency_ms,testing/results/all_microservices/allmicro-20260504T132028Z/phase3/calibration_checkoutservice_500_stats.csv,testing/results/all_microservices/allmicro-20260504T132028Z/phase3/calibration_checkoutservice_500_metrics.csv
phase3,calibration_checkoutservice_500,checkoutservice,checkout,calibration,500,180,threshold_exceeded,200,0,0,17777,922,5.1865,4600.00,4859.34,9000.00,11000.00,98.8112,checkoutservice,iaas,iaas,16.4059,,,,,,,,,,,,,,prometheus:kubernetes,missing:mem_pct|request_count|error_count|error_pct|p50_ms|p95_ms|p99_ms|avg_latency_ms,testing/results/all_microservices/allmicro-20260504T132028Z/phase3/calibration_checkoutservice_500_stats.csv,testing/results/all_microservices/allmicro-20260504T132028Z/phase3/calibration_checkoutservice_500_metrics.csv
phase3,calibration_checkoutservice_500,checkoutservice,checkout,calibration,500,180,threshold_exceeded,200,0,0,17777,922,5.1865,4600.00,4859.34,9000.00,11000.00,98.8112,currencyservice,hybrid-dynamic,iaas,24.1871,,40739.2666,236.6000,,,1451.90,3729.92,4767.83,1433.78,4.98,,,,prometheus:kubernetes|bridge|openfaas|controller,missing:mem_pct|error_count|error_pct,testing/results/all_microservices/allmicro-20260504T132028Z/phase3/calibration_checkoutservice_500_stats.csv,testing/results/all_microservices/allmicro-20260504T132028Z/phase3/calibration_checkoutservice_500_metrics.csv
phase3,calibration_checkoutservice_500,checkoutservice,checkout,calibration,500,180,threshold_exceeded,200,0,0,17777,922,5.1865,4600.00,4859.34,9000.00,11000.00,98.8112,emailservice,hybrid-dynamic,faas,13.5606,,10962.7011,22.7576,0.0000,0.0000,8.17,70.58,146.55,14.84,4.96,,,,prometheus:kubernetes|bridge|openfaas|controller,missing:mem_pct,testing/results/all_microservices/allmicro-20260504T132028Z/phase3/calibration_checkoutservice_500_stats.csv,testing/results/all_microservices/allmicro-20260504T132028Z/phase3/calibration_checkoutservice_500_metrics.csv
phase3,calibration_checkoutservice_500,checkoutservice,checkout,calibration,500,180,threshold_exceeded,200,0,0,17777,922,5.1865,4600.00,4859.34,9000.00,11000.00,98.8112,paymentservice,iaas,iaas,8.5053,,,,,,,,,,,,,,prometheus:kubernetes,missing:mem_pct|request_count|error_count|error_pct|p50_ms|p95_ms|p99_ms|avg_latency_ms,testing/results/all_microservices/allmicro-20260504T132028Z/phase3/calibration_checkoutservice_500_stats.csv,testing/results/all_microservices/allmicro-20260504T132028Z/phase3/calibration_checkoutservice_500_metrics.csv
phase3,calibration_checkoutservice_500,checkoutservice,checkout,calibration,500,180,threshold_exceeded,200,0,0,17777,922,5.1865,4600.00,4859.34,9000.00,11000.00,98.8112,shippingservice,hybrid-dynamic,faas,21.3241,,19211.5336,46.6552,,,30.25,277.71,481.50,69.69,4.97,,,,prometheus:kubernetes|bridge|openfaas|controller,missing:mem_pct|error_count|error_pct,testing/results/all_microservices/allmicro-20260504T132028Z/phase3/calibration_checkoutservice_500_stats.csv,testing/results/all_microservices/allmicro-20260504T132028Z/phase3/calibration_checkoutservice_500_metrics.csv
phase3,calibration_checkoutservice_500,checkoutservice,checkout,calibration,500,180,threshold_exceeded,200,0,0,17777,922,5.1865,4600.00,4859.34,9000.00,11000.00,98.8112,adservice,hybrid-dynamic,faas,11.1378,,19375.3846,30.9333,685.1282,3.5361,7.48,77.17,165.36,15.89,4.96,,,,prometheus:kubernetes|bridge|openfaas|controller,missing:mem_pct,testing/results/all_microservices/allmicro-20260504T132028Z/phase3/calibration_checkoutservice_500_stats.csv,testing/results/all_microservices/allmicro-20260504T132028Z/phase3/calibration_checkoutservice_500_metrics.csv
phase3,calibration_checkoutservice_500,checkoutservice,checkout,calibration,500,180,threshold_exceeded,200,0,0,17777,922,5.1865,4600.00,4859.34,9000.00,11000.00,98.8112,recommendationservice,iaas,iaas,43.7822,,,,,,,,,,,,,,prometheus:kubernetes,missing:mem_pct|request_count|error_count|error_pct|p50_ms|p95_ms|p99_ms|avg_latency_ms,testing/results/all_microservices/allmicro-20260504T132028Z/phase3/calibration_checkoutservice_500_stats.csv,testing/results/all_microservices/allmicro-20260504T132028Z/phase3/calibration_checkoutservice_500_metrics.csv
phase3,calibration_checkoutservice_500,checkoutservice,checkout,calibration,500,180,threshold_exceeded,200,0,0,17777,922,5.1865,4600.00,4859.34,9000.00,11000.00,98.8112,redis-cart,iaas,iaas,5.6051,,,,,,,,,,,,,,prometheus:kubernetes,missing:mem_pct|request_count|error_count|error_pct|p50_ms|p95_ms|p99_ms|avg_latency_ms,testing/results/all_microservices/allmicro-20260504T132028Z/phase3/calibration_checkoutservice_500_stats.csv,testing/results/all_microservices/allmicro-20260504T132028Z/phase3/calibration_checkoutservice_500_metrics.csv
phase3,calibration_checkoutservice_200,checkoutservice,checkout,calibration,200,180,completed,200,0,0,22773,451,1.9804,1400.00,1488.49,3000.00,4500.00,126.6844,frontend,iaas,iaas,20.9277,,,,,,,,,,,,,,prometheus:kubernetes,missing:mem_pct|request_count|error_count|error_pct|p50_ms|p95_ms|p99_ms|avg_latency_ms,testing/results/all_microservices/allmicro-20260504T132028Z/phase3/calibration_checkoutservice_200_stats.csv,testing/results/all_microservices/allmicro-20260504T132028Z/phase3/calibration_checkoutservice_200_metrics.csv
phase3,calibration_checkoutservice_200,checkoutservice,checkout,calibration,200,180,completed,200,0,0,22773,451,1.9804,1400.00,1488.49,3000.00,4500.00,126.6844,productcatalogservice,iaas,iaas,8.6124,,,,,,,,,,,,,,prometheus:kubernetes,missing:mem_pct|request_count|error_count|error_pct|p50_ms|p95_ms|p99_ms|avg_latency_ms,testing/results/all_microservices/allmicro-20260504T132028Z/phase3/calibration_checkoutservice_200_stats.csv,testing/results/all_microservices/allmicro-20260504T132028Z/phase3/calibration_checkoutservice_200_metrics.csv
phase3,calibration_checkoutservice_200,checkoutservice,checkout,calibration,200,180,completed,200,0,0,22773,451,1.9804,1400.00,1488.49,3000.00,4500.00,126.6844,cartservice,iaas,iaas,1.3881,,,,,,,,,,,,,,prometheus:kubernetes,missing:mem_pct|request_count|error_count|error_pct|p50_ms|p95_ms|p99_ms|avg_latency_ms,testing/results/all_microservices/allmicro-20260504T132028Z/phase3/calibration_checkoutservice_200_stats.csv,testing/results/all_microservices/allmicro-20260504T132028Z/phase3/calibration_checkoutservice_200_metrics.csv
phase3,calibration_checkoutservice_200,checkoutservice,checkout,calibration,200,180,completed,200,0,0,22773,451,1.9804,1400.00,1488.49,3000.00,4500.00,126.6844,checkoutservice,iaas,iaas,5.9808,,,,,,,,,,,,,,prometheus:kubernetes,missing:mem_pct|request_count|error_count|error_pct|p50_ms|p95_ms|p99_ms|avg_latency_ms,testing/results/all_microservices/allmicro-20260504T132028Z/phase3/calibration_checkoutservice_200_stats.csv,testing/results/all_microservices/allmicro-20260504T132028Z/phase3/calibration_checkoutservice_200_metrics.csv
phase3,calibration_checkoutservice_200,checkoutservice,checkout,calibration,200,180,completed,200,0,0,22773,451,1.9804,1400.00,1488.49,3000.00,4500.00,126.6844,currencyservice,hybrid-dynamic,iaas,21.0365,,23105.5833,,,,374.24,994.77,2182.30,417.51,4.98,,,,prometheus:kubernetes|bridge|openfaas|controller,missing:mem_pct|error_count|error_pct,testing/results/all_microservices/allmicro-20260504T132028Z/phase3/calibration_checkoutservice_200_stats.csv,testing/results/all_microservices/allmicro-20260504T132028Z/phase3/calibration_checkoutservice_200_metrics.csv
phase3,calibration_checkoutservice_200,checkoutservice,checkout,calibration,200,180,completed,200,0,0,22773,451,1.9804,1400.00,1488.49,3000.00,4500.00,126.6844,emailservice,hybrid-dynamic,faas,4.7518,,6141.5385,46.2222,,,7.07,67.42,207.33,14.64,4.96,,,,prometheus:kubernetes|bridge|openfaas|controller,missing:mem_pct|error_count|error_pct,testing/results/all_microservices/allmicro-20260504T132028Z/phase3/calibration_checkoutservice_200_stats.csv,testing/results/all_microservices/allmicro-20260504T132028Z/phase3/calibration_checkoutservice_200_metrics.csv
phase3,calibration_checkoutservice_200,checkoutservice,checkout,calibration,200,180,completed,200,0,0,22773,451,1.9804,1400.00,1488.49,3000.00,4500.00,126.6844,paymentservice,iaas,iaas,2.8305,,,,,,,,,,,,,,prometheus:kubernetes,missing:mem_pct|request_count|error_count|error_pct|p50_ms|p95_ms|p99_ms|avg_latency_ms,testing/results/all_microservices/allmicro-20260504T132028Z/phase3/calibration_checkoutservice_200_stats.csv,testing/results/all_microservices/allmicro-20260504T132028Z/phase3/calibration_checkoutservice_200_metrics.csv
phase3,calibration_checkoutservice_200,checkoutservice,checkout,calibration,200,180,completed,200,0,0,22773,451,1.9804,1400.00,1488.49,3000.00,4500.00,126.6844,shippingservice,hybrid-dynamic,iaas,7.7831,,9911.8571,,0.0000,0.0000,12.49,135.39,270.26,31.34,4.96,,,,prometheus:kubernetes|bridge|openfaas|controller,missing:mem_pct,testing/results/all_microservices/allmicro-20260504T132028Z/phase3/calibration_checkoutservice_200_stats.csv,testing/results/all_microservices/allmicro-20260504T132028Z/phase3/calibration_checkoutservice_200_metrics.csv
phase3,calibration_checkoutservice_200,checkoutservice,checkout,calibration,200,180,completed,200,0,0,22773,451,1.9804,1400.00,1488.49,3000.00,4500.00,126.6844,adservice,hybrid-dynamic,faas,3.7869,,8463.5897,64.3556,19.4872,0.2302,4.55,23.70,84.44,8.08,4.95,,,,prometheus:kubernetes|bridge|openfaas|controller,missing:mem_pct,testing/results/all_microservices/allmicro-20260504T132028Z/phase3/calibration_checkoutservice_200_stats.csv,testing/results/all_microservices/allmicro-20260504T132028Z/phase3/calibration_checkoutservice_200_metrics.csv
phase3,calibration_checkoutservice_200,checkoutservice,checkout,calibration,200,180,completed,200,0,0,22773,451,1.9804,1400.00,1488.49,3000.00,4500.00,126.6844,recommendationservice,iaas,iaas,13.9810,,,,,,,,,,,,,,prometheus:kubernetes,missing:mem_pct|request_count|error_count|error_pct|p50_ms|p95_ms|p99_ms|avg_latency_ms,testing/results/all_microservices/allmicro-20260504T132028Z/phase3/calibration_checkoutservice_200_stats.csv,testing/results/all_microservices/allmicro-20260504T132028Z/phase3/calibration_checkoutservice_200_metrics.csv
phase3,calibration_checkoutservice_200,checkoutservice,checkout,calibration,200,180,completed,200,0,0,22773,451,1.9804,1400.00,1488.49,3000.00,4500.00,126.6844,redis-cart,iaas,iaas,3.9821,,,,,,,,,,,,,,prometheus:kubernetes,missing:mem_pct|request_count|error_count|error_pct|p50_ms|p95_ms|p99_ms|avg_latency_ms,testing/results/all_microservices/allmicro-20260504T132028Z/phase3/calibration_checkoutservice_200_stats.csv,testing/results/all_microservices/allmicro-20260504T132028Z/phase3/calibration_checkoutservice_200_metrics.csv
phase1,phase1_checkoutservice_200,checkoutservice,checkout,iaas-only,200,300,completed,200,0,0,50777,0,0.0000,860.00,1092.29,1800.00,2300.00,169.7294,frontend,iaas,iaas,43.4018,,,,,,,,,,,,,,prometheus:kubernetes,missing:mem_pct|request_count|error_count|error_pct|p50_ms|p95_ms|p99_ms|avg_latency_ms,testing/results/all_microservices/allmicro-20260504T132028Z/phase1/phase1_checkoutservice_200_stats.csv,testing/results/all_microservices/allmicro-20260504T132028Z/phase1/phase1_checkoutservice_200_metrics.csv
phase1,phase1_checkoutservice_200,checkoutservice,checkout,iaas-only,200,300,completed,200,0,0,50777,0,0.0000,860.00,1092.29,1800.00,2300.00,169.7294,productcatalogservice,iaas,iaas,19.4400,,,,,,,,,,,,,,prometheus:kubernetes,missing:mem_pct|request_count|error_count|error_pct|p50_ms|p95_ms|p99_ms|avg_latency_ms,testing/results/all_microservices/allmicro-20260504T132028Z/phase1/phase1_checkoutservice_200_stats.csv,testing/results/all_microservices/allmicro-20260504T132028Z/phase1/phase1_checkoutservice_200_metrics.csv
phase1,phase1_checkoutservice_200,checkoutservice,checkout,iaas-only,200,300,completed,200,0,0,50777,0,0.0000,860.00,1092.29,1800.00,2300.00,169.7294,cartservice,iaas,iaas,4.0631,,,,,,,,,,,,,,prometheus:kubernetes,missing:mem_pct|request_count|error_count|error_pct|p50_ms|p95_ms|p99_ms|avg_latency_ms,testing/results/all_microservices/allmicro-20260504T132028Z/phase1/phase1_checkoutservice_200_stats.csv,testing/results/all_microservices/allmicro-20260504T132028Z/phase1/phase1_checkoutservice_200_metrics.csv
phase1,phase1_checkoutservice_200,checkoutservice,checkout,iaas-only,200,300,completed,200,0,0,50777,0,0.0000,860.00,1092.29,1800.00,2300.00,169.7294,checkoutservice,iaas,iaas,14.9765,,,,,,,,,,,,,,prometheus:kubernetes,missing:mem_pct|request_count|error_count|error_pct|p50_ms|p95_ms|p99_ms|avg_latency_ms,testing/results/all_microservices/allmicro-20260504T132028Z/phase1/phase1_checkoutservice_200_stats.csv,testing/results/all_microservices/allmicro-20260504T132028Z/phase1/phase1_checkoutservice_200_metrics.csv
phase1,phase1_checkoutservice_200,checkoutservice,checkout,iaas-only,200,300,completed,200,0,0,50777,0,0.0000,860.00,1092.29,1800.00,2300.00,169.7294,currencyservice,iaas,iaas,22.1333,,,,,,,,,,,,,,prometheus:kubernetes,missing:mem_pct|request_count|error_count|error_pct|p50_ms|p95_ms|p99_ms|avg_latency_ms,testing/results/all_microservices/allmicro-20260504T132028Z/phase1/phase1_checkoutservice_200_stats.csv,testing/results/all_microservices/allmicro-20260504T132028Z/phase1/phase1_checkoutservice_200_metrics.csv
phase1,phase1_checkoutservice_200,checkoutservice,checkout,iaas-only,200,300,completed,200,0,0,50777,0,0.0000,860.00,1092.29,1800.00,2300.00,169.7294,emailservice,iaas,iaas,17.8421,,,,,,,,,,,,,,prometheus:kubernetes,missing:mem_pct|request_count|error_count|error_pct|p50_ms|p95_ms|p99_ms|avg_latency_ms,testing/results/all_microservices/allmicro-20260504T132028Z/phase1/phase1_checkoutservice_200_stats.csv,testing/results/all_microservices/allmicro-20260504T132028Z/phase1/phase1_checkoutservice_200_metrics.csv
phase1,phase1_checkoutservice_200,checkoutservice,checkout,iaas-only,200,300,completed,200,0,0,50777,0,0.0000,860.00,1092.29,1800.00,2300.00,169.7294,paymentservice,iaas,iaas,9.8227,,,,,,,,,,,,,,prometheus:kubernetes,missing:mem_pct|request_count|error_count|error_pct|p50_ms|p95_ms|p99_ms|avg_latency_ms,testing/results/all_microservices/allmicro-20260504T132028Z/phase1/phase1_checkoutservice_200_stats.csv,testing/results/all_microservices/allmicro-20260504T132028Z/phase1/phase1_checkoutservice_200_metrics.csv
phase1,phase1_checkoutservice_200,checkoutservice,checkout,iaas-only,200,300,completed,200,0,0,50777,0,0.0000,860.00,1092.29,1800.00,2300.00,169.7294,shippingservice,iaas,iaas,5.6031,,,,,,,,,,,,,,prometheus:kubernetes,missing:mem_pct|request_count|error_count|error_pct|p50_ms|p95_ms|p99_ms|avg_latency_ms,testing/results/all_microservices/allmicro-20260504T132028Z/phase1/phase1_checkoutservice_200_stats.csv,testing/results/all_microservices/allmicro-20260504T132028Z/phase1/phase1_checkoutservice_200_metrics.csv
phase1,phase1_checkoutservice_200,checkoutservice,checkout,iaas-only,200,300,completed,200,0,0,50777,0,0.0000,860.00,1092.29,1800.00,2300.00,169.7294,adservice,iaas,iaas,7.8249,,,,,,,,,,,,,,prometheus:kubernetes,missing:mem_pct|request_count|error_count|error_pct|p50_ms|p95_ms|p99_ms|avg_latency_ms,testing/results/all_microservices/allmicro-20260504T132028Z/phase1/phase1_checkoutservice_200_stats.csv,testing/results/all_microservices/allmicro-20260504T132028Z/phase1/phase1_checkoutservice_200_metrics.csv
phase1,phase1_checkoutservice_200,checkoutservice,checkout,iaas-only,200,300,completed,200,0,0,50777,0,0.0000,860.00,1092.29,1800.00,2300.00,169.7294,recommendationservice,iaas,iaas,37.9338,,,,,,,,,,,,,,prometheus:kubernetes,missing:mem_pct|request_count|error_count|error_pct|p50_ms|p95_ms|p99_ms|avg_latency_ms,testing/results/all_microservices/allmicro-20260504T132028Z/phase1/phase1_checkoutservice_200_stats.csv,testing/results/all_microservices/allmicro-20260504T132028Z/phase1/phase1_checkoutservice_200_metrics.csv
phase1,phase1_checkoutservice_200,checkoutservice,checkout,iaas-only,200,300,completed,200,0,0,50777,0,0.0000,860.00,1092.29,1800.00,2300.00,169.7294,redis-cart,iaas,iaas,5.4909,,,,,,,,,,,,,,prometheus:kubernetes,missing:mem_pct|request_count|error_count|error_pct|p50_ms|p95_ms|p99_ms|avg_latency_ms,testing/results/all_microservices/allmicro-20260504T132028Z/phase1/phase1_checkoutservice_200_stats.csv,testing/results/all_microservices/allmicro-20260504T132028Z/phase1/phase1_checkoutservice_200_metrics.csv
phase3,phase3_checkoutservice_200,checkoutservice,checkout,hybrid,200,300,completed,200,0,0,43180,196,0.4539,1100.00,1298.89,2600.00,3700.00,144.3587,frontend,iaas,iaas,41.6239,,,,,,,,,,,,,,prometheus:kubernetes,missing:mem_pct|request_count|error_count|error_pct|p50_ms|p95_ms|p99_ms|avg_latency_ms,testing/results/all_microservices/allmicro-20260504T132028Z/phase3/phase3_checkoutservice_200_stats.csv,testing/results/all_microservices/allmicro-20260504T132028Z/phase3/phase3_checkoutservice_200_metrics.csv
phase3,phase3_checkoutservice_200,checkoutservice,checkout,hybrid,200,300,completed,200,0,0,43180,196,0.4539,1100.00,1298.89,2600.00,3700.00,144.3587,productcatalogservice,iaas,iaas,17.8981,,,,,,,,,,,,,,prometheus:kubernetes,missing:mem_pct|request_count|error_count|error_pct|p50_ms|p95_ms|p99_ms|avg_latency_ms,testing/results/all_microservices/allmicro-20260504T132028Z/phase3/phase3_checkoutservice_200_stats.csv,testing/results/all_microservices/allmicro-20260504T132028Z/phase3/phase3_checkoutservice_200_metrics.csv
phase3,phase3_checkoutservice_200,checkoutservice,checkout,hybrid,200,300,completed,200,0,0,43180,196,0.4539,1100.00,1298.89,2600.00,3700.00,144.3587,cartservice,iaas,iaas,3.3488,,,,,,,,,,,,,,prometheus:kubernetes,missing:mem_pct|request_count|error_count|error_pct|p50_ms|p95_ms|p99_ms|avg_latency_ms,testing/results/all_microservices/allmicro-20260504T132028Z/phase3/phase3_checkoutservice_200_stats.csv,testing/results/all_microservices/allmicro-20260504T132028Z/phase3/phase3_checkoutservice_200_metrics.csv
phase3,phase3_checkoutservice_200,checkoutservice,checkout,hybrid,200,300,completed,200,0,0,43180,196,0.4539,1100.00,1298.89,2600.00,3700.00,144.3587,checkoutservice,iaas,iaas,13.6096,,,,,,,,,,,,,,prometheus:kubernetes,missing:mem_pct|request_count|error_count|error_pct|p50_ms|p95_ms|p99_ms|avg_latency_ms,testing/results/all_microservices/allmicro-20260504T132028Z/phase3/phase3_checkoutservice_200_stats.csv,testing/results/all_microservices/allmicro-20260504T132028Z/phase3/phase3_checkoutservice_200_metrics.csv
phase3,phase3_checkoutservice_200,checkoutservice,checkout,hybrid,200,300,completed,200,0,0,43180,196,0.4539,1100.00,1298.89,2600.00,3700.00,144.3587,currencyservice,hybrid-dynamic,iaas,49.3133,,25650.6667,,,,400.94,970.90,2029.59,432.17,4.98,,,,prometheus:kubernetes|bridge|openfaas|controller,missing:mem_pct|error_count|error_pct,testing/results/all_microservices/allmicro-20260504T132028Z/phase3/phase3_checkoutservice_200_stats.csv,testing/results/all_microservices/allmicro-20260504T132028Z/phase3/phase3_checkoutservice_200_metrics.csv
phase3,phase3_checkoutservice_200,checkoutservice,checkout,hybrid,200,300,completed,200,0,0,43180,196,0.4539,1100.00,1298.89,2600.00,3700.00,144.3587,emailservice,hybrid-dynamic,faas,11.4442,,11773.3333,49.6889,,,6.49,57.39,191.21,12.71,4.95,,,,prometheus:kubernetes|bridge|openfaas|controller,missing:mem_pct|error_count|error_pct,testing/results/all_microservices/allmicro-20260504T132028Z/phase3/phase3_checkoutservice_200_stats.csv,testing/results/all_microservices/allmicro-20260504T132028Z/phase3/phase3_checkoutservice_200_metrics.csv
phase3,phase3_checkoutservice_200,checkoutservice,checkout,hybrid,200,300,completed,200,0,0,43180,196,0.4539,1100.00,1298.89,2600.00,3700.00,144.3587,paymentservice,iaas,iaas,6.0944,,,,,,,,,,,,,,prometheus:kubernetes,missing:mem_pct|request_count|error_count|error_pct|p50_ms|p95_ms|p99_ms|avg_latency_ms,testing/results/all_microservices/allmicro-20260504T132028Z/phase3/phase3_checkoutservice_200_stats.csv,testing/results/all_microservices/allmicro-20260504T132028Z/phase3/phase3_checkoutservice_200_metrics.csv
phase3,phase3_checkoutservice_200,checkoutservice,checkout,hybrid,200,300,completed,200,0,0,43180,196,0.4539,1100.00,1298.89,2600.00,3700.00,144.3587,shippingservice,hybrid-dynamic,iaas,12.1787,,12539.8750,,,,11.44,90.99,172.69,23.73,4.96,,,,prometheus:kubernetes|bridge|openfaas|controller,missing:mem_pct|error_count|error_pct,testing/results/all_microservices/allmicro-20260504T132028Z/phase3/phase3_checkoutservice_200_stats.csv,testing/results/all_microservices/allmicro-20260504T132028Z/phase3/phase3_checkoutservice_200_metrics.csv
phase3,phase3_checkoutservice_200,checkoutservice,checkout,hybrid,200,300,completed,200,0,0,43180,196,0.4539,1100.00,1298.89,2600.00,3700.00,144.3587,adservice,hybrid-dynamic,faas,9.2085,,15868.7179,64.8000,33.8462,0.2133,4.84,22.07,67.43,7.10,4.95,,,,prometheus:kubernetes|bridge|openfaas|controller,missing:mem_pct,testing/results/all_microservices/allmicro-20260504T132028Z/phase3/phase3_checkoutservice_200_stats.csv,testing/results/all_microservices/allmicro-20260504T132028Z/phase3/phase3_checkoutservice_200_metrics.csv
phase3,phase3_checkoutservice_200,checkoutservice,checkout,hybrid,200,300,completed,200,0,0,43180,196,0.4539,1100.00,1298.89,2600.00,3700.00,144.3587,recommendationservice,iaas,iaas,32.6204,,,,,,,,,,,,,,prometheus:kubernetes,missing:mem_pct|request_count|error_count|error_pct|p50_ms|p95_ms|p99_ms|avg_latency_ms,testing/results/all_microservices/allmicro-20260504T132028Z/phase3/phase3_checkoutservice_200_stats.csv,testing/results/all_microservices/allmicro-20260504T132028Z/phase3/phase3_checkoutservice_200_metrics.csv
phase3,phase3_checkoutservice_200,checkoutservice,checkout,hybrid,200,300,completed,200,0,0,43180,196,0.4539,1100.00,1298.89,2600.00,3700.00,144.3587,redis-cart,iaas,iaas,5.2603,,,,,,,,,,,,,,prometheus:kubernetes,missing:mem_pct|request_count|error_count|error_pct|p50_ms|p95_ms|p99_ms|avg_latency_ms,testing/results/all_microservices/allmicro-20260504T132028Z/phase3/phase3_checkoutservice_200_stats.csv,testing/results/all_microservices/allmicro-20260504T132028Z/phase3/phase3_checkoutservice_200_metrics.csv
phase3,calibration_currencyservice_50,currencyservice,currency,calibration,50,180,completed,200,0,0,7128,94,1.3187,650.00,1071.97,2200.00,2500.00,39.6689,frontend,iaas,iaas,42.2480,,,,,,,,,,,,,,prometheus:kubernetes,missing:mem_pct|request_count|error_count|error_pct|p50_ms|p95_ms|p99_ms|avg_latency_ms,testing/results/all_microservices/allmicro-20260504T132028Z/phase3/calibration_currencyservice_50_stats.csv,testing/results/all_microservices/allmicro-20260504T132028Z/phase3/calibration_currencyservice_50_metrics.csv
phase3,calibration_currencyservice_50,currencyservice,currency,calibration,50,180,completed,200,0,0,7128,94,1.3187,650.00,1071.97,2200.00,2500.00,39.6689,productcatalogservice,iaas,iaas,3.9429,,,,,,,,,,,,,,prometheus:kubernetes,missing:mem_pct|request_count|error_count|error_pct|p50_ms|p95_ms|p99_ms|avg_latency_ms,testing/results/all_microservices/allmicro-20260504T132028Z/phase3/calibration_currencyservice_50_stats.csv,testing/results/all_microservices/allmicro-20260504T132028Z/phase3/calibration_currencyservice_50_metrics.csv
phase3,calibration_currencyservice_50,currencyservice,currency,calibration,50,180,completed,200,0,0,7128,94,1.3187,650.00,1071.97,2200.00,2500.00,39.6689,cartservice,iaas,iaas,1.7800,,,,,,,,,,,,,,prometheus:kubernetes,missing:mem_pct|request_count|error_count|error_pct|p50_ms|p95_ms|p99_ms|avg_latency_ms,testing/results/all_microservices/allmicro-20260504T132028Z/phase3/calibration_currencyservice_50_stats.csv,testing/results/all_microservices/allmicro-20260504T132028Z/phase3/calibration_currencyservice_50_metrics.csv
phase3,calibration_currencyservice_50,currencyservice,currency,calibration,50,180,completed,200,0,0,7128,94,1.3187,650.00,1071.97,2200.00,2500.00,39.6689,checkoutservice,iaas,iaas,0.0111,,,,,,,,,,,,,,prometheus:kubernetes,missing:mem_pct|request_count|error_count|error_pct|p50_ms|p95_ms|p99_ms|avg_latency_ms,testing/results/all_microservices/allmicro-20260504T132028Z/phase3/calibration_currencyservice_50_stats.csv,testing/results/all_microservices/allmicro-20260504T132028Z/phase3/calibration_currencyservice_50_metrics.csv
phase3,calibration_currencyservice_50,currencyservice,currency,calibration,50,180,completed,200,0,0,7128,94,1.3187,650.00,1071.97,2200.00,2500.00,39.6689,currencyservice,hybrid-dynamic,iaas,44.5058,,30908.1250,,0.0000,0.0000,93.19,248.56,446.22,109.45,4.96,,,,prometheus:kubernetes|bridge|openfaas|controller,missing:mem_pct,testing/results/all_microservices/allmicro-20260504T132028Z/phase3/calibration_currencyservice_50_stats.csv,testing/results/all_microservices/allmicro-20260504T132028Z/phase3/calibration_currencyservice_50_metrics.csv
phase3,calibration_currencyservice_50,currencyservice,currency,calibration,50,180,completed,200,0,0,7128,94,1.3187,650.00,1071.97,2200.00,2500.00,39.6689,emailservice,hybrid-dynamic,faas,0.0773,,,,,,,,,,,,,,prometheus:kubernetes|bridge|openfaas|controller,missing:mem_pct|request_count|error_count|error_pct|p50_ms|p95_ms|p99_ms|avg_latency_ms,testing/results/all_microservices/allmicro-20260504T132028Z/phase3/calibration_currencyservice_50_stats.csv,testing/results/all_microservices/allmicro-20260504T132028Z/phase3/calibration_currencyservice_50_metrics.csv
phase3,calibration_currencyservice_50,currencyservice,currency,calibration,50,180,completed,200,0,0,7128,94,1.3187,650.00,1071.97,2200.00,2500.00,39.6689,paymentservice,iaas,iaas,0.0036,,,,,,,,,,,,,,prometheus:kubernetes,missing:mem_pct|request_count|error_count|error_pct|p50_ms|p95_ms|p99_ms|avg_latency_ms,testing/results/all_microservices/allmicro-20260504T132028Z/phase3/calibration_currencyservice_50_stats.csv,testing/results/all_microservices/allmicro-20260504T132028Z/phase3/calibration_currencyservice_50_metrics.csv
phase3,calibration_currencyservice_50,currencyservice,currency,calibration,50,180,completed,200,0,0,7128,94,1.3187,650.00,1071.97,2200.00,2500.00,39.6689,shippingservice,hybrid-dynamic,faas,0.0748,,,,,,,,,,,,,,prometheus:kubernetes|bridge|openfaas|controller,missing:mem_pct|request_count|error_count|error_pct|p50_ms|p95_ms|p99_ms|avg_latency_ms,testing/results/all_microservices/allmicro-20260504T132028Z/phase3/calibration_currencyservice_50_stats.csv,testing/results/all_microservices/allmicro-20260504T132028Z/phase3/calibration_currencyservice_50_metrics.csv
phase3,calibration_currencyservice_50,currencyservice,currency,calibration,50,180,completed,200,0,0,7128,94,1.3187,650.00,1071.97,2200.00,2500.00,39.6689,adservice,hybrid-dynamic,faas,11.2135,,15068.0369,64.7111,0.0000,0.0000,2.65,5.90,24.92,2.62,4.95,,,,prometheus:kubernetes|bridge|openfaas|controller,missing:mem_pct,testing/results/all_microservices/allmicro-20260504T132028Z/phase3/calibration_currencyservice_50_stats.csv,testing/results/all_microservices/allmicro-20260504T132028Z/phase3/calibration_currencyservice_50_metrics.csv
phase3,calibration_currencyservice_50,currencyservice,currency,calibration,50,180,completed,200,0,0,7128,94,1.3187,650.00,1071.97,2200.00,2500.00,39.6689,recommendationservice,iaas,iaas,0.1637,,,,,,,,,,,,,,prometheus:kubernetes,missing:mem_pct|request_count|error_count|error_pct|p50_ms|p95_ms|p99_ms|avg_latency_ms,testing/results/all_microservices/allmicro-20260504T132028Z/phase3/calibration_currencyservice_50_stats.csv,testing/results/all_microservices/allmicro-20260504T132028Z/phase3/calibration_currencyservice_50_metrics.csv
phase3,calibration_currencyservice_50,currencyservice,currency,calibration,50,180,completed,200,0,0,7128,94,1.3187,650.00,1071.97,2200.00,2500.00,39.6689,redis-cart,iaas,iaas,3.7890,,,,,,,,,,,,,,prometheus:kubernetes,missing:mem_pct|request_count|error_count|error_pct|p50_ms|p95_ms|p99_ms|avg_latency_ms,testing/results/all_microservices/allmicro-20260504T132028Z/phase3/calibration_currencyservice_50_stats.csv,testing/results/all_microservices/allmicro-20260504T132028Z/phase3/calibration_currencyservice_50_metrics.csv
phase1,phase1_currencyservice_50,currencyservice,currency,iaas-only,50,300,completed,200,0,0,17258,0,0.0000,680.00,675.51,960.00,1500.00,57.7347,frontend,iaas,iaas,40.6390,,,,,,,,,,,,,,prometheus:kubernetes,missing:mem_pct|request_count|error_count|error_pct|p50_ms|p95_ms|p99_ms|avg_latency_ms,testing/results/all_microservices/allmicro-20260504T132028Z/phase1/phase1_currencyservice_50_stats.csv,testing/results/all_microservices/allmicro-20260504T132028Z/phase1/phase1_currencyservice_50_metrics.csv
phase1,phase1_currencyservice_50,currencyservice,currency,iaas-only,50,300,completed,200,0,0,17258,0,0.0000,680.00,675.51,960.00,1500.00,57.7347,productcatalogservice,iaas,iaas,3.8796,,,,,,,,,,,,,,prometheus:kubernetes,missing:mem_pct|request_count|error_count|error_pct|p50_ms|p95_ms|p99_ms|avg_latency_ms,testing/results/all_microservices/allmicro-20260504T132028Z/phase1/phase1_currencyservice_50_stats.csv,testing/results/all_microservices/allmicro-20260504T132028Z/phase1/phase1_currencyservice_50_metrics.csv
phase1,phase1_currencyservice_50,currencyservice,currency,iaas-only,50,300,completed,200,0,0,17258,0,0.0000,680.00,675.51,960.00,1500.00,57.7347,cartservice,iaas,iaas,2.0012,,,,,,,,,,,,,,prometheus:kubernetes,missing:mem_pct|request_count|error_count|error_pct|p50_ms|p95_ms|p99_ms|avg_latency_ms,testing/results/all_microservices/allmicro-20260504T132028Z/phase1/phase1_currencyservice_50_stats.csv,testing/results/all_microservices/allmicro-20260504T132028Z/phase1/phase1_currencyservice_50_metrics.csv
phase1,phase1_currencyservice_50,currencyservice,currency,iaas-only,50,300,completed,200,0,0,17258,0,0.0000,680.00,675.51,960.00,1500.00,57.7347,checkoutservice,iaas,iaas,0.0081,,,,,,,,,,,,,,prometheus:kubernetes,missing:mem_pct|request_count|error_count|error_pct|p50_ms|p95_ms|p99_ms|avg_latency_ms,testing/results/all_microservices/allmicro-20260504T132028Z/phase1/phase1_currencyservice_50_stats.csv,testing/results/all_microservices/allmicro-20260504T132028Z/phase1/phase1_currencyservice_50_metrics.csv
phase1,phase1_currencyservice_50,currencyservice,currency,iaas-only,50,300,completed,200,0,0,17258,0,0.0000,680.00,675.51,960.00,1500.00,57.7347,currencyservice,iaas,iaas,37.0023,,,,,,,,,,,,,,prometheus:kubernetes,missing:mem_pct|request_count|error_count|error_pct|p50_ms|p95_ms|p99_ms|avg_latency_ms,testing/results/all_microservices/allmicro-20260504T132028Z/phase1/phase1_currencyservice_50_stats.csv,testing/results/all_microservices/allmicro-20260504T132028Z/phase1/phase1_currencyservice_50_metrics.csv
phase1,phase1_currencyservice_50,currencyservice,currency,iaas-only,50,300,completed,200,0,0,17258,0,0.0000,680.00,675.51,960.00,1500.00,57.7347,emailservice,iaas,iaas,0.4876,,,,,,,,,,,,,,prometheus:kubernetes,missing:mem_pct|request_count|error_count|error_pct|p50_ms|p95_ms|p99_ms|avg_latency_ms,testing/results/all_microservices/allmicro-20260504T132028Z/phase1/phase1_currencyservice_50_stats.csv,testing/results/all_microservices/allmicro-20260504T132028Z/phase1/phase1_currencyservice_50_metrics.csv
phase1,phase1_currencyservice_50,currencyservice,currency,iaas-only,50,300,completed,200,0,0,17258,0,0.0000,680.00,675.51,960.00,1500.00,57.7347,paymentservice,iaas,iaas,0.0000,,,,,,,,,,,,,,prometheus:kubernetes,missing:mem_pct|request_count|error_count|error_pct|p50_ms|p95_ms|p99_ms|avg_latency_ms,testing/results/all_microservices/allmicro-20260504T132028Z/phase1/phase1_currencyservice_50_stats.csv,testing/results/all_microservices/allmicro-20260504T132028Z/phase1/phase1_currencyservice_50_metrics.csv
phase1,phase1_currencyservice_50,currencyservice,currency,iaas-only,50,300,completed,200,0,0,17258,0,0.0000,680.00,675.51,960.00,1500.00,57.7347,shippingservice,iaas,iaas,0.0052,,,,,,,,,,,,,,prometheus:kubernetes,missing:mem_pct|request_count|error_count|error_pct|p50_ms|p95_ms|p99_ms|avg_latency_ms,testing/results/all_microservices/allmicro-20260504T132028Z/phase1/phase1_currencyservice_50_stats.csv,testing/results/all_microservices/allmicro-20260504T132028Z/phase1/phase1_currencyservice_50_metrics.csv
phase1,phase1_currencyservice_50,currencyservice,currency,iaas-only,50,300,completed,200,0,0,17258,0,0.0000,680.00,675.51,960.00,1500.00,57.7347,adservice,iaas,iaas,3.2147,,,,,,,,,,,,,,prometheus:kubernetes,missing:mem_pct|request_count|error_count|error_pct|p50_ms|p95_ms|p99_ms|avg_latency_ms,testing/results/all_microservices/allmicro-20260504T132028Z/phase1/phase1_currencyservice_50_stats.csv,testing/results/all_microservices/allmicro-20260504T132028Z/phase1/phase1_currencyservice_50_metrics.csv
phase1,phase1_currencyservice_50,currencyservice,currency,iaas-only,50,300,completed,200,0,0,17258,0,0.0000,680.00,675.51,960.00,1500.00,57.7347,recommendationservice,iaas,iaas,0.2460,,,,,,,,,,,,,,prometheus:kubernetes,missing:mem_pct|request_count|error_count|error_pct|p50_ms|p95_ms|p99_ms|avg_latency_ms,testing/results/all_microservices/allmicro-20260504T132028Z/phase1/phase1_currencyservice_50_stats.csv,testing/results/all_microservices/allmicro-20260504T132028Z/phase1/phase1_currencyservice_50_metrics.csv
phase1,phase1_currencyservice_50,currencyservice,currency,iaas-only,50,300,completed,200,0,0,17258,0,0.0000,680.00,675.51,960.00,1500.00,57.7347,redis-cart,iaas,iaas,3.8765,,,,,,,,,,,,,,prometheus:kubernetes,missing:mem_pct|request_count|error_count|error_pct|p50_ms|p95_ms|p99_ms|avg_latency_ms,testing/results/all_microservices/allmicro-20260504T132028Z/phase1/phase1_currencyservice_50_stats.csv,testing/results/all_microservices/allmicro-20260504T132028Z/phase1/phase1_currencyservice_50_metrics.csv
phase3,phase3_currencyservice_50,currencyservice,currency,hybrid,50,300,completed,200,0,0,15641,96,0.6138,610.00,766.96,1900.00,2400.00,52.2746,frontend,iaas,iaas,35.6623,,,,,,,,,,,,,,prometheus:kubernetes,missing:mem_pct|request_count|error_count|error_pct|p50_ms|p95_ms|p99_ms|avg_latency_ms,testing/results/all_microservices/allmicro-20260504T132028Z/phase3/phase3_currencyservice_50_stats.csv,testing/results/all_microservices/allmicro-20260504T132028Z/phase3/phase3_currencyservice_50_metrics.csv
phase3,phase3_currencyservice_50,currencyservice,currency,hybrid,50,300,completed,200,0,0,15641,96,0.6138,610.00,766.96,1900.00,2400.00,52.2746,productcatalogservice,iaas,iaas,3.2343,,,,,,,,,,,,,,prometheus:kubernetes,missing:mem_pct|request_count|error_count|error_pct|p50_ms|p95_ms|p99_ms|avg_latency_ms,testing/results/all_microservices/allmicro-20260504T132028Z/phase3/phase3_currencyservice_50_stats.csv,testing/results/all_microservices/allmicro-20260504T132028Z/phase3/phase3_currencyservice_50_metrics.csv
phase3,phase3_currencyservice_50,currencyservice,currency,hybrid,50,300,completed,200,0,0,15641,96,0.6138,610.00,766.96,1900.00,2400.00,52.2746,cartservice,iaas,iaas,1.6723,,,,,,,,,,,,,,prometheus:kubernetes,missing:mem_pct|request_count|error_count|error_pct|p50_ms|p95_ms|p99_ms|avg_latency_ms,testing/results/all_microservices/allmicro-20260504T132028Z/phase3/phase3_currencyservice_50_stats.csv,testing/results/all_microservices/allmicro-20260504T132028Z/phase3/phase3_currencyservice_50_metrics.csv
phase3,phase3_currencyservice_50,currencyservice,currency,hybrid,50,300,completed,200,0,0,15641,96,0.6138,610.00,766.96,1900.00,2400.00,52.2746,checkoutservice,iaas,iaas,0.0063,,,,,,,,,,,,,,prometheus:kubernetes,missing:mem_pct|request_count|error_count|error_pct|p50_ms|p95_ms|p99_ms|avg_latency_ms,testing/results/all_microservices/allmicro-20260504T132028Z/phase3/phase3_currencyservice_50_stats.csv,testing/results/all_microservices/allmicro-20260504T132028Z/phase3/phase3_currencyservice_50_metrics.csv
phase3,phase3_currencyservice_50,currencyservice,currency,hybrid,50,300,completed,200,0,0,15641,96,0.6138,610.00,766.96,1900.00,2400.00,52.2746,currencyservice,hybrid-dynamic,iaas,69.5719,,18270.0000,,,,90.27,243.51,436.43,104.78,4.96,,,,prometheus:kubernetes|bridge|openfaas|controller,missing:mem_pct|error_count|error_pct,testing/results/all_microservices/allmicro-20260504T132028Z/phase3/phase3_currencyservice_50_stats.csv,testing/results/all_microservices/allmicro-20260504T132028Z/phase3/phase3_currencyservice_50_metrics.csv
phase3,phase3_currencyservice_50,currencyservice,currency,hybrid,50,300,completed,200,0,0,15641,96,0.6138,610.00,766.96,1900.00,2400.00,52.2746,emailservice,hybrid-dynamic,faas,0.0591,,,,,,,,,,,,,,prometheus:kubernetes|bridge|openfaas|controller,missing:mem_pct|request_count|error_count|error_pct|p50_ms|p95_ms|p99_ms|avg_latency_ms,testing/results/all_microservices/allmicro-20260504T132028Z/phase3/phase3_currencyservice_50_stats.csv,testing/results/all_microservices/allmicro-20260504T132028Z/phase3/phase3_currencyservice_50_metrics.csv
phase3,phase3_currencyservice_50,currencyservice,currency,hybrid,50,300,completed,200,0,0,15641,96,0.6138,610.00,766.96,1900.00,2400.00,52.2746,paymentservice,iaas,iaas,0.0000,,,,,,,,,,,,,,prometheus:kubernetes,missing:mem_pct|request_count|error_count|error_pct|p50_ms|p95_ms|p99_ms|avg_latency_ms,testing/results/all_microservices/allmicro-20260504T132028Z/phase3/phase3_currencyservice_50_stats.csv,testing/results/all_microservices/allmicro-20260504T132028Z/phase3/phase3_currencyservice_50_metrics.csv
phase3,phase3_currencyservice_50,currencyservice,currency,hybrid,50,300,completed,200,0,0,15641,96,0.6138,610.00,766.96,1900.00,2400.00,52.2746,shippingservice,hybrid-dynamic,faas,0.0473,,,,,,,,,,,,,,prometheus:kubernetes|bridge|openfaas|controller,missing:mem_pct|request_count|error_count|error_pct|p50_ms|p95_ms|p99_ms|avg_latency_ms,testing/results/all_microservices/allmicro-20260504T132028Z/phase3/phase3_currencyservice_50_stats.csv,testing/results/all_microservices/allmicro-20260504T132028Z/phase3/phase3_currencyservice_50_metrics.csv
phase3,phase3_currencyservice_50,currencyservice,currency,hybrid,50,300,completed,200,0,0,15641,96,0.6138,610.00,766.96,1900.00,2400.00,52.2746,adservice,hybrid-dynamic,faas,9.9061,,15287.1795,64.1556,,,2.59,4.92,9.07,1.82,4.95,,,,prometheus:kubernetes|bridge|openfaas|controller,missing:mem_pct|error_count|error_pct,testing/results/all_microservices/allmicro-20260504T132028Z/phase3/phase3_currencyservice_50_stats.csv,testing/results/all_microservices/allmicro-20260504T132028Z/phase3/phase3_currencyservice_50_metrics.csv
phase3,phase3_currencyservice_50,currencyservice,currency,hybrid,50,300,completed,200,0,0,15641,96,0.6138,610.00,766.96,1900.00,2400.00,52.2746,recommendationservice,iaas,iaas,0.1693,,,,,,,,,,,,,,prometheus:kubernetes,missing:mem_pct|request_count|error_count|error_pct|p50_ms|p95_ms|p99_ms|avg_latency_ms,testing/results/all_microservices/allmicro-20260504T132028Z/phase3/phase3_currencyservice_50_stats.csv,testing/results/all_microservices/allmicro-20260504T132028Z/phase3/phase3_currencyservice_50_metrics.csv
phase3,phase3_currencyservice_50,currencyservice,currency,hybrid,50,300,completed,200,0,0,15641,96,0.6138,610.00,766.96,1900.00,2400.00,52.2746,redis-cart,iaas,iaas,3.7798,,,,,,,,,,,,,,prometheus:kubernetes,missing:mem_pct|request_count|error_count|error_pct|p50_ms|p95_ms|p99_ms|avg_latency_ms,testing/results/all_microservices/allmicro-20260504T132028Z/phase3/phase3_currencyservice_50_stats.csv,testing/results/all_microservices/allmicro-20260504T132028Z/phase3/phase3_currencyservice_50_metrics.csv
phase3,switch_currencyservice_cycle1_high_50,currencyservice,currency,target-faas-high,50,300,completed,200,0,0,13590,95,0.6990,630.00,910.27,2000.00,2400.00,45.4607,frontend,iaas,iaas,55.1348,,,,,,,,,,,,,,prometheus:kubernetes,missing:mem_pct|request_count|error_count|error_pct|p50_ms|p95_ms|p99_ms|avg_latency_ms,testing/results/all_microservices/allmicro-20260504T132028Z/phase3/switch_currencyservice_cycle1_high_50_stats.csv,testing/results/all_microservices/allmicro-20260504T132028Z/phase3/switch_currencyservice_cycle1_high_50_metrics.csv
phase3,switch_currencyservice_cycle1_high_50,currencyservice,currency,target-faas-high,50,300,completed,200,0,0,13590,95,0.6990,630.00,910.27,2000.00,2400.00,45.4607,productcatalogservice,iaas,iaas,5.1172,,,,,,,,,,,,,,prometheus:kubernetes,missing:mem_pct|request_count|error_count|error_pct|p50_ms|p95_ms|p99_ms|avg_latency_ms,testing/results/all_microservices/allmicro-20260504T132028Z/phase3/switch_currencyservice_cycle1_high_50_stats.csv,testing/results/all_microservices/allmicro-20260504T132028Z/phase3/switch_currencyservice_cycle1_high_50_metrics.csv
phase3,switch_currencyservice_cycle1_high_50,currencyservice,currency,target-faas-high,50,300,completed,200,0,0,13590,95,0.6990,630.00,910.27,2000.00,2400.00,45.4607,cartservice,iaas,iaas,2.5370,,,,,,,,,,,,,,prometheus:kubernetes,missing:mem_pct|request_count|error_count|error_pct|p50_ms|p95_ms|p99_ms|avg_latency_ms,testing/results/all_microservices/allmicro-20260504T132028Z/phase3/switch_currencyservice_cycle1_high_50_stats.csv,testing/results/all_microservices/allmicro-20260504T132028Z/phase3/switch_currencyservice_cycle1_high_50_metrics.csv
phase3,switch_currencyservice_cycle1_high_50,currencyservice,currency,target-faas-high,50,300,completed,200,0,0,13590,95,0.6990,630.00,910.27,2000.00,2400.00,45.4607,checkoutservice,iaas,iaas,0.0061,,,,,,,,,,,,,,prometheus:kubernetes,missing:mem_pct|request_count|error_count|error_pct|p50_ms|p95_ms|p99_ms|avg_latency_ms,testing/results/all_microservices/allmicro-20260504T132028Z/phase3/switch_currencyservice_cycle1_high_50_stats.csv,testing/results/all_microservices/allmicro-20260504T132028Z/phase3/switch_currencyservice_cycle1_high_50_metrics.csv
phase3,switch_currencyservice_cycle1_high_50,currencyservice,currency,target-faas-high,50,300,completed,200,0,0,13590,95,0.6990,630.00,910.27,2000.00,2400.00,45.4607,currencyservice,hybrid-dynamic,iaas,50.3045,,25640.9167,,,,87.14,245.01,434.11,102.58,4.96,,,,prometheus:kubernetes|bridge|openfaas|controller,missing:mem_pct|error_count|error_pct,testing/results/all_microservices/allmicro-20260504T132028Z/phase3/switch_currencyservice_cycle1_high_50_stats.csv,testing/results/all_microservices/allmicro-20260504T132028Z/phase3/switch_currencyservice_cycle1_high_50_metrics.csv
phase3,switch_currencyservice_cycle1_high_50,currencyservice,currency,target-faas-high,50,300,completed,200,0,0,13590,95,0.6990,630.00,910.27,2000.00,2400.00,45.4607,emailservice,hybrid-dynamic,faas,0.0771,,,,,,,,,,,,,,prometheus:kubernetes|bridge|openfaas|controller,missing:mem_pct|request_count|error_count|error_pct|p50_ms|p95_ms|p99_ms|avg_latency_ms,testing/results/all_microservices/allmicro-20260504T132028Z/phase3/switch_currencyservice_cycle1_high_50_stats.csv,testing/results/all_microservices/allmicro-20260504T132028Z/phase3/switch_currencyservice_cycle1_high_50_metrics.csv
phase3,switch_currencyservice_cycle1_high_50,currencyservice,currency,target-faas-high,50,300,completed,200,0,0,13590,95,0.6990,630.00,910.27,2000.00,2400.00,45.4607,paymentservice,iaas,iaas,0.0000,,,,,,,,,,,,,,prometheus:kubernetes,missing:mem_pct|request_count|error_count|error_pct|p50_ms|p95_ms|p99_ms|avg_latency_ms,testing/results/all_microservices/allmicro-20260504T132028Z/phase3/switch_currencyservice_cycle1_high_50_stats.csv,testing/results/all_microservices/allmicro-20260504T132028Z/phase3/switch_currencyservice_cycle1_high_50_metrics.csv
phase3,switch_currencyservice_cycle1_high_50,currencyservice,currency,target-faas-high,50,300,completed,200,0,0,13590,95,0.6990,630.00,910.27,2000.00,2400.00,45.4607,shippingservice,hybrid-dynamic,faas,0.0689,,,,,,,,,,,,,,prometheus:kubernetes|bridge|openfaas|controller,missing:mem_pct|request_count|error_count|error_pct|p50_ms|p95_ms|p99_ms|avg_latency_ms,testing/results/all_microservices/allmicro-20260504T132028Z/phase3/switch_currencyservice_cycle1_high_50_stats.csv,testing/results/all_microservices/allmicro-20260504T132028Z/phase3/switch_currencyservice_cycle1_high_50_metrics.csv
phase3,switch_currencyservice_cycle1_high_50,currencyservice,currency,target-faas-high,50,300,completed,200,0,0,13590,95,0.6990,630.00,910.27,2000.00,2400.00,45.4607,adservice,hybrid-dynamic,faas,13.7884,,18500.7754,58.5111,0.0000,0.0000,2.62,4.97,18.70,2.31,4.95,,,,prometheus:kubernetes|bridge|openfaas|controller,missing:mem_pct,testing/results/all_microservices/allmicro-20260504T132028Z/phase3/switch_currencyservice_cycle1_high_50_stats.csv,testing/results/all_microservices/allmicro-20260504T132028Z/phase3/switch_currencyservice_cycle1_high_50_metrics.csv
phase3,switch_currencyservice_cycle1_high_50,currencyservice,currency,target-faas-high,50,300,completed,200,0,0,13590,95,0.6990,630.00,910.27,2000.00,2400.00,45.4607,recommendationservice,iaas,iaas,0.1627,,,,,,,,,,,,,,prometheus:kubernetes,missing:mem_pct|request_count|error_count|error_pct|p50_ms|p95_ms|p99_ms|avg_latency_ms,testing/results/all_microservices/allmicro-20260504T132028Z/phase3/switch_currencyservice_cycle1_high_50_stats.csv,testing/results/all_microservices/allmicro-20260504T132028Z/phase3/switch_currencyservice_cycle1_high_50_metrics.csv
phase3,switch_currencyservice_cycle1_high_50,currencyservice,currency,target-faas-high,50,300,completed,200,0,0,13590,95,0.6990,630.00,910.27,2000.00,2400.00,45.4607,redis-cart,iaas,iaas,4.1581,,,,,,,,,,,,,,prometheus:kubernetes,missing:mem_pct|request_count|error_count|error_pct|p50_ms|p95_ms|p99_ms|avg_latency_ms,testing/results/all_microservices/allmicro-20260504T132028Z/phase3/switch_currencyservice_cycle1_high_50_stats.csv,testing/results/all_microservices/allmicro-20260504T132028Z/phase3/switch_currencyservice_cycle1_high_50_metrics.csv
phase3,switch_currencyservice_cycle1_low_10,currencyservice,currency,controller-low-recovery,10,360,completed,200,0,0,3681,1,0.0272,670.00,784.81,1500.00,2000.00,10.2431,frontend,iaas,iaas,38.1333,,,,,,,,,,,,,,prometheus:kubernetes,missing:mem_pct|request_count|error_count|error_pct|p50_ms|p95_ms|p99_ms|avg_latency_ms,testing/results/all_microservices/allmicro-20260504T132028Z/phase3/switch_currencyservice_cycle1_low_10_stats.csv,testing/results/all_microservices/allmicro-20260504T132028Z/phase3/switch_currencyservice_cycle1_low_10_metrics.csv
phase3,switch_currencyservice_cycle1_low_10,currencyservice,currency,controller-low-recovery,10,360,completed,200,0,0,3681,1,0.0272,670.00,784.81,1500.00,2000.00,10.2431,productcatalogservice,iaas,iaas,3.5855,,,,,,,,,,,,,,prometheus:kubernetes,missing:mem_pct|request_count|error_count|error_pct|p50_ms|p95_ms|p99_ms|avg_latency_ms,testing/results/all_microservices/allmicro-20260504T132028Z/phase3/switch_currencyservice_cycle1_low_10_stats.csv,testing/results/all_microservices/allmicro-20260504T132028Z/phase3/switch_currencyservice_cycle1_low_10_metrics.csv
phase3,switch_currencyservice_cycle1_low_10,currencyservice,currency,controller-low-recovery,10,360,completed,200,0,0,3681,1,0.0272,670.00,784.81,1500.00,2000.00,10.2431,cartservice,iaas,iaas,1.6049,,,,,,,,,,,,,,prometheus:kubernetes,missing:mem_pct|request_count|error_count|error_pct|p50_ms|p95_ms|p99_ms|avg_latency_ms,testing/results/all_microservices/allmicro-20260504T132028Z/phase3/switch_currencyservice_cycle1_low_10_stats.csv,testing/results/all_microservices/allmicro-20260504T132028Z/phase3/switch_currencyservice_cycle1_low_10_metrics.csv
phase3,switch_currencyservice_cycle1_low_10,currencyservice,currency,controller-low-recovery,10,360,completed,200,0,0,3681,1,0.0272,670.00,784.81,1500.00,2000.00,10.2431,checkoutservice,iaas,iaas,0.0063,,,,,,,,,,,,,,prometheus:kubernetes,missing:mem_pct|request_count|error_count|error_pct|p50_ms|p95_ms|p99_ms|avg_latency_ms,testing/results/all_microservices/allmicro-20260504T132028Z/phase3/switch_currencyservice_cycle1_low_10_stats.csv,testing/results/all_microservices/allmicro-20260504T132028Z/phase3/switch_currencyservice_cycle1_low_10_metrics.csv
phase3,switch_currencyservice_cycle1_low_10,currencyservice,currency,controller-low-recovery,10,360,completed,200,0,0,3681,1,0.0272,670.00,784.81,1500.00,2000.00,10.2431,currencyservice,hybrid-dynamic,faas,15.4191,,11314.2857,,,,2.62,4.98,73.03,3.64,4.95,,,,prometheus:kubernetes|bridge|openfaas|controller,missing:mem_pct|error_count|error_pct,testing/results/all_microservices/allmicro-20260504T132028Z/phase3/switch_currencyservice_cycle1_low_10_stats.csv,testing/results/all_microservices/allmicro-20260504T132028Z/phase3/switch_currencyservice_cycle1_low_10_metrics.csv
phase3,switch_currencyservice_cycle1_low_10,currencyservice,currency,controller-low-recovery,10,360,completed,200,0,0,3681,1,0.0272,670.00,784.81,1500.00,2000.00,10.2431,emailservice,hybrid-dynamic,faas,0.0647,,,,,,,,,,,,,,prometheus:kubernetes|bridge|openfaas|controller,missing:mem_pct|request_count|error_count|error_pct|p50_ms|p95_ms|p99_ms|avg_latency_ms,testing/results/all_microservices/allmicro-20260504T132028Z/phase3/switch_currencyservice_cycle1_low_10_stats.csv,testing/results/all_microservices/allmicro-20260504T132028Z/phase3/switch_currencyservice_cycle1_low_10_metrics.csv
phase3,switch_currencyservice_cycle1_low_10,currencyservice,currency,controller-low-recovery,10,360,completed,200,0,0,3681,1,0.0272,670.00,784.81,1500.00,2000.00,10.2431,paymentservice,iaas,iaas,0.0000,,,,,,,,,,,,,,prometheus:kubernetes,missing:mem_pct|request_count|error_count|error_pct|p50_ms|p95_ms|p99_ms|avg_latency_ms,testing/results/all_microservices/allmicro-20260504T132028Z/phase3/switch_currencyservice_cycle1_low_10_stats.csv,testing/results/all_microservices/allmicro-20260504T132028Z/phase3/switch_currencyservice_cycle1_low_10_metrics.csv
phase3,switch_currencyservice_cycle1_low_10,currencyservice,currency,controller-low-recovery,10,360,completed,200,0,0,3681,1,0.0272,670.00,784.81,1500.00,2000.00,10.2431,shippingservice,hybrid-dynamic,faas,0.0567,,,,,,,,,,,,,,prometheus:kubernetes|bridge|openfaas|controller,missing:mem_pct|request_count|error_count|error_pct|p50_ms|p95_ms|p99_ms|avg_latency_ms,testing/results/all_microservices/allmicro-20260504T132028Z/phase3/switch_currencyservice_cycle1_low_10_stats.csv,testing/results/all_microservices/allmicro-20260504T132028Z/phase3/switch_currencyservice_cycle1_low_10_metrics.csv
phase3,switch_currencyservice_cycle1_low_10,currencyservice,currency,controller-low-recovery,10,360,completed,200,0,0,3681,1,0.0272,670.00,784.81,1500.00,2000.00,10.2431,adservice,hybrid-dynamic,faas,9.1571,,10341.5385,13.3556,0.0000,0.0000,2.57,4.89,19.98,2.02,4.95,,,,prometheus:kubernetes|bridge|openfaas|controller,missing:mem_pct,testing/results/all_microservices/allmicro-20260504T132028Z/phase3/switch_currencyservice_cycle1_low_10_stats.csv,testing/results/all_microservices/allmicro-20260504T132028Z/phase3/switch_currencyservice_cycle1_low_10_metrics.csv
phase3,switch_currencyservice_cycle1_low_10,currencyservice,currency,controller-low-recovery,10,360,completed,200,0,0,3681,1,0.0272,670.00,784.81,1500.00,2000.00,10.2431,recommendationservice,iaas,iaas,0.1668,,,,,,,,,,,,,,prometheus:kubernetes,missing:mem_pct|request_count|error_count|error_pct|p50_ms|p95_ms|p99_ms|avg_latency_ms,testing/results/all_microservices/allmicro-20260504T132028Z/phase3/switch_currencyservice_cycle1_low_10_stats.csv,testing/results/all_microservices/allmicro-20260504T132028Z/phase3/switch_currencyservice_cycle1_low_10_metrics.csv
phase3,switch_currencyservice_cycle1_low_10,currencyservice,currency,controller-low-recovery,10,360,completed,200,0,0,3681,1,0.0272,670.00,784.81,1500.00,2000.00,10.2431,redis-cart,iaas,iaas,3.8593,,,,,,,,,,,,,,prometheus:kubernetes,missing:mem_pct|request_count|error_count|error_pct|p50_ms|p95_ms|p99_ms|avg_latency_ms,testing/results/all_microservices/allmicro-20260504T132028Z/phase3/switch_currencyservice_cycle1_low_10_stats.csv,testing/results/all_microservices/allmicro-20260504T132028Z/phase3/switch_currencyservice_cycle1_low_10_metrics.csv
phase3,switch_currencyservice_cycle2_high_50,currencyservice,currency,target-faas-high,50,300,completed,200,0,0,14792,94,0.6355,610.00,820.59,1900.00,2300.00,49.4806,frontend,iaas,iaas,39.3112,,,,,,,,,,,,,,prometheus:kubernetes,missing:mem_pct|request_count|error_count|error_pct|p50_ms|p95_ms|p99_ms|avg_latency_ms,testing/results/all_microservices/allmicro-20260504T132028Z/phase3/switch_currencyservice_cycle2_high_50_stats.csv,testing/results/all_microservices/allmicro-20260504T132028Z/phase3/switch_currencyservice_cycle2_high_50_metrics.csv
phase3,switch_currencyservice_cycle2_high_50,currencyservice,currency,target-faas-high,50,300,completed,200,0,0,14792,94,0.6355,610.00,820.59,1900.00,2300.00,49.4806,productcatalogservice,iaas,iaas,3.6348,,,,,,,,,,,,,,prometheus:kubernetes,missing:mem_pct|request_count|error_count|error_pct|p50_ms|p95_ms|p99_ms|avg_latency_ms,testing/results/all_microservices/allmicro-20260504T132028Z/phase3/switch_currencyservice_cycle2_high_50_stats.csv,testing/results/all_microservices/allmicro-20260504T132028Z/phase3/switch_currencyservice_cycle2_high_50_metrics.csv
phase3,switch_currencyservice_cycle2_high_50,currencyservice,currency,target-faas-high,50,300,completed,200,0,0,14792,94,0.6355,610.00,820.59,1900.00,2300.00,49.4806,cartservice,iaas,iaas,1.6339,,,,,,,,,,,,,,prometheus:kubernetes,missing:mem_pct|request_count|error_count|error_pct|p50_ms|p95_ms|p99_ms|avg_latency_ms,testing/results/all_microservices/allmicro-20260504T132028Z/phase3/switch_currencyservice_cycle2_high_50_stats.csv,testing/results/all_microservices/allmicro-20260504T132028Z/phase3/switch_currencyservice_cycle2_high_50_metrics.csv
phase3,switch_currencyservice_cycle2_high_50,currencyservice,currency,target-faas-high,50,300,completed,200,0,0,14792,94,0.6355,610.00,820.59,1900.00,2300.00,49.4806,checkoutservice,iaas,iaas,0.0070,,,,,,,,,,,,,,prometheus:kubernetes,missing:mem_pct|request_count|error_count|error_pct|p50_ms|p95_ms|p99_ms|avg_latency_ms,testing/results/all_microservices/allmicro-20260504T132028Z/phase3/switch_currencyservice_cycle2_high_50_stats.csv,testing/results/all_microservices/allmicro-20260504T132028Z/phase3/switch_currencyservice_cycle2_high_50_metrics.csv
phase3,switch_currencyservice_cycle2_high_50,currencyservice,currency,target-faas-high,50,300,completed,200,0,0,14792,94,0.6355,610.00,820.59,1900.00,2300.00,49.4806,currencyservice,hybrid-dynamic,iaas,55.2292,,28007.7000,,,,88.48,242.90,421.56,101.16,4.96,,,,prometheus:kubernetes|bridge|openfaas|controller,missing:mem_pct|error_count|error_pct,testing/results/all_microservices/allmicro-20260504T132028Z/phase3/switch_currencyservice_cycle2_high_50_stats.csv,testing/results/all_microservices/allmicro-20260504T132028Z/phase3/switch_currencyservice_cycle2_high_50_metrics.csv
phase3,switch_currencyservice_cycle2_high_50,currencyservice,currency,target-faas-high,50,300,completed,200,0,0,14792,94,0.6355,610.00,820.59,1900.00,2300.00,49.4806,emailservice,hybrid-dynamic,faas,0.0872,,,,,,,,,,,,,,prometheus:kubernetes|bridge|openfaas|controller,missing:mem_pct|request_count|error_count|error_pct|p50_ms|p95_ms|p99_ms|avg_latency_ms,testing/results/all_microservices/allmicro-20260504T132028Z/phase3/switch_currencyservice_cycle2_high_50_stats.csv,testing/results/all_microservices/allmicro-20260504T132028Z/phase3/switch_currencyservice_cycle2_high_50_metrics.csv
phase3,switch_currencyservice_cycle2_high_50,currencyservice,currency,target-faas-high,50,300,completed,200,0,0,14792,94,0.6355,610.00,820.59,1900.00,2300.00,49.4806,paymentservice,iaas,iaas,0.0000,,,,,,,,,,,,,,prometheus:kubernetes,missing:mem_pct|request_count|error_count|error_pct|p50_ms|p95_ms|p99_ms|avg_latency_ms,testing/results/all_microservices/allmicro-20260504T132028Z/phase3/switch_currencyservice_cycle2_high_50_stats.csv,testing/results/all_microservices/allmicro-20260504T132028Z/phase3/switch_currencyservice_cycle2_high_50_metrics.csv
phase3,switch_currencyservice_cycle2_high_50,currencyservice,currency,target-faas-high,50,300,completed,200,0,0,14792,94,0.6355,610.00,820.59,1900.00,2300.00,49.4806,shippingservice,hybrid-dynamic,faas,0.0994,,,,,,,,,,,,,,prometheus:kubernetes|bridge|openfaas|controller,missing:mem_pct|request_count|error_count|error_pct|p50_ms|p95_ms|p99_ms|avg_latency_ms,testing/results/all_microservices/allmicro-20260504T132028Z/phase3/switch_currencyservice_cycle2_high_50_stats.csv,testing/results/all_microservices/allmicro-20260504T132028Z/phase3/switch_currencyservice_cycle2_high_50_metrics.csv
phase3,switch_currencyservice_cycle2_high_50,currencyservice,currency,target-faas-high,50,300,completed,200,0,0,14792,94,0.6355,610.00,820.59,1900.00,2300.00,49.4806,adservice,hybrid-dynamic,faas,9.4000,,14123.1442,59.6000,0.0000,0.0000,2.64,5.50,61.03,2.82,4.95,,,,prometheus:kubernetes|bridge|openfaas|controller,missing:mem_pct,testing/results/all_microservices/allmicro-20260504T132028Z/phase3/switch_currencyservice_cycle2_high_50_stats.csv,testing/results/all_microservices/allmicro-20260504T132028Z/phase3/switch_currencyservice_cycle2_high_50_metrics.csv
phase3,switch_currencyservice_cycle2_high_50,currencyservice,currency,target-faas-high,50,300,completed,200,0,0,14792,94,0.6355,610.00,820.59,1900.00,2300.00,49.4806,recommendationservice,iaas,iaas,0.1600,,,,,,,,,,,,,,prometheus:kubernetes,missing:mem_pct|request_count|error_count|error_pct|p50_ms|p95_ms|p99_ms|avg_latency_ms,testing/results/all_microservices/allmicro-20260504T132028Z/phase3/switch_currencyservice_cycle2_high_50_stats.csv,testing/results/all_microservices/allmicro-20260504T132028Z/phase3/switch_currencyservice_cycle2_high_50_metrics.csv
phase3,switch_currencyservice_cycle2_high_50,currencyservice,currency,target-faas-high,50,300,completed,200,0,0,14792,94,0.6355,610.00,820.59,1900.00,2300.00,49.4806,redis-cart,iaas,iaas,3.7413,,,,,,,,,,,,,,prometheus:kubernetes,missing:mem_pct|request_count|error_count|error_pct|p50_ms|p95_ms|p99_ms|avg_latency_ms,testing/results/all_microservices/allmicro-20260504T132028Z/phase3/switch_currencyservice_cycle2_high_50_stats.csv,testing/results/all_microservices/allmicro-20260504T132028Z/phase3/switch_currencyservice_cycle2_high_50_metrics.csv
phase3,switch_currencyservice_cycle2_low_10,currencyservice,currency,controller-low-recovery,10,360,completed,200,0,0,4649,18,0.3872,560.00,581.60,880.00,1400.00,12.9493,frontend,iaas,iaas,41.0550,,,,,,,,,,,,,,prometheus:kubernetes,missing:mem_pct|request_count|error_count|error_pct|p50_ms|p95_ms|p99_ms|avg_latency_ms,testing/results/all_microservices/allmicro-20260504T132028Z/phase3/switch_currencyservice_cycle2_low_10_stats.csv,testing/results/all_microservices/allmicro-20260504T132028Z/phase3/switch_currencyservice_cycle2_low_10_metrics.csv
phase3,switch_currencyservice_cycle2_low_10,currencyservice,currency,controller-low-recovery,10,360,completed,200,0,0,4649,18,0.3872,560.00,581.60,880.00,1400.00,12.9493,productcatalogservice,iaas,iaas,3.8249,,,,,,,,,,,,,,prometheus:kubernetes,missing:mem_pct|request_count|error_count|error_pct|p50_ms|p95_ms|p99_ms|avg_latency_ms,testing/results/all_microservices/allmicro-20260504T132028Z/phase3/switch_currencyservice_cycle2_low_10_stats.csv,testing/results/all_microservices/allmicro-20260504T132028Z/phase3/switch_currencyservice_cycle2_low_10_metrics.csv
phase3,switch_currencyservice_cycle2_low_10,currencyservice,currency,controller-low-recovery,10,360,completed,200,0,0,4649,18,0.3872,560.00,581.60,880.00,1400.00,12.9493,cartservice,iaas,iaas,1.6368,,,,,,,,,,,,,,prometheus:kubernetes,missing:mem_pct|request_count|error_count|error_pct|p50_ms|p95_ms|p99_ms|avg_latency_ms,testing/results/all_microservices/allmicro-20260504T132028Z/phase3/switch_currencyservice_cycle2_low_10_stats.csv,testing/results/all_microservices/allmicro-20260504T132028Z/phase3/switch_currencyservice_cycle2_low_10_metrics.csv
phase3,switch_currencyservice_cycle2_low_10,currencyservice,currency,controller-low-recovery,10,360,completed,200,0,0,4649,18,0.3872,560.00,581.60,880.00,1400.00,12.9493,checkoutservice,iaas,iaas,0.0070,,,,,,,,,,,,,,prometheus:kubernetes,missing:mem_pct|request_count|error_count|error_pct|p50_ms|p95_ms|p99_ms|avg_latency_ms,testing/results/all_microservices/allmicro-20260504T132028Z/phase3/switch_currencyservice_cycle2_low_10_stats.csv,testing/results/all_microservices/allmicro-20260504T132028Z/phase3/switch_currencyservice_cycle2_low_10_metrics.csv
phase3,switch_currencyservice_cycle2_low_10,currencyservice,currency,controller-low-recovery,10,360,completed,200,0,0,4649,18,0.3872,560.00,581.60,880.00,1400.00,12.9493,currencyservice,hybrid-dynamic,faas,20.4949,,15360.0000,,,,2.69,18.48,83.49,4.86,4.95,,,,prometheus:kubernetes|bridge|openfaas|controller,missing:mem_pct|error_count|error_pct,testing/results/all_microservices/allmicro-20260504T132028Z/phase3/switch_currencyservice_cycle2_low_10_stats.csv,testing/results/all_microservices/allmicro-20260504T132028Z/phase3/switch_currencyservice_cycle2_low_10_metrics.csv
phase3,switch_currencyservice_cycle2_low_10,currencyservice,currency,controller-low-recovery,10,360,completed,200,0,0,4649,18,0.3872,560.00,581.60,880.00,1400.00,12.9493,emailservice,hybrid-dynamic,faas,0.0658,,,,,,,,,,,,,,prometheus:kubernetes|bridge|openfaas|controller,missing:mem_pct|request_count|error_count|error_pct|p50_ms|p95_ms|p99_ms|avg_latency_ms,testing/results/all_microservices/allmicro-20260504T132028Z/phase3/switch_currencyservice_cycle2_low_10_stats.csv,testing/results/all_microservices/allmicro-20260504T132028Z/phase3/switch_currencyservice_cycle2_low_10_metrics.csv
phase3,switch_currencyservice_cycle2_low_10,currencyservice,currency,controller-low-recovery,10,360,completed,200,0,0,4649,18,0.3872,560.00,581.60,880.00,1400.00,12.9493,paymentservice,iaas,iaas,0.0000,,,,,,,,,,,,,,prometheus:kubernetes,missing:mem_pct|request_count|error_count|error_pct|p50_ms|p95_ms|p99_ms|avg_latency_ms,testing/results/all_microservices/allmicro-20260504T132028Z/phase3/switch_currencyservice_cycle2_low_10_stats.csv,testing/results/all_microservices/allmicro-20260504T132028Z/phase3/switch_currencyservice_cycle2_low_10_metrics.csv
phase3,switch_currencyservice_cycle2_low_10,currencyservice,currency,controller-low-recovery,10,360,completed,200,0,0,4649,18,0.3872,560.00,581.60,880.00,1400.00,12.9493,shippingservice,hybrid-dynamic,faas,0.0628,,,,,,,,,,,,,,prometheus:kubernetes|bridge|openfaas|controller,missing:mem_pct|request_count|error_count|error_pct|p50_ms|p95_ms|p99_ms|avg_latency_ms,testing/results/all_microservices/allmicro-20260504T132028Z/phase3/switch_currencyservice_cycle2_low_10_stats.csv,testing/results/all_microservices/allmicro-20260504T132028Z/phase3/switch_currencyservice_cycle2_low_10_metrics.csv
phase3,switch_currencyservice_cycle2_low_10,currencyservice,currency,controller-low-recovery,10,360,completed,200,0,0,4649,18,0.3872,560.00,581.60,880.00,1400.00,12.9493,adservice,hybrid-dynamic,faas,9.9425,,11977.4487,13.6000,2.0641,0.0172,2.59,4.92,57.07,2.43,4.95,,,,prometheus:kubernetes|bridge|openfaas|controller,missing:mem_pct,testing/results/all_microservices/allmicro-20260504T132028Z/phase3/switch_currencyservice_cycle2_low_10_stats.csv,testing/results/all_microservices/allmicro-20260504T132028Z/phase3/switch_currencyservice_cycle2_low_10_metrics.csv
phase3,switch_currencyservice_cycle2_low_10,currencyservice,currency,controller-low-recovery,10,360,completed,200,0,0,4649,18,0.3872,560.00,581.60,880.00,1400.00,12.9493,recommendationservice,iaas,iaas,0.1626,,,,,,,,,,,,,,prometheus:kubernetes,missing:mem_pct|request_count|error_count|error_pct|p50_ms|p95_ms|p99_ms|avg_latency_ms,testing/results/all_microservices/allmicro-20260504T132028Z/phase3/switch_currencyservice_cycle2_low_10_stats.csv,testing/results/all_microservices/allmicro-20260504T132028Z/phase3/switch_currencyservice_cycle2_low_10_metrics.csv
phase3,switch_currencyservice_cycle2_low_10,currencyservice,currency,controller-low-recovery,10,360,completed,200,0,0,4649,18,0.3872,560.00,581.60,880.00,1400.00,12.9493,redis-cart,iaas,iaas,3.8370,,,,,,,,,,,,,,prometheus:kubernetes,missing:mem_pct|request_count|error_count|error_pct|p50_ms|p95_ms|p99_ms|avg_latency_ms,testing/results/all_microservices/allmicro-20260504T132028Z/phase3/switch_currencyservice_cycle2_low_10_stats.csv,testing/results/all_microservices/allmicro-20260504T132028Z/phase3/switch_currencyservice_cycle2_low_10_metrics.csv
phase3,calibration_paymentservice_50,paymentservice,checkout,calibration,50,180,completed,200,0,0,16892,0,0.0000,370.00,449.52,810.00,1300.00,94.0694,frontend,iaas,iaas,22.6255,,,,,,,,,,,,,,prometheus:kubernetes,missing:mem_pct|request_count|error_count|error_pct|p50_ms|p95_ms|p99_ms|avg_latency_ms,testing/results/all_microservices/allmicro-20260504T132028Z/phase3/calibration_paymentservice_50_stats.csv,testing/results/all_microservices/allmicro-20260504T132028Z/phase3/calibration_paymentservice_50_metrics.csv
phase3,calibration_paymentservice_50,paymentservice,checkout,calibration,50,180,completed,200,0,0,16892,0,0.0000,370.00,449.52,810.00,1300.00,94.0694,productcatalogservice,iaas,iaas,10.3376,,,,,,,,,,,,,,prometheus:kubernetes,missing:mem_pct|request_count|error_count|error_pct|p50_ms|p95_ms|p99_ms|avg_latency_ms,testing/results/all_microservices/allmicro-20260504T132028Z/phase3/calibration_paymentservice_50_stats.csv,testing/results/all_microservices/allmicro-20260504T132028Z/phase3/calibration_paymentservice_50_metrics.csv
phase3,calibration_paymentservice_50,paymentservice,checkout,calibration,50,180,completed,200,0,0,16892,0,0.0000,370.00,449.52,810.00,1300.00,94.0694,cartservice,iaas,iaas,1.9492,,,,,,,,,,,,,,prometheus:kubernetes,missing:mem_pct|request_count|error_count|error_pct|p50_ms|p95_ms|p99_ms|avg_latency_ms,testing/results/all_microservices/allmicro-20260504T132028Z/phase3/calibration_paymentservice_50_stats.csv,testing/results/all_microservices/allmicro-20260504T132028Z/phase3/calibration_paymentservice_50_metrics.csv
phase3,calibration_paymentservice_50,paymentservice,checkout,calibration,50,180,completed,200,0,0,16892,0,0.0000,370.00,449.52,810.00,1300.00,94.0694,checkoutservice,iaas,iaas,6.7098,,,,,,,,,,,,,,prometheus:kubernetes,missing:mem_pct|request_count|error_count|error_pct|p50_ms|p95_ms|p99_ms|avg_latency_ms,testing/results/all_microservices/allmicro-20260504T132028Z/phase3/calibration_paymentservice_50_stats.csv,testing/results/all_microservices/allmicro-20260504T132028Z/phase3/calibration_paymentservice_50_metrics.csv
phase3,calibration_paymentservice_50,paymentservice,checkout,calibration,50,180,completed,200,0,0,16892,0,0.0000,370.00,449.52,810.00,1300.00,94.0694,currencyservice,hybrid-dynamic,iaas,11.1447,,,,,,,,,,,,,,prometheus:kubernetes|bridge|openfaas|controller,missing:mem_pct|request_count|error_count|error_pct|p50_ms|p95_ms|p99_ms|avg_latency_ms,testing/results/all_microservices/allmicro-20260504T132028Z/phase3/calibration_paymentservice_50_stats.csv,testing/results/all_microservices/allmicro-20260504T132028Z/phase3/calibration_paymentservice_50_metrics.csv
phase3,calibration_paymentservice_50,paymentservice,checkout,calibration,50,180,completed,200,0,0,16892,0,0.0000,370.00,449.52,810.00,1300.00,94.0694,emailservice,hybrid-dynamic,faas,4.6037,,4726.1538,27.2889,,,3.50,9.65,20.92,4.43,4.95,,,,prometheus:kubernetes|bridge|openfaas|controller,missing:mem_pct|error_count|error_pct,testing/results/all_microservices/allmicro-20260504T132028Z/phase3/calibration_paymentservice_50_stats.csv,testing/results/all_microservices/allmicro-20260504T132028Z/phase3/calibration_paymentservice_50_metrics.csv
phase3,calibration_paymentservice_50,paymentservice,checkout,calibration,50,180,completed,200,0,0,16892,0,0.0000,370.00,449.52,810.00,1300.00,94.0694,paymentservice,iaas,iaas,3.6600,,,,,,,,,,,,,,prometheus:kubernetes,missing:mem_pct|request_count|error_count|error_pct|p50_ms|p95_ms|p99_ms|avg_latency_ms,testing/results/all_microservices/allmicro-20260504T132028Z/phase3/calibration_paymentservice_50_stats.csv,testing/results/all_microservices/allmicro-20260504T132028Z/phase3/calibration_paymentservice_50_metrics.csv
phase3,calibration_paymentservice_50,paymentservice,checkout,calibration,50,180,completed,200,0,0,16892,0,0.0000,370.00,449.52,810.00,1300.00,94.0694,shippingservice,hybrid-dynamic,faas,10.5190,,9144.3238,89.3556,,,4.00,17.98,73.10,6.24,4.95,,,,prometheus:kubernetes|bridge|openfaas|controller,missing:mem_pct|error_count|error_pct,testing/results/all_microservices/allmicro-20260504T132028Z/phase3/calibration_paymentservice_50_stats.csv,testing/results/all_microservices/allmicro-20260504T132028Z/phase3/calibration_paymentservice_50_metrics.csv
phase3,calibration_paymentservice_50,paymentservice,checkout,calibration,50,180,completed,200,0,0,16892,0,0.0000,370.00,449.52,810.00,1300.00,94.0694,adservice,hybrid-dynamic,faas,3.4530,,5874.8718,35.3333,,,2.66,5.86,9.74,2.09,4.95,,,,prometheus:kubernetes|bridge|openfaas|controller,missing:mem_pct|error_count|error_pct,testing/results/all_microservices/allmicro-20260504T132028Z/phase3/calibration_paymentservice_50_stats.csv,testing/results/all_microservices/allmicro-20260504T132028Z/phase3/calibration_paymentservice_50_metrics.csv
phase3,calibration_paymentservice_50,paymentservice,checkout,calibration,50,180,completed,200,0,0,16892,0,0.0000,370.00,449.52,810.00,1300.00,94.0694,recommendationservice,iaas,iaas,11.7200,,,,,,,,,,,,,,prometheus:kubernetes,missing:mem_pct|request_count|error_count|error_pct|p50_ms|p95_ms|p99_ms|avg_latency_ms,testing/results/all_microservices/allmicro-20260504T132028Z/phase3/calibration_paymentservice_50_stats.csv,testing/results/all_microservices/allmicro-20260504T132028Z/phase3/calibration_paymentservice_50_metrics.csv
phase3,calibration_paymentservice_50,paymentservice,checkout,calibration,50,180,completed,200,0,0,16892,0,0.0000,370.00,449.52,810.00,1300.00,94.0694,redis-cart,iaas,iaas,4.1756,,,,,,,,,,,,,,prometheus:kubernetes,missing:mem_pct|request_count|error_count|error_pct|p50_ms|p95_ms|p99_ms|avg_latency_ms,testing/results/all_microservices/allmicro-20260504T132028Z/phase3/calibration_paymentservice_50_stats.csv,testing/results/all_microservices/allmicro-20260504T132028Z/phase3/calibration_paymentservice_50_metrics.csv
phase3,calibration_paymentservice_100,paymentservice,checkout,calibration,100,180,completed,200,0,0,16862,273,1.6190,910.00,982.48,1700.00,2100.00,93.8930,frontend,iaas,iaas,49.8241,,,,,,,,,,,,,,prometheus:kubernetes,missing:mem_pct|request_count|error_count|error_pct|p50_ms|p95_ms|p99_ms|avg_latency_ms,testing/results/all_microservices/allmicro-20260504T132028Z/phase3/calibration_paymentservice_100_stats.csv,testing/results/all_microservices/allmicro-20260504T132028Z/phase3/calibration_paymentservice_100_metrics.csv
phase3,calibration_paymentservice_100,paymentservice,checkout,calibration,100,180,completed,200,0,0,16862,273,1.6190,910.00,982.48,1700.00,2100.00,93.8930,productcatalogservice,iaas,iaas,22.1834,,,,,,,,,,,,,,prometheus:kubernetes,missing:mem_pct|request_count|error_count|error_pct|p50_ms|p95_ms|p99_ms|avg_latency_ms,testing/results/all_microservices/allmicro-20260504T132028Z/phase3/calibration_paymentservice_100_stats.csv,testing/results/all_microservices/allmicro-20260504T132028Z/phase3/calibration_paymentservice_100_metrics.csv
phase3,calibration_paymentservice_100,paymentservice,checkout,calibration,100,180,completed,200,0,0,16862,273,1.6190,910.00,982.48,1700.00,2100.00,93.8930,cartservice,iaas,iaas,4.0654,,,,,,,,,,,,,,prometheus:kubernetes,missing:mem_pct|request_count|error_count|error_pct|p50_ms|p95_ms|p99_ms|avg_latency_ms,testing/results/all_microservices/allmicro-20260504T132028Z/phase3/calibration_paymentservice_100_stats.csv,testing/results/all_microservices/allmicro-20260504T132028Z/phase3/calibration_paymentservice_100_metrics.csv
phase3,calibration_paymentservice_100,paymentservice,checkout,calibration,100,180,completed,200,0,0,16862,273,1.6190,910.00,982.48,1700.00,2100.00,93.8930,checkoutservice,iaas,iaas,14.6624,,,,,,,,,,,,,,prometheus:kubernetes,missing:mem_pct|request_count|error_count|error_pct|p50_ms|p95_ms|p99_ms|avg_latency_ms,testing/results/all_microservices/allmicro-20260504T132028Z/phase3/calibration_paymentservice_100_stats.csv,testing/results/all_microservices/allmicro-20260504T132028Z/phase3/calibration_paymentservice_100_metrics.csv
phase3,calibration_paymentservice_100,paymentservice,checkout,calibration,100,180,completed,200,0,0,16862,273,1.6190,910.00,982.48,1700.00,2100.00,93.8930,currencyservice,hybrid-dynamic,faas,25.8008,,38978.5398,247.0444,,,145.71,433.68,499.84,152.14,4.98,,,,prometheus:kubernetes|bridge|openfaas|controller,missing:mem_pct|error_count|error_pct,testing/results/all_microservices/allmicro-20260504T132028Z/phase3/calibration_paymentservice_100_stats.csv,testing/results/all_microservices/allmicro-20260504T132028Z/phase3/calibration_paymentservice_100_metrics.csv
phase3,calibration_paymentservice_100,paymentservice,checkout,calibration,100,180,completed,200,0,0,16862,273,1.6190,910.00,982.48,1700.00,2100.00,93.8930,emailservice,hybrid-dynamic,faas,10.0137,,9218.4615,23.6889,,,4.40,18.30,25.06,5.90,4.95,,,,prometheus:kubernetes|bridge|openfaas|controller,missing:mem_pct|error_count|error_pct,testing/results/all_microservices/allmicro-20260504T132028Z/phase3/calibration_paymentservice_100_stats.csv,testing/results/all_microservices/allmicro-20260504T132028Z/phase3/calibration_paymentservice_100_metrics.csv
phase3,calibration_paymentservice_100,paymentservice,checkout,calibration,100,180,completed,200,0,0,16862,273,1.6190,910.00,982.48,1700.00,2100.00,93.8930,paymentservice,iaas,iaas,7.7884,,,,,,,,,,,,,,prometheus:kubernetes,missing:mem_pct|request_count|error_count|error_pct|p50_ms|p95_ms|p99_ms|avg_latency_ms,testing/results/all_microservices/allmicro-20260504T132028Z/phase3/calibration_paymentservice_100_stats.csv,testing/results/all_microservices/allmicro-20260504T132028Z/phase3/calibration_paymentservice_100_metrics.csv
phase3,calibration_paymentservice_100,paymentservice,checkout,calibration,100,180,completed,200,0,0,16862,273,1.6190,910.00,982.48,1700.00,2100.00,93.8930,shippingservice,hybrid-dynamic,faas,17.8682,,14340.9857,79.8444,,,4.85,23.01,79.90,7.76,4.95,,,,prometheus:kubernetes|bridge|openfaas|controller,missing:mem_pct|error_count|error_pct,testing/results/all_microservices/allmicro-20260504T132028Z/phase3/calibration_paymentservice_100_stats.csv,testing/results/all_microservices/allmicro-20260504T132028Z/phase3/calibration_paymentservice_100_metrics.csv
phase3,calibration_paymentservice_100,paymentservice,checkout,calibration,100,180,completed,200,0,0,16862,273,1.6190,910.00,982.48,1700.00,2100.00,93.8930,adservice,hybrid-dynamic,faas,7.7648,,12579.4872,31.7778,,,2.78,8.11,18.77,2.70,4.95,,,,prometheus:kubernetes|bridge|openfaas|controller,missing:mem_pct|error_count|error_pct,testing/results/all_microservices/allmicro-20260504T132028Z/phase3/calibration_paymentservice_100_stats.csv,testing/results/all_microservices/allmicro-20260504T132028Z/phase3/calibration_paymentservice_100_metrics.csv
phase3,calibration_paymentservice_100,paymentservice,checkout,calibration,100,180,completed,200,0,0,16862,273,1.6190,910.00,982.48,1700.00,2100.00,93.8930,recommendationservice,iaas,iaas,27.4681,,,,,,,,,,,,,,prometheus:kubernetes,missing:mem_pct|request_count|error_count|error_pct|p50_ms|p95_ms|p99_ms|avg_latency_ms,testing/results/all_microservices/allmicro-20260504T132028Z/phase3/calibration_paymentservice_100_stats.csv,testing/results/all_microservices/allmicro-20260504T132028Z/phase3/calibration_paymentservice_100_metrics.csv
phase3,calibration_paymentservice_100,paymentservice,checkout,calibration,100,180,completed,200,0,0,16862,273,1.6190,910.00,982.48,1700.00,2100.00,93.8930,redis-cart,iaas,iaas,5.4870,,,,,,,,,,,,,,prometheus:kubernetes,missing:mem_pct|request_count|error_count|error_pct|p50_ms|p95_ms|p99_ms|avg_latency_ms,testing/results/all_microservices/allmicro-20260504T132028Z/phase3/calibration_paymentservice_100_stats.csv,testing/results/all_microservices/allmicro-20260504T132028Z/phase3/calibration_paymentservice_100_metrics.csv
phase3,calibration_paymentservice_350,paymentservice,checkout,calibration,350,180,completed,200,0,0,19261,4,0.0208,2700.00,3113.75,6300.00,9100.00,107.1501,frontend,iaas,iaas,59.8507,,,,,,,,,,,,,,prometheus:kubernetes,missing:mem_pct|request_count|error_count|error_pct|p50_ms|p95_ms|p99_ms|avg_latency_ms,testing/results/all_microservices/allmicro-20260504T132028Z/phase3/calibration_paymentservice_350_stats.csv,testing/results/all_microservices/allmicro-20260504T132028Z/phase3/calibration_paymentservice_350_metrics.csv
phase3,calibration_paymentservice_350,paymentservice,checkout,calibration,350,180,completed,200,0,0,19261,4,0.0208,2700.00,3113.75,6300.00,9100.00,107.1501,productcatalogservice,iaas,iaas,26.6601,,,,,,,,,,,,,,prometheus:kubernetes,missing:mem_pct|request_count|error_count|error_pct|p50_ms|p95_ms|p99_ms|avg_latency_ms,testing/results/all_microservices/allmicro-20260504T132028Z/phase3/calibration_paymentservice_350_stats.csv,testing/results/all_microservices/allmicro-20260504T132028Z/phase3/calibration_paymentservice_350_metrics.csv
phase3,calibration_paymentservice_350,paymentservice,checkout,calibration,350,180,completed,200,0,0,19261,4,0.0208,2700.00,3113.75,6300.00,9100.00,107.1501,cartservice,iaas,iaas,4.5477,,,,,,,,,,,,,,prometheus:kubernetes,missing:mem_pct|request_count|error_count|error_pct|p50_ms|p95_ms|p99_ms|avg_latency_ms,testing/results/all_microservices/allmicro-20260504T132028Z/phase3/calibration_paymentservice_350_stats.csv,testing/results/all_microservices/allmicro-20260504T132028Z/phase3/calibration_paymentservice_350_metrics.csv
phase3,calibration_paymentservice_350,paymentservice,checkout,calibration,350,180,completed,200,0,0,19261,4,0.0208,2700.00,3113.75,6300.00,9100.00,107.1501,checkoutservice,iaas,iaas,19.3480,,,,,,,,,,,,,,prometheus:kubernetes,missing:mem_pct|request_count|error_count|error_pct|p50_ms|p95_ms|p99_ms|avg_latency_ms,testing/results/all_microservices/allmicro-20260504T132028Z/phase3/calibration_paymentservice_350_stats.csv,testing/results/all_microservices/allmicro-20260504T132028Z/phase3/calibration_paymentservice_350_metrics.csv
phase3,calibration_paymentservice_350,paymentservice,checkout,calibration,350,180,completed,200,0,0,19261,4,0.0208,2700.00,3113.75,6300.00,9100.00,107.1501,currencyservice,hybrid-dynamic,faas,40.6657,,47963.1536,252.6222,,,622.95,2303.61,4163.29,745.85,4.98,,,,prometheus:kubernetes|bridge|openfaas|controller,missing:mem_pct|error_count|error_pct,testing/results/all_microservices/allmicro-20260504T132028Z/phase3/calibration_paymentservice_350_stats.csv,testing/results/all_microservices/allmicro-20260504T132028Z/phase3/calibration_paymentservice_350_metrics.csv
phase3,calibration_paymentservice_350,paymentservice,checkout,calibration,350,180,completed,200,0,0,19261,4,0.0208,2700.00,3113.75,6300.00,9100.00,107.1501,emailservice,hybrid-dynamic,faas,14.4005,,12976.4103,22.8667,,,7.01,56.29,182.36,13.52,4.96,,,,prometheus:kubernetes|bridge|openfaas|controller,missing:mem_pct|error_count|error_pct,testing/results/all_microservices/allmicro-20260504T132028Z/phase3/calibration_paymentservice_350_stats.csv,testing/results/all_microservices/allmicro-20260504T132028Z/phase3/calibration_paymentservice_350_metrics.csv
phase3,calibration_paymentservice_350,paymentservice,checkout,calibration,350,180,completed,200,0,0,19261,4,0.0208,2700.00,3113.75,6300.00,9100.00,107.1501,paymentservice,iaas,iaas,9.0894,,,,,,,,,,,,,,prometheus:kubernetes,missing:mem_pct|request_count|error_count|error_pct|p50_ms|p95_ms|p99_ms|avg_latency_ms,testing/results/all_microservices/allmicro-20260504T132028Z/phase3/calibration_paymentservice_350_stats.csv,testing/results/all_microservices/allmicro-20260504T132028Z/phase3/calibration_paymentservice_350_metrics.csv
phase3,calibration_paymentservice_350,paymentservice,checkout,calibration,350,180,completed,200,0,0,19261,4,0.0208,2700.00,3113.75,6300.00,9100.00,107.1501,shippingservice,hybrid-dynamic,iaas,3.6523,,29666.1207,48.1212,0.0000,0.0000,14.59,144.02,245.93,34.03,4.96,,,,prometheus:kubernetes|bridge|openfaas|controller,missing:mem_pct,testing/results/all_microservices/allmicro-20260504T132028Z/phase3/calibration_paymentservice_350_stats.csv,testing/results/all_microservices/allmicro-20260504T132028Z/phase3/calibration_paymentservice_350_metrics.csv
phase3,calibration_paymentservice_350,paymentservice,checkout,calibration,350,180,completed,200,0,0,19261,4,0.0208,2700.00,3113.75,6300.00,9100.00,107.1501,adservice,hybrid-dynamic,faas,11.7919,,18240.4412,30.5757,239.5078,1.3131,5.12,24.76,92.72,9.45,4.95,,,,prometheus:kubernetes|bridge|openfaas|controller,missing:mem_pct,testing/results/all_microservices/allmicro-20260504T132028Z/phase3/calibration_paymentservice_350_stats.csv,testing/results/all_microservices/allmicro-20260504T132028Z/phase3/calibration_paymentservice_350_metrics.csv
phase3,calibration_paymentservice_350,paymentservice,checkout,calibration,350,180,completed,200,0,0,19261,4,0.0208,2700.00,3113.75,6300.00,9100.00,107.1501,recommendationservice,iaas,iaas,43.3562,,,,,,,,,,,,,,prometheus:kubernetes,missing:mem_pct|request_count|error_count|error_pct|p50_ms|p95_ms|p99_ms|avg_latency_ms,testing/results/all_microservices/allmicro-20260504T132028Z/phase3/calibration_paymentservice_350_stats.csv,testing/results/all_microservices/allmicro-20260504T132028Z/phase3/calibration_paymentservice_350_metrics.csv
phase3,calibration_paymentservice_350,paymentservice,checkout,calibration,350,180,completed,200,0,0,19261,4,0.0208,2700.00,3113.75,6300.00,9100.00,107.1501,redis-cart,iaas,iaas,6.2829,,,,,,,,,,,,,,prometheus:kubernetes,missing:mem_pct|request_count|error_count|error_pct|p50_ms|p95_ms|p99_ms|avg_latency_ms,testing/results/all_microservices/allmicro-20260504T132028Z/phase3/calibration_paymentservice_350_stats.csv,testing/results/all_microservices/allmicro-20260504T132028Z/phase3/calibration_paymentservice_350_metrics.csv
phase3,calibration_paymentservice_500,paymentservice,checkout,calibration,500,180,completed,200,0,0,25694,6,0.0234,2500.00,3298.31,8100.00,13000.00,142.8828,frontend,iaas,iaas,58.6999,,,,,,,,,,,,,,prometheus:kubernetes,missing:mem_pct|request_count|error_count|error_pct|p50_ms|p95_ms|p99_ms|avg_latency_ms,testing/results/all_microservices/allmicro-20260504T132028Z/phase3/calibration_paymentservice_500_stats.csv,testing/results/all_microservices/allmicro-20260504T132028Z/phase3/calibration_paymentservice_500_metrics.csv
phase3,calibration_paymentservice_500,paymentservice,checkout,calibration,500,180,completed,200,0,0,25694,6,0.0234,2500.00,3298.31,8100.00,13000.00,142.8828,productcatalogservice,iaas,iaas,25.6006,,,,,,,,,,,,,,prometheus:kubernetes,missing:mem_pct|request_count|error_count|error_pct|p50_ms|p95_ms|p99_ms|avg_latency_ms,testing/results/all_microservices/allmicro-20260504T132028Z/phase3/calibration_paymentservice_500_stats.csv,testing/results/all_microservices/allmicro-20260504T132028Z/phase3/calibration_paymentservice_500_metrics.csv
phase3,calibration_paymentservice_500,paymentservice,checkout,calibration,500,180,completed,200,0,0,25694,6,0.0234,2500.00,3298.31,8100.00,13000.00,142.8828,cartservice,iaas,iaas,4.1422,,,,,,,,,,,,,,prometheus:kubernetes,missing:mem_pct|request_count|error_count|error_pct|p50_ms|p95_ms|p99_ms|avg_latency_ms,testing/results/all_microservices/allmicro-20260504T132028Z/phase3/calibration_paymentservice_500_stats.csv,testing/results/all_microservices/allmicro-20260504T132028Z/phase3/calibration_paymentservice_500_metrics.csv
phase3,calibration_paymentservice_500,paymentservice,checkout,calibration,500,180,completed,200,0,0,25694,6,0.0234,2500.00,3298.31,8100.00,13000.00,142.8828,checkoutservice,iaas,iaas,17.1773,,,,,,,,,,,,,,prometheus:kubernetes,missing:mem_pct|request_count|error_count|error_pct|p50_ms|p95_ms|p99_ms|avg_latency_ms,testing/results/all_microservices/allmicro-20260504T132028Z/phase3/calibration_paymentservice_500_stats.csv,testing/results/all_microservices/allmicro-20260504T132028Z/phase3/calibration_paymentservice_500_metrics.csv
phase3,calibration_paymentservice_500,paymentservice,checkout,calibration,500,180,completed,200,0,0,25694,6,0.0234,2500.00,3298.31,8100.00,13000.00,142.8828,currencyservice,hybrid-dynamic,iaas,24.3850,,37524.4444,,,,833.14,2374.86,4680.87,947.91,4.98,,,,prometheus:kubernetes|bridge|openfaas|controller,missing:mem_pct|error_count|error_pct,testing/results/all_microservices/allmicro-20260504T132028Z/phase3/calibration_paymentservice_500_stats.csv,testing/results/all_microservices/allmicro-20260504T132028Z/phase3/calibration_paymentservice_500_metrics.csv
phase3,calibration_paymentservice_500,paymentservice,checkout,calibration,500,180,completed,200,0,0,25694,6,0.0234,2500.00,3298.31,8100.00,13000.00,142.8828,emailservice,hybrid-dynamic,faas,14.5212,,13758.9744,35.2444,0.0000,0.0000,7.72,78.55,180.71,16.15,4.96,,,,prometheus:kubernetes|bridge|openfaas|controller,missing:mem_pct,testing/results/all_microservices/allmicro-20260504T132028Z/phase3/calibration_paymentservice_500_stats.csv,testing/results/all_microservices/allmicro-20260504T132028Z/phase3/calibration_paymentservice_500_metrics.csv
phase3,calibration_paymentservice_500,paymentservice,checkout,calibration,500,180,completed,200,0,0,25694,6,0.0234,2500.00,3298.31,8100.00,13000.00,142.8828,paymentservice,iaas,iaas,8.2466,,,,,,,,,,,,,,prometheus:kubernetes,missing:mem_pct|request_count|error_count|error_pct|p50_ms|p95_ms|p99_ms|avg_latency_ms,testing/results/all_microservices/allmicro-20260504T132028Z/phase3/calibration_paymentservice_500_stats.csv,testing/results/all_microservices/allmicro-20260504T132028Z/phase3/calibration_paymentservice_500_metrics.csv
phase3,calibration_paymentservice_500,paymentservice,checkout,calibration,500,180,completed,200,0,0,25694,6,0.0234,2500.00,3298.31,8100.00,13000.00,142.8828,shippingservice,hybrid-dynamic,faas,27.0980,,23933.5332,103.9778,,,17.09,197.13,311.15,43.05,4.96,,,,prometheus:kubernetes|bridge|openfaas|controller,missing:mem_pct|error_count|error_pct,testing/results/all_microservices/allmicro-20260504T132028Z/phase3/calibration_paymentservice_500_stats.csv,testing/results/all_microservices/allmicro-20260504T132028Z/phase3/calibration_paymentservice_500_metrics.csv
phase3,calibration_paymentservice_500,paymentservice,checkout,calibration,500,180,completed,200,0,0,25694,6,0.0234,2500.00,3298.31,8100.00,13000.00,142.8828,adservice,hybrid-dynamic,faas,11.8124,,19746.6667,44.9778,408.2051,2.0672,6.18,65.32,98.35,12.67,4.95,,,,prometheus:kubernetes|bridge|openfaas|controller,missing:mem_pct,testing/results/all_microservices/allmicro-20260504T132028Z/phase3/calibration_paymentservice_500_stats.csv,testing/results/all_microservices/allmicro-20260504T132028Z/phase3/calibration_paymentservice_500_metrics.csv
phase3,calibration_paymentservice_500,paymentservice,checkout,calibration,500,180,completed,200,0,0,25694,6,0.0234,2500.00,3298.31,8100.00,13000.00,142.8828,recommendationservice,iaas,iaas,43.6178,,,,,,,,,,,,,,prometheus:kubernetes,missing:mem_pct|request_count|error_count|error_pct|p50_ms|p95_ms|p99_ms|avg_latency_ms,testing/results/all_microservices/allmicro-20260504T132028Z/phase3/calibration_paymentservice_500_stats.csv,testing/results/all_microservices/allmicro-20260504T132028Z/phase3/calibration_paymentservice_500_metrics.csv
phase3,calibration_paymentservice_500,paymentservice,checkout,calibration,500,180,completed,200,0,0,25694,6,0.0234,2500.00,3298.31,8100.00,13000.00,142.8828,redis-cart,iaas,iaas,6.0176,,,,,,,,,,,,,,prometheus:kubernetes,missing:mem_pct|request_count|error_count|error_pct|p50_ms|p95_ms|p99_ms|avg_latency_ms,testing/results/all_microservices/allmicro-20260504T132028Z/phase3/calibration_paymentservice_500_stats.csv,testing/results/all_microservices/allmicro-20260504T132028Z/phase3/calibration_paymentservice_500_metrics.csv
phase3,calibration_paymentservice_700,paymentservice,checkout,calibration,700,180,threshold_exceeded,200,0,0,16947,0,0.0000,5500.00,7013.46,16000.00,33000.00,94.3547,frontend,iaas,iaas,55.1544,,,,,,,,,,,,,,prometheus:kubernetes,missing:mem_pct|request_count|error_count|error_pct|p50_ms|p95_ms|p99_ms|avg_latency_ms,testing/results/all_microservices/allmicro-20260504T132028Z/phase3/calibration_paymentservice_700_stats.csv,testing/results/all_microservices/allmicro-20260504T132028Z/phase3/calibration_paymentservice_700_metrics.csv
phase3,calibration_paymentservice_700,paymentservice,checkout,calibration,700,180,threshold_exceeded,200,0,0,16947,0,0.0000,5500.00,7013.46,16000.00,33000.00,94.3547,productcatalogservice,iaas,iaas,23.5328,,,,,,,,,,,,,,prometheus:kubernetes,missing:mem_pct|request_count|error_count|error_pct|p50_ms|p95_ms|p99_ms|avg_latency_ms,testing/results/all_microservices/allmicro-20260504T132028Z/phase3/calibration_paymentservice_700_stats.csv,testing/results/all_microservices/allmicro-20260504T132028Z/phase3/calibration_paymentservice_700_metrics.csv
phase3,calibration_paymentservice_700,paymentservice,checkout,calibration,700,180,threshold_exceeded,200,0,0,16947,0,0.0000,5500.00,7013.46,16000.00,33000.00,94.3547,cartservice,iaas,iaas,3.6964,,,,,,,,,,,,,,prometheus:kubernetes,missing:mem_pct|request_count|error_count|error_pct|p50_ms|p95_ms|p99_ms|avg_latency_ms,testing/results/all_microservices/allmicro-20260504T132028Z/phase3/calibration_paymentservice_700_stats.csv,testing/results/all_microservices/allmicro-20260504T132028Z/phase3/calibration_paymentservice_700_metrics.csv
phase3,calibration_paymentservice_700,paymentservice,checkout,calibration,700,180,threshold_exceeded,200,0,0,16947,0,0.0000,5500.00,7013.46,16000.00,33000.00,94.3547,checkoutservice,iaas,iaas,15.2598,,,,,,,,,,,,,,prometheus:kubernetes,missing:mem_pct|request_count|error_count|error_pct|p50_ms|p95_ms|p99_ms|avg_latency_ms,testing/results/all_microservices/allmicro-20260504T132028Z/phase3/calibration_paymentservice_700_stats.csv,testing/results/all_microservices/allmicro-20260504T132028Z/phase3/calibration_paymentservice_700_metrics.csv
phase3,calibration_paymentservice_700,paymentservice,checkout,calibration,700,180,threshold_exceeded,200,0,0,16947,0,0.0000,5500.00,7013.46,16000.00,33000.00,94.3547,currencyservice,hybrid-dynamic,faas,36.2308,,40777.5391,230.2427,,,1393.86,4342.59,4916.60,1472.07,4.98,,,,prometheus:kubernetes|bridge|openfaas|controller,missing:mem_pct|error_count|error_pct,testing/results/all_microservices/allmicro-20260504T132028Z/phase3/calibration_paymentservice_700_stats.csv,testing/results/all_microservices/allmicro-20260504T132028Z/phase3/calibration_paymentservice_700_metrics.csv
phase3,calibration_paymentservice_700,paymentservice,checkout,calibration,700,180,threshold_exceeded,200,0,0,16947,0,0.0000,5500.00,7013.46,16000.00,33000.00,94.3547,emailservice,hybrid-dynamic,faas,13.3350,,11957.9487,21.2222,0.0000,0.0000,8.01,79.87,138.39,16.50,4.96,,,,prometheus:kubernetes|bridge|openfaas|controller,missing:mem_pct,testing/results/all_microservices/allmicro-20260504T132028Z/phase3/calibration_paymentservice_700_stats.csv,testing/results/all_microservices/allmicro-20260504T132028Z/phase3/calibration_paymentservice_700_metrics.csv
phase3,calibration_paymentservice_700,paymentservice,checkout,calibration,700,180,threshold_exceeded,200,0,0,16947,0,0.0000,5500.00,7013.46,16000.00,33000.00,94.3547,paymentservice,iaas,iaas,7.5215,,,,,,,,,,,,,,prometheus:kubernetes,missing:mem_pct|request_count|error_count|error_pct|p50_ms|p95_ms|p99_ms|avg_latency_ms,testing/results/all_microservices/allmicro-20260504T132028Z/phase3/calibration_paymentservice_700_stats.csv,testing/results/all_microservices/allmicro-20260504T132028Z/phase3/calibration_paymentservice_700_metrics.csv
phase3,calibration_paymentservice_700,paymentservice,checkout,calibration,700,180,threshold_exceeded,200,0,0,16947,0,0.0000,5500.00,7013.46,16000.00,33000.00,94.3547,shippingservice,hybrid-dynamic,faas,22.7830,,17693.2592,54.8568,,,18.52,210.26,355.90,48.35,4.97,,,,prometheus:kubernetes|bridge|openfaas|controller,missing:mem_pct|error_count|error_pct,testing/results/all_microservices/allmicro-20260504T132028Z/phase3/calibration_paymentservice_700_stats.csv,testing/results/all_microservices/allmicro-20260504T132028Z/phase3/calibration_paymentservice_700_metrics.csv
phase3,calibration_paymentservice_700,paymentservice,checkout,calibration,700,180,threshold_exceeded,200,0,0,16947,0,0.0000,5500.00,7013.46,16000.00,33000.00,94.3547,adservice,hybrid-dynamic,faas,10.5798,,17849.2308,28.8222,591.7949,3.3155,6.36,79.95,158.41,15.46,4.95,,,,prometheus:kubernetes|bridge|openfaas|controller,missing:mem_pct,testing/results/all_microservices/allmicro-20260504T132028Z/phase3/calibration_paymentservice_700_stats.csv,testing/results/all_microservices/allmicro-20260504T132028Z/phase3/calibration_paymentservice_700_metrics.csv
phase3,calibration_paymentservice_700,paymentservice,checkout,calibration,700,180,threshold_exceeded,200,0,0,16947,0,0.0000,5500.00,7013.46,16000.00,33000.00,94.3547,recommendationservice,iaas,iaas,40.5114,,,,,,,,,,,,,,prometheus:kubernetes,missing:mem_pct|request_count|error_count|error_pct|p50_ms|p95_ms|p99_ms|avg_latency_ms,testing/results/all_microservices/allmicro-20260504T132028Z/phase3/calibration_paymentservice_700_stats.csv,testing/results/all_microservices/allmicro-20260504T132028Z/phase3/calibration_paymentservice_700_metrics.csv
phase3,calibration_paymentservice_700,paymentservice,checkout,calibration,700,180,threshold_exceeded,200,0,0,16947,0,0.0000,5500.00,7013.46,16000.00,33000.00,94.3547,redis-cart,iaas,iaas,5.7144,,,,,,,,,,,,,,prometheus:kubernetes,missing:mem_pct|request_count|error_count|error_pct|p50_ms|p95_ms|p99_ms|avg_latency_ms,testing/results/all_microservices/allmicro-20260504T132028Z/phase3/calibration_paymentservice_700_stats.csv,testing/results/all_microservices/allmicro-20260504T132028Z/phase3/calibration_paymentservice_700_metrics.csv
phase3,calibration_paymentservice_200,paymentservice,checkout,calibration,200,180,completed,200,0,0,22378,309,1.3808,1300.00,1514.75,3100.00,4600.00,124.6461,frontend,iaas,iaas,22.3885,,,,,,,,,,,,,,prometheus:kubernetes,missing:mem_pct|request_count|error_count|error_pct|p50_ms|p95_ms|p99_ms|avg_latency_ms,testing/results/all_microservices/allmicro-20260504T132028Z/phase3/calibration_paymentservice_200_stats.csv,testing/results/all_microservices/allmicro-20260504T132028Z/phase3/calibration_paymentservice_200_metrics.csv
phase3,calibration_paymentservice_200,paymentservice,checkout,calibration,200,180,completed,200,0,0,22378,309,1.3808,1300.00,1514.75,3100.00,4600.00,124.6461,productcatalogservice,iaas,iaas,9.2615,,,,,,,,,,,,,,prometheus:kubernetes,missing:mem_pct|request_count|error_count|error_pct|p50_ms|p95_ms|p99_ms|avg_latency_ms,testing/results/all_microservices/allmicro-20260504T132028Z/phase3/calibration_paymentservice_200_stats.csv,testing/results/all_microservices/allmicro-20260504T132028Z/phase3/calibration_paymentservice_200_metrics.csv
phase3,calibration_paymentservice_200,paymentservice,checkout,calibration,200,180,completed,200,0,0,22378,309,1.3808,1300.00,1514.75,3100.00,4600.00,124.6461,cartservice,iaas,iaas,1.8425,,,,,,,,,,,,,,prometheus:kubernetes,missing:mem_pct|request_count|error_count|error_pct|p50_ms|p95_ms|p99_ms|avg_latency_ms,testing/results/all_microservices/allmicro-20260504T132028Z/phase3/calibration_paymentservice_200_stats.csv,testing/results/all_microservices/allmicro-20260504T132028Z/phase3/calibration_paymentservice_200_metrics.csv
phase3,calibration_paymentservice_200,paymentservice,checkout,calibration,200,180,completed,200,0,0,22378,309,1.3808,1300.00,1514.75,3100.00,4600.00,124.6461,checkoutservice,iaas,iaas,6.8787,,,,,,,,,,,,,,prometheus:kubernetes,missing:mem_pct|request_count|error_count|error_pct|p50_ms|p95_ms|p99_ms|avg_latency_ms,testing/results/all_microservices/allmicro-20260504T132028Z/phase3/calibration_paymentservice_200_stats.csv,testing/results/all_microservices/allmicro-20260504T132028Z/phase3/calibration_paymentservice_200_metrics.csv
phase3,calibration_paymentservice_200,paymentservice,checkout,calibration,200,180,completed,200,0,0,22378,309,1.3808,1300.00,1514.75,3100.00,4600.00,124.6461,currencyservice,hybrid-dynamic,iaas,24.4054,,25015.7500,,,,398.22,1009.51,2201.90,443.80,4.98,,,,prometheus:kubernetes|bridge|openfaas|controller,missing:mem_pct|error_count|error_pct,testing/results/all_microservices/allmicro-20260504T132028Z/phase3/calibration_paymentservice_200_stats.csv,testing/results/all_microservices/allmicro-20260504T132028Z/phase3/calibration_paymentservice_200_metrics.csv
phase3,calibration_paymentservice_200,paymentservice,checkout,calibration,200,180,completed,200,0,0,22378,309,1.3808,1300.00,1514.75,3100.00,4600.00,124.6461,emailservice,hybrid-dynamic,faas,5.2042,,5841.0256,46.4000,0.0000,0.0000,6.40,24.52,77.75,8.83,4.95,,,,prometheus:kubernetes|bridge|openfaas|controller,missing:mem_pct,testing/results/all_microservices/allmicro-20260504T132028Z/phase3/calibration_paymentservice_200_stats.csv,testing/results/all_microservices/allmicro-20260504T132028Z/phase3/calibration_paymentservice_200_metrics.csv
phase3,calibration_paymentservice_200,paymentservice,checkout,calibration,200,180,completed,200,0,0,22378,309,1.3808,1300.00,1514.75,3100.00,4600.00,124.6461,paymentservice,iaas,iaas,3.0259,,,,,,,,,,,,,,prometheus:kubernetes,missing:mem_pct|request_count|error_count|error_pct|p50_ms|p95_ms|p99_ms|avg_latency_ms,testing/results/all_microservices/allmicro-20260504T132028Z/phase3/calibration_paymentservice_200_stats.csv,testing/results/all_microservices/allmicro-20260504T132028Z/phase3/calibration_paymentservice_200_metrics.csv
phase3,calibration_paymentservice_200,paymentservice,checkout,calibration,200,180,completed,200,0,0,22378,309,1.3808,1300.00,1514.75,3100.00,4600.00,124.6461,shippingservice,hybrid-dynamic,iaas,8.8431,,12047.1606,,0.0000,0.0000,11.53,92.72,196.44,23.71,4.96,,,,prometheus:kubernetes|bridge|openfaas|controller,missing:mem_pct,testing/results/all_microservices/allmicro-20260504T132028Z/phase3/calibration_paymentservice_200_stats.csv,testing/results/all_microservices/allmicro-20260504T132028Z/phase3/calibration_paymentservice_200_metrics.csv
phase3,calibration_paymentservice_200,paymentservice,checkout,calibration,200,180,completed,200,0,0,22378,309,1.3808,1300.00,1514.75,3100.00,4600.00,124.6461,adservice,hybrid-dynamic,faas,4.2468,,8278.9744,63.3778,25.6410,0.3097,4.44,21.68,61.44,6.62,4.95,,,,prometheus:kubernetes|bridge|openfaas|controller,missing:mem_pct,testing/results/all_microservices/allmicro-20260504T132028Z/phase3/calibration_paymentservice_200_stats.csv,testing/results/all_microservices/allmicro-20260504T132028Z/phase3/calibration_paymentservice_200_metrics.csv
phase3,calibration_paymentservice_200,paymentservice,checkout,calibration,200,180,completed,200,0,0,22378,309,1.3808,1300.00,1514.75,3100.00,4600.00,124.6461,recommendationservice,iaas,iaas,14.7565,,,,,,,,,,,,,,prometheus:kubernetes,missing:mem_pct|request_count|error_count|error_pct|p50_ms|p95_ms|p99_ms|avg_latency_ms,testing/results/all_microservices/allmicro-20260504T132028Z/phase3/calibration_paymentservice_200_stats.csv,testing/results/all_microservices/allmicro-20260504T132028Z/phase3/calibration_paymentservice_200_metrics.csv
phase3,calibration_paymentservice_200,paymentservice,checkout,calibration,200,180,completed,200,0,0,22378,309,1.3808,1300.00,1514.75,3100.00,4600.00,124.6461,redis-cart,iaas,iaas,4.2805,,,,,,,,,,,,,,prometheus:kubernetes,missing:mem_pct|request_count|error_count|error_pct|p50_ms|p95_ms|p99_ms|avg_latency_ms,testing/results/all_microservices/allmicro-20260504T132028Z/phase3/calibration_paymentservice_200_stats.csv,testing/results/all_microservices/allmicro-20260504T132028Z/phase3/calibration_paymentservice_200_metrics.csv
phase1,phase1_paymentservice_200,paymentservice,checkout,iaas-only,200,300,completed,200,0,0,55482,0,0.0000,780.00,992.32,1700.00,2600.00,185.5661,frontend,iaas,iaas,41.4624,,,,,,,,,,,,,,prometheus:kubernetes,missing:mem_pct|request_count|error_count|error_pct|p50_ms|p95_ms|p99_ms|avg_latency_ms,testing/results/all_microservices/allmicro-20260504T132028Z/phase1/phase1_paymentservice_200_stats.csv,testing/results/all_microservices/allmicro-20260504T132028Z/phase1/phase1_paymentservice_200_metrics.csv
phase1,phase1_paymentservice_200,paymentservice,checkout,iaas-only,200,300,completed,200,0,0,55482,0,0.0000,780.00,992.32,1700.00,2600.00,185.5661,productcatalogservice,iaas,iaas,19.0015,,,,,,,,,,,,,,prometheus:kubernetes,missing:mem_pct|request_count|error_count|error_pct|p50_ms|p95_ms|p99_ms|avg_latency_ms,testing/results/all_microservices/allmicro-20260504T132028Z/phase1/phase1_paymentservice_200_stats.csv,testing/results/all_microservices/allmicro-20260504T132028Z/phase1/phase1_paymentservice_200_metrics.csv
phase1,phase1_paymentservice_200,paymentservice,checkout,iaas-only,200,300,completed,200,0,0,55482,0,0.0000,780.00,992.32,1700.00,2600.00,185.5661,cartservice,iaas,iaas,3.2484,,,,,,,,,,,,,,prometheus:kubernetes,missing:mem_pct|request_count|error_count|error_pct|p50_ms|p95_ms|p99_ms|avg_latency_ms,testing/results/all_microservices/allmicro-20260504T132028Z/phase1/phase1_paymentservice_200_stats.csv,testing/results/all_microservices/allmicro-20260504T132028Z/phase1/phase1_paymentservice_200_metrics.csv
phase1,phase1_paymentservice_200,paymentservice,checkout,iaas-only,200,300,completed,200,0,0,55482,0,0.0000,780.00,992.32,1700.00,2600.00,185.5661,checkoutservice,iaas,iaas,13.3391,,,,,,,,,,,,,,prometheus:kubernetes,missing:mem_pct|request_count|error_count|error_pct|p50_ms|p95_ms|p99_ms|avg_latency_ms,testing/results/all_microservices/allmicro-20260504T132028Z/phase1/phase1_paymentservice_200_stats.csv,testing/results/all_microservices/allmicro-20260504T132028Z/phase1/phase1_paymentservice_200_metrics.csv
phase1,phase1_paymentservice_200,paymentservice,checkout,iaas-only,200,300,completed,200,0,0,55482,0,0.0000,780.00,992.32,1700.00,2600.00,185.5661,currencyservice,iaas,iaas,21.0844,,,,,,,,,,,,,,prometheus:kubernetes,missing:mem_pct|request_count|error_count|error_pct|p50_ms|p95_ms|p99_ms|avg_latency_ms,testing/results/all_microservices/allmicro-20260504T132028Z/phase1/phase1_paymentservice_200_stats.csv,testing/results/all_microservices/allmicro-20260504T132028Z/phase1/phase1_paymentservice_200_metrics.csv
phase1,phase1_paymentservice_200,paymentservice,checkout,iaas-only,200,300,completed,200,0,0,55482,0,0.0000,780.00,992.32,1700.00,2600.00,185.5661,emailservice,iaas,iaas,15.3769,,,,,,,,,,,,,,prometheus:kubernetes,missing:mem_pct|request_count|error_count|error_pct|p50_ms|p95_ms|p99_ms|avg_latency_ms,testing/results/all_microservices/allmicro-20260504T132028Z/phase1/phase1_paymentservice_200_stats.csv,testing/results/all_microservices/allmicro-20260504T132028Z/phase1/phase1_paymentservice_200_metrics.csv
phase1,phase1_paymentservice_200,paymentservice,checkout,iaas-only,200,300,completed,200,0,0,55482,0,0.0000,780.00,992.32,1700.00,2600.00,185.5661,paymentservice,iaas,iaas,7.7890,,,,,,,,,,,,,,prometheus:kubernetes,missing:mem_pct|request_count|error_count|error_pct|p50_ms|p95_ms|p99_ms|avg_latency_ms,testing/results/all_microservices/allmicro-20260504T132028Z/phase1/phase1_paymentservice_200_stats.csv,testing/results/all_microservices/allmicro-20260504T132028Z/phase1/phase1_paymentservice_200_metrics.csv
phase1,phase1_paymentservice_200,paymentservice,checkout,iaas-only,200,300,completed,200,0,0,55482,0,0.0000,780.00,992.32,1700.00,2600.00,185.5661,shippingservice,iaas,iaas,5.2555,,,,,,,,,,,,,,prometheus:kubernetes,missing:mem_pct|request_count|error_count|error_pct|p50_ms|p95_ms|p99_ms|avg_latency_ms,testing/results/all_microservices/allmicro-20260504T132028Z/phase1/phase1_paymentservice_200_stats.csv,testing/results/all_microservices/allmicro-20260504T132028Z/phase1/phase1_paymentservice_200_metrics.csv
phase1,phase1_paymentservice_200,paymentservice,checkout,iaas-only,200,300,completed,200,0,0,55482,0,0.0000,780.00,992.32,1700.00,2600.00,185.5661,adservice,iaas,iaas,5.9215,,,,,,,,,,,,,,prometheus:kubernetes,missing:mem_pct|request_count|error_count|error_pct|p50_ms|p95_ms|p99_ms|avg_latency_ms,testing/results/all_microservices/allmicro-20260504T132028Z/phase1/phase1_paymentservice_200_stats.csv,testing/results/all_microservices/allmicro-20260504T132028Z/phase1/phase1_paymentservice_200_metrics.csv
phase1,phase1_paymentservice_200,paymentservice,checkout,iaas-only,200,300,completed,200,0,0,55482,0,0.0000,780.00,992.32,1700.00,2600.00,185.5661,recommendationservice,iaas,iaas,37.9903,,,,,,,,,,,,,,prometheus:kubernetes,missing:mem_pct|request_count|error_count|error_pct|p50_ms|p95_ms|p99_ms|avg_latency_ms,testing/results/all_microservices/allmicro-20260504T132028Z/phase1/phase1_paymentservice_200_stats.csv,testing/results/all_microservices/allmicro-20260504T132028Z/phase1/phase1_paymentservice_200_metrics.csv
phase1,phase1_paymentservice_200,paymentservice,checkout,iaas-only,200,300,completed,200,0,0,55482,0,0.0000,780.00,992.32,1700.00,2600.00,185.5661,redis-cart,iaas,iaas,4.5880,,,,,,,,,,,,,,prometheus:kubernetes,missing:mem_pct|request_count|error_count|error_pct|p50_ms|p95_ms|p99_ms|avg_latency_ms,testing/results/all_microservices/allmicro-20260504T132028Z/phase1/phase1_paymentservice_200_stats.csv,testing/results/all_microservices/allmicro-20260504T132028Z/phase1/phase1_paymentservice_200_metrics.csv
phase3,phase3_paymentservice_200,paymentservice,checkout,hybrid,200,300,completed,200,0,0,25443,127,0.4992,1400.00,2264.69,6900.00,16000.00,84.9883,frontend,iaas,iaas,34.1555,,,,,,,,,,,,,,prometheus:kubernetes,missing:mem_pct|request_count|error_count|error_pct|p50_ms|p95_ms|p99_ms|avg_latency_ms,testing/results/all_microservices/allmicro-20260504T132028Z/phase3/phase3_paymentservice_200_stats.csv,testing/results/all_microservices/allmicro-20260504T132028Z/phase3/phase3_paymentservice_200_metrics.csv
phase3,phase3_paymentservice_200,paymentservice,checkout,hybrid,200,300,completed,200,0,0,25443,127,0.4992,1400.00,2264.69,6900.00,16000.00,84.9883,productcatalogservice,iaas,iaas,14.5218,,,,,,,,,,,,,,prometheus:kubernetes,missing:mem_pct|request_count|error_count|error_pct|p50_ms|p95_ms|p99_ms|avg_latency_ms,testing/results/all_microservices/allmicro-20260504T132028Z/phase3/phase3_paymentservice_200_stats.csv,testing/results/all_microservices/allmicro-20260504T132028Z/phase3/phase3_paymentservice_200_metrics.csv
phase3,phase3_paymentservice_200,paymentservice,checkout,hybrid,200,300,completed,200,0,0,25443,127,0.4992,1400.00,2264.69,6900.00,16000.00,84.9883,cartservice,iaas,iaas,2.6673,,,,,,,,,,,,,,prometheus:kubernetes,missing:mem_pct|request_count|error_count|error_pct|p50_ms|p95_ms|p99_ms|avg_latency_ms,testing/results/all_microservices/allmicro-20260504T132028Z/phase3/phase3_paymentservice_200_stats.csv,testing/results/all_microservices/allmicro-20260504T132028Z/phase3/phase3_paymentservice_200_metrics.csv
phase3,phase3_paymentservice_200,paymentservice,checkout,hybrid,200,300,completed,200,0,0,25443,127,0.4992,1400.00,2264.69,6900.00,16000.00,84.9883,checkoutservice,iaas,iaas,10.1748,,,,,,,,,,,,,,prometheus:kubernetes,missing:mem_pct|request_count|error_count|error_pct|p50_ms|p95_ms|p99_ms|avg_latency_ms,testing/results/all_microservices/allmicro-20260504T132028Z/phase3/phase3_paymentservice_200_stats.csv,testing/results/all_microservices/allmicro-20260504T132028Z/phase3/phase3_paymentservice_200_metrics.csv
phase3,phase3_paymentservice_200,paymentservice,checkout,hybrid,200,300,completed,200,0,0,25443,127,0.4992,1400.00,2264.69,6900.00,16000.00,84.9883,currencyservice,hybrid-dynamic,iaas,34.8931,,22060.5833,,,,300.92,965.92,2069.55,350.44,4.98,,,,prometheus:kubernetes|bridge|openfaas|controller,missing:mem_pct|error_count|error_pct,testing/results/all_microservices/allmicro-20260504T132028Z/phase3/phase3_paymentservice_200_stats.csv,testing/results/all_microservices/allmicro-20260504T132028Z/phase3/phase3_paymentservice_200_metrics.csv
phase3,phase3_paymentservice_200,paymentservice,checkout,hybrid,200,300,completed,200,0,0,25443,127,0.4992,1400.00,2264.69,6900.00,16000.00,84.9883,emailservice,hybrid-dynamic,faas,7.5134,,6570.2564,41.4444,0.0000,0.0000,5.46,32.80,118.93,10.36,4.95,,,,prometheus:kubernetes|bridge|openfaas|controller,missing:mem_pct,testing/results/all_microservices/allmicro-20260504T132028Z/phase3/phase3_paymentservice_200_stats.csv,testing/results/all_microservices/allmicro-20260504T132028Z/phase3/phase3_paymentservice_200_metrics.csv
phase3,phase3_paymentservice_200,paymentservice,checkout,hybrid,200,300,completed,200,0,0,25443,127,0.4992,1400.00,2264.69,6900.00,16000.00,84.9883,paymentservice,iaas,iaas,4.9286,,,,,,,,,,,,,,prometheus:kubernetes,missing:mem_pct|request_count|error_count|error_pct|p50_ms|p95_ms|p99_ms|avg_latency_ms,testing/results/all_microservices/allmicro-20260504T132028Z/phase3/phase3_paymentservice_200_stats.csv,testing/results/all_microservices/allmicro-20260504T132028Z/phase3/phase3_paymentservice_200_metrics.csv
phase3,phase3_paymentservice_200,paymentservice,checkout,hybrid,200,300,completed,200,0,0,25443,127,0.4992,1400.00,2264.69,6900.00,16000.00,84.9883,shippingservice,hybrid-dynamic,iaas,7.5046,,6912.0000,,,,7.73,77.49,103.80,15.87,4.96,,,,prometheus:kubernetes|bridge|openfaas|controller,missing:mem_pct|error_count|error_pct,testing/results/all_microservices/allmicro-20260504T132028Z/phase3/phase3_paymentservice_200_stats.csv,testing/results/all_microservices/allmicro-20260504T132028Z/phase3/phase3_paymentservice_200_metrics.csv
phase3,phase3_paymentservice_200,paymentservice,checkout,hybrid,200,300,completed,200,0,0,25443,127,0.4992,1400.00,2264.69,6900.00,16000.00,84.9883,adservice,hybrid-dynamic,faas,6.0436,,9240.0000,55.3778,1.0256,0.0111,3.50,16.65,24.60,4.58,4.95,,,,prometheus:kubernetes|bridge|openfaas|controller,missing:mem_pct,testing/results/all_microservices/allmicro-20260504T132028Z/phase3/phase3_paymentservice_200_stats.csv,testing/results/all_microservices/allmicro-20260504T132028Z/phase3/phase3_paymentservice_200_metrics.csv
phase3,phase3_paymentservice_200,paymentservice,checkout,hybrid,200,300,completed,200,0,0,25443,127,0.4992,1400.00,2264.69,6900.00,16000.00,84.9883,recommendationservice,iaas,iaas,20.1370,,,,,,,,,,,,,,prometheus:kubernetes,missing:mem_pct|request_count|error_count|error_pct|p50_ms|p95_ms|p99_ms|avg_latency_ms,testing/results/all_microservices/allmicro-20260504T132028Z/phase3/phase3_paymentservice_200_stats.csv,testing/results/all_microservices/allmicro-20260504T132028Z/phase3/phase3_paymentservice_200_metrics.csv
phase3,phase3_paymentservice_200,paymentservice,checkout,hybrid,200,300,completed,200,0,0,25443,127,0.4992,1400.00,2264.69,6900.00,16000.00,84.9883,redis-cart,iaas,iaas,4.8160,,,,,,,,,,,,,,prometheus:kubernetes,missing:mem_pct|request_count|error_count|error_pct|p50_ms|p95_ms|p99_ms|avg_latency_ms,testing/results/all_microservices/allmicro-20260504T132028Z/phase3/phase3_paymentservice_200_stats.csv,testing/results/all_microservices/allmicro-20260504T132028Z/phase3/phase3_paymentservice_200_metrics.csv
phase3,calibration_shippingservice_50,shippingservice,checkout,calibration,50,180,completed,200,0,0,14170,2,0.0141,470.00,548.68,1100.00,1500.00,78.8221,frontend,iaas,iaas,51.3939,,,,,,,,,,,,,,prometheus:kubernetes,missing:mem_pct|request_count|error_count|error_pct|p50_ms|p95_ms|p99_ms|avg_latency_ms,testing/results/all_microservices/allmicro-20260504T132028Z/phase3/calibration_shippingservice_50_stats.csv,testing/results/all_microservices/allmicro-20260504T132028Z/phase3/calibration_shippingservice_50_metrics.csv
phase3,calibration_shippingservice_50,shippingservice,checkout,calibration,50,180,completed,200,0,0,14170,2,0.0141,470.00,548.68,1100.00,1500.00,78.8221,productcatalogservice,iaas,iaas,23.3833,,,,,,,,,,,,,,prometheus:kubernetes,missing:mem_pct|request_count|error_count|error_pct|p50_ms|p95_ms|p99_ms|avg_latency_ms,testing/results/all_microservices/allmicro-20260504T132028Z/phase3/calibration_shippingservice_50_stats.csv,testing/results/all_microservices/allmicro-20260504T132028Z/phase3/calibration_shippingservice_50_metrics.csv
phase3,calibration_shippingservice_50,shippingservice,checkout,calibration,50,180,completed,200,0,0,14170,2,0.0141,470.00,548.68,1100.00,1500.00,78.8221,cartservice,iaas,iaas,4.5137,,,,,,,,,,,,,,prometheus:kubernetes,missing:mem_pct|request_count|error_count|error_pct|p50_ms|p95_ms|p99_ms|avg_latency_ms,testing/results/all_microservices/allmicro-20260504T132028Z/phase3/calibration_shippingservice_50_stats.csv,testing/results/all_microservices/allmicro-20260504T132028Z/phase3/calibration_shippingservice_50_metrics.csv
phase3,calibration_shippingservice_50,shippingservice,checkout,calibration,50,180,completed,200,0,0,14170,2,0.0141,470.00,548.68,1100.00,1500.00,78.8221,checkoutservice,iaas,iaas,15.6998,,,,,,,,,,,,,,prometheus:kubernetes,missing:mem_pct|request_count|error_count|error_pct|p50_ms|p95_ms|p99_ms|avg_latency_ms,testing/results/all_microservices/allmicro-20260504T132028Z/phase3/calibration_shippingservice_50_stats.csv,testing/results/all_microservices/allmicro-20260504T132028Z/phase3/calibration_shippingservice_50_metrics.csv
phase3,calibration_shippingservice_50,shippingservice,checkout,calibration,50,180,completed,200,0,0,14170,2,0.0141,470.00,548.68,1100.00,1500.00,78.8221,currencyservice,hybrid-dynamic,faas,28.3771,,22115.9305,186.6444,,,17.58,246.50,746.23,67.02,4.96,,,,prometheus:kubernetes|bridge|openfaas|controller,missing:mem_pct|error_count|error_pct,testing/results/all_microservices/allmicro-20260504T132028Z/phase3/calibration_shippingservice_50_stats.csv,testing/results/all_microservices/allmicro-20260504T132028Z/phase3/calibration_shippingservice_50_metrics.csv
phase3,calibration_shippingservice_50,shippingservice,checkout,calibration,50,180,completed,200,0,0,14170,2,0.0141,470.00,548.68,1100.00,1500.00,78.8221,emailservice,hybrid-dynamic,faas,10.0621,,7392.4401,18.3111,0.0000,0.0000,5.01,23.27,96.07,9.04,4.95,,,,prometheus:kubernetes|bridge|openfaas|controller,missing:mem_pct,testing/results/all_microservices/allmicro-20260504T132028Z/phase3/calibration_shippingservice_50_stats.csv,testing/results/all_microservices/allmicro-20260504T132028Z/phase3/calibration_shippingservice_50_metrics.csv
phase3,calibration_shippingservice_50,shippingservice,checkout,calibration,50,180,completed,200,0,0,14170,2,0.0141,470.00,548.68,1100.00,1500.00,78.8221,paymentservice,iaas,iaas,8.0979,,,,,,,,,,,,,,prometheus:kubernetes,missing:mem_pct|request_count|error_count|error_pct|p50_ms|p95_ms|p99_ms|avg_latency_ms,testing/results/all_microservices/allmicro-20260504T132028Z/phase3/calibration_shippingservice_50_stats.csv,testing/results/all_microservices/allmicro-20260504T132028Z/phase3/calibration_shippingservice_50_metrics.csv
phase3,calibration_shippingservice_50,shippingservice,checkout,calibration,50,180,completed,200,0,0,14170,2,0.0141,470.00,548.68,1100.00,1500.00,78.8221,shippingservice,hybrid-dynamic,iaas,7.3418,,10209.8530,,,,4.48,22.21,79.56,7.35,4.95,,,,prometheus:kubernetes|bridge|openfaas|controller,missing:mem_pct|error_count|error_pct,testing/results/all_microservices/allmicro-20260504T132028Z/phase3/calibration_shippingservice_50_stats.csv,testing/results/all_microservices/allmicro-20260504T132028Z/phase3/calibration_shippingservice_50_metrics.csv
phase3,calibration_shippingservice_50,shippingservice,checkout,calibration,50,180,completed,200,0,0,14170,2,0.0141,470.00,548.68,1100.00,1500.00,78.8221,adservice,hybrid-dynamic,faas,7.3232,,9739.1085,23.7333,2.0687,0.0212,3.32,14.72,23.90,4.08,4.95,,,,prometheus:kubernetes|bridge|openfaas|controller,missing:mem_pct,testing/results/all_microservices/allmicro-20260504T132028Z/phase3/calibration_shippingservice_50_stats.csv,testing/results/all_microservices/allmicro-20260504T132028Z/phase3/calibration_shippingservice_50_metrics.csv
phase3,calibration_shippingservice_50,shippingservice,checkout,calibration,50,180,completed,200,0,0,14170,2,0.0141,470.00,548.68,1100.00,1500.00,78.8221,recommendationservice,iaas,iaas,29.5266,,,,,,,,,,,,,,prometheus:kubernetes,missing:mem_pct|request_count|error_count|error_pct|p50_ms|p95_ms|p99_ms|avg_latency_ms,testing/results/all_microservices/allmicro-20260504T132028Z/phase3/calibration_shippingservice_50_stats.csv,testing/results/all_microservices/allmicro-20260504T132028Z/phase3/calibration_shippingservice_50_metrics.csv
phase3,calibration_shippingservice_50,shippingservice,checkout,calibration,50,180,completed,200,0,0,14170,2,0.0141,470.00,548.68,1100.00,1500.00,78.8221,redis-cart,iaas,iaas,6.0001,,,,,,,,,,,,,,prometheus:kubernetes,missing:mem_pct|request_count|error_count|error_pct|p50_ms|p95_ms|p99_ms|avg_latency_ms,testing/results/all_microservices/allmicro-20260504T132028Z/phase3/calibration_shippingservice_50_stats.csv,testing/results/all_microservices/allmicro-20260504T132028Z/phase3/calibration_shippingservice_50_metrics.csv
phase1,phase1_shippingservice_50,shippingservice,checkout,iaas-only,50,300,completed,200,0,0,29144,0,0.0000,310.00,430.77,820.00,1300.00,97.4011,frontend,iaas,iaas,41.1934,,,,,,,,,,,,,,prometheus:kubernetes,missing:mem_pct|request_count|error_count|error_pct|p50_ms|p95_ms|p99_ms|avg_latency_ms,testing/results/all_microservices/allmicro-20260504T132028Z/phase1/phase1_shippingservice_50_stats.csv,testing/results/all_microservices/allmicro-20260504T132028Z/phase1/phase1_shippingservice_50_metrics.csv
phase1,phase1_shippingservice_50,shippingservice,checkout,iaas-only,50,300,completed,200,0,0,29144,0,0.0000,310.00,430.77,820.00,1300.00,97.4011,productcatalogservice,iaas,iaas,20.5316,,,,,,,,,,,,,,prometheus:kubernetes,missing:mem_pct|request_count|error_count|error_pct|p50_ms|p95_ms|p99_ms|avg_latency_ms,testing/results/all_microservices/allmicro-20260504T132028Z/phase1/phase1_shippingservice_50_stats.csv,testing/results/all_microservices/allmicro-20260504T132028Z/phase1/phase1_shippingservice_50_metrics.csv
phase1,phase1_shippingservice_50,shippingservice,checkout,iaas-only,50,300,completed,200,0,0,29144,0,0.0000,310.00,430.77,820.00,1300.00,97.4011,cartservice,iaas,iaas,3.3722,,,,,,,,,,,,,,prometheus:kubernetes,missing:mem_pct|request_count|error_count|error_pct|p50_ms|p95_ms|p99_ms|avg_latency_ms,testing/results/all_microservices/allmicro-20260504T132028Z/phase1/phase1_shippingservice_50_stats.csv,testing/results/all_microservices/allmicro-20260504T132028Z/phase1/phase1_shippingservice_50_metrics.csv
phase1,phase1_shippingservice_50,shippingservice,checkout,iaas-only,50,300,completed,200,0,0,29144,0,0.0000,310.00,430.77,820.00,1300.00,97.4011,checkoutservice,iaas,iaas,10.6975,,,,,,,,,,,,,,prometheus:kubernetes,missing:mem_pct|request_count|error_count|error_pct|p50_ms|p95_ms|p99_ms|avg_latency_ms,testing/results/all_microservices/allmicro-20260504T132028Z/phase1/phase1_shippingservice_50_stats.csv,testing/results/all_microservices/allmicro-20260504T132028Z/phase1/phase1_shippingservice_50_metrics.csv
phase1,phase1_shippingservice_50,shippingservice,checkout,iaas-only,50,300,completed,200,0,0,29144,0,0.0000,310.00,430.77,820.00,1300.00,97.4011,currencyservice,iaas,iaas,20.7078,,,,,,,,,,,,,,prometheus:kubernetes,missing:mem_pct|request_count|error_count|error_pct|p50_ms|p95_ms|p99_ms|avg_latency_ms,testing/results/all_microservices/allmicro-20260504T132028Z/phase1/phase1_shippingservice_50_stats.csv,testing/results/all_microservices/allmicro-20260504T132028Z/phase1/phase1_shippingservice_50_metrics.csv
phase1,phase1_shippingservice_50,shippingservice,checkout,iaas-only,50,300,completed,200,0,0,29144,0,0.0000,310.00,430.77,820.00,1300.00,97.4011,emailservice,iaas,iaas,8.7541,,,,,,,,,,,,,,prometheus:kubernetes,missing:mem_pct|request_count|error_count|error_pct|p50_ms|p95_ms|p99_ms|avg_latency_ms,testing/results/all_microservices/allmicro-20260504T132028Z/phase1/phase1_shippingservice_50_stats.csv,testing/results/all_microservices/allmicro-20260504T132028Z/phase1/phase1_shippingservice_50_metrics.csv
phase1,phase1_shippingservice_50,shippingservice,checkout,iaas-only,50,300,completed,200,0,0,29144,0,0.0000,310.00,430.77,820.00,1300.00,97.4011,paymentservice,iaas,iaas,5.5161,,,,,,,,,,,,,,prometheus:kubernetes,missing:mem_pct|request_count|error_count|error_pct|p50_ms|p95_ms|p99_ms|avg_latency_ms,testing/results/all_microservices/allmicro-20260504T132028Z/phase1/phase1_shippingservice_50_stats.csv,testing/results/all_microservices/allmicro-20260504T132028Z/phase1/phase1_shippingservice_50_metrics.csv
phase1,phase1_shippingservice_50,shippingservice,checkout,iaas-only,50,300,completed,200,0,0,29144,0,0.0000,310.00,430.77,820.00,1300.00,97.4011,shippingservice,iaas,iaas,4.7163,,,,,,,,,,,,,,prometheus:kubernetes,missing:mem_pct|request_count|error_count|error_pct|p50_ms|p95_ms|p99_ms|avg_latency_ms,testing/results/all_microservices/allmicro-20260504T132028Z/phase1/phase1_shippingservice_50_stats.csv,testing/results/all_microservices/allmicro-20260504T132028Z/phase1/phase1_shippingservice_50_metrics.csv
phase1,phase1_shippingservice_50,shippingservice,checkout,iaas-only,50,300,completed,200,0,0,29144,0,0.0000,310.00,430.77,820.00,1300.00,97.4011,adservice,iaas,iaas,1.6942,,,,,,,,,,,,,,prometheus:kubernetes,missing:mem_pct|request_count|error_count|error_pct|p50_ms|p95_ms|p99_ms|avg_latency_ms,testing/results/all_microservices/allmicro-20260504T132028Z/phase1/phase1_shippingservice_50_stats.csv,testing/results/all_microservices/allmicro-20260504T132028Z/phase1/phase1_shippingservice_50_metrics.csv
phase1,phase1_shippingservice_50,shippingservice,checkout,iaas-only,50,300,completed,200,0,0,29144,0,0.0000,310.00,430.77,820.00,1300.00,97.4011,recommendationservice,iaas,iaas,18.6404,,,,,,,,,,,,,,prometheus:kubernetes,missing:mem_pct|request_count|error_count|error_pct|p50_ms|p95_ms|p99_ms|avg_latency_ms,testing/results/all_microservices/allmicro-20260504T132028Z/phase1/phase1_shippingservice_50_stats.csv,testing/results/all_microservices/allmicro-20260504T132028Z/phase1/phase1_shippingservice_50_metrics.csv
phase1,phase1_shippingservice_50,shippingservice,checkout,iaas-only,50,300,completed,200,0,0,29144,0,0.0000,310.00,430.77,820.00,1300.00,97.4011,redis-cart,iaas,iaas,4.2309,,,,,,,,,,,,,,prometheus:kubernetes,missing:mem_pct|request_count|error_count|error_pct|p50_ms|p95_ms|p99_ms|avg_latency_ms,testing/results/all_microservices/allmicro-20260504T132028Z/phase1/phase1_shippingservice_50_stats.csv,testing/results/all_microservices/allmicro-20260504T132028Z/phase1/phase1_shippingservice_50_metrics.csv
phase3,phase3_shippingservice_50,shippingservice,checkout,hybrid,50,300,completed,200,0,0,25941,129,0.4973,390.00,493.40,990.00,1400.00,86.6496,frontend,iaas,iaas,42.6641,,,,,,,,,,,,,,prometheus:kubernetes,missing:mem_pct|request_count|error_count|error_pct|p50_ms|p95_ms|p99_ms|avg_latency_ms,testing/results/all_microservices/allmicro-20260504T132028Z/phase3/phase3_shippingservice_50_stats.csv,testing/results/all_microservices/allmicro-20260504T132028Z/phase3/phase3_shippingservice_50_metrics.csv
phase3,phase3_shippingservice_50,shippingservice,checkout,hybrid,50,300,completed,200,0,0,25941,129,0.4973,390.00,493.40,990.00,1400.00,86.6496,productcatalogservice,iaas,iaas,19.4228,,,,,,,,,,,,,,prometheus:kubernetes,missing:mem_pct|request_count|error_count|error_pct|p50_ms|p95_ms|p99_ms|avg_latency_ms,testing/results/all_microservices/allmicro-20260504T132028Z/phase3/phase3_shippingservice_50_stats.csv,testing/results/all_microservices/allmicro-20260504T132028Z/phase3/phase3_shippingservice_50_metrics.csv
phase3,phase3_shippingservice_50,shippingservice,checkout,hybrid,50,300,completed,200,0,0,25941,129,0.4973,390.00,493.40,990.00,1400.00,86.6496,cartservice,iaas,iaas,3.7520,,,,,,,,,,,,,,prometheus:kubernetes,missing:mem_pct|request_count|error_count|error_pct|p50_ms|p95_ms|p99_ms|avg_latency_ms,testing/results/all_microservices/allmicro-20260504T132028Z/phase3/phase3_shippingservice_50_stats.csv,testing/results/all_microservices/allmicro-20260504T132028Z/phase3/phase3_shippingservice_50_metrics.csv
phase3,phase3_shippingservice_50,shippingservice,checkout,hybrid,50,300,completed,200,0,0,25941,129,0.4973,390.00,493.40,990.00,1400.00,86.6496,checkoutservice,iaas,iaas,12.6620,,,,,,,,,,,,,,prometheus:kubernetes,missing:mem_pct|request_count|error_count|error_pct|p50_ms|p95_ms|p99_ms|avg_latency_ms,testing/results/all_microservices/allmicro-20260504T132028Z/phase3/phase3_shippingservice_50_stats.csv,testing/results/all_microservices/allmicro-20260504T132028Z/phase3/phase3_shippingservice_50_metrics.csv
phase3,phase3_shippingservice_50,shippingservice,checkout,hybrid,50,300,completed,200,0,0,25941,129,0.4973,390.00,493.40,990.00,1400.00,86.6496,currencyservice,hybrid-dynamic,iaas,31.1501,,17627.8000,,,,17.40,184.08,240.74,39.55,4.96,,,,prometheus:kubernetes|bridge|openfaas|controller,missing:mem_pct|error_count|error_pct,testing/results/all_microservices/allmicro-20260504T132028Z/phase3/phase3_shippingservice_50_stats.csv,testing/results/all_microservices/allmicro-20260504T132028Z/phase3/phase3_shippingservice_50_metrics.csv
phase3,phase3_shippingservice_50,shippingservice,checkout,hybrid,50,300,completed,200,0,0,25941,129,0.4973,390.00,493.40,990.00,1400.00,86.6496,emailservice,hybrid-dynamic,faas,8.4193,,7247.1795,26.0222,,,3.83,9.99,22.69,4.93,4.95,,,,prometheus:kubernetes|bridge|openfaas|controller,missing:mem_pct|error_count|error_pct,testing/results/all_microservices/allmicro-20260504T132028Z/phase3/phase3_shippingservice_50_stats.csv,testing/results/all_microservices/allmicro-20260504T132028Z/phase3/phase3_shippingservice_50_metrics.csv
phase3,phase3_shippingservice_50,shippingservice,checkout,hybrid,50,300,completed,200,0,0,25941,129,0.4973,390.00,493.40,990.00,1400.00,86.6496,paymentservice,iaas,iaas,6.1030,,,,,,,,,,,,,,prometheus:kubernetes,missing:mem_pct|request_count|error_count|error_pct|p50_ms|p95_ms|p99_ms|avg_latency_ms,testing/results/all_microservices/allmicro-20260504T132028Z/phase3/phase3_shippingservice_50_stats.csv,testing/results/all_microservices/allmicro-20260504T132028Z/phase3/phase3_shippingservice_50_metrics.csv
phase3,phase3_shippingservice_50,shippingservice,checkout,hybrid,50,300,completed,200,0,0,25941,129,0.4973,390.00,493.40,990.00,1400.00,86.6496,shippingservice,hybrid-dynamic,iaas,10.4354,,10651.1111,,,,4.64,21.08,76.42,7.08,4.95,,,,prometheus:kubernetes|bridge|openfaas|controller,missing:mem_pct|error_count|error_pct,testing/results/all_microservices/allmicro-20260504T132028Z/phase3/phase3_shippingservice_50_stats.csv,testing/results/all_microservices/allmicro-20260504T132028Z/phase3/phase3_shippingservice_50_metrics.csv
phase3,phase3_shippingservice_50,shippingservice,checkout,hybrid,50,300,completed,200,0,0,25941,129,0.4973,390.00,493.40,990.00,1400.00,86.6496,adservice,hybrid-dynamic,faas,6.3297,,9192.8205,34.8222,,,2.61,4.97,9.31,1.92,4.95,,,,prometheus:kubernetes|bridge|openfaas|controller,missing:mem_pct|error_count|error_pct,testing/results/all_microservices/allmicro-20260504T132028Z/phase3/phase3_shippingservice_50_stats.csv,testing/results/all_microservices/allmicro-20260504T132028Z/phase3/phase3_shippingservice_50_metrics.csv
phase3,phase3_shippingservice_50,shippingservice,checkout,hybrid,50,300,completed,200,0,0,25941,129,0.4973,390.00,493.40,990.00,1400.00,86.6496,recommendationservice,iaas,iaas,20.6591,,,,,,,,,,,,,,prometheus:kubernetes,missing:mem_pct|request_count|error_count|error_pct|p50_ms|p95_ms|p99_ms|avg_latency_ms,testing/results/all_microservices/allmicro-20260504T132028Z/phase3/phase3_shippingservice_50_stats.csv,testing/results/all_microservices/allmicro-20260504T132028Z/phase3/phase3_shippingservice_50_metrics.csv
phase3,phase3_shippingservice_50,shippingservice,checkout,hybrid,50,300,completed,200,0,0,25941,129,0.4973,390.00,493.40,990.00,1400.00,86.6496,redis-cart,iaas,iaas,5.1363,,,,,,,,,,,,,,prometheus:kubernetes,missing:mem_pct|request_count|error_count|error_pct|p50_ms|p95_ms|p99_ms|avg_latency_ms,testing/results/all_microservices/allmicro-20260504T132028Z/phase3/phase3_shippingservice_50_stats.csv,testing/results/all_microservices/allmicro-20260504T132028Z/phase3/phase3_shippingservice_50_metrics.csv
phase3,switch_shippingservice_cycle1_high_50,shippingservice,checkout,target-faas-high,50,300,completed,200,0,0,24298,120,0.4939,460.00,533.42,1100.00,1400.00,81.1513,frontend,iaas,iaas,67.6159,,,,,,,,,,,,,,prometheus:kubernetes,missing:mem_pct|request_count|error_count|error_pct|p50_ms|p95_ms|p99_ms|avg_latency_ms,testing/results/all_microservices/allmicro-20260504T132028Z/phase3/switch_shippingservice_cycle1_high_50_stats.csv,testing/results/all_microservices/allmicro-20260504T132028Z/phase3/switch_shippingservice_cycle1_high_50_metrics.csv
phase3,switch_shippingservice_cycle1_high_50,shippingservice,checkout,target-faas-high,50,300,completed,200,0,0,24298,120,0.4939,460.00,533.42,1100.00,1400.00,81.1513,productcatalogservice,iaas,iaas,30.0466,,,,,,,,,,,,,,prometheus:kubernetes,missing:mem_pct|request_count|error_count|error_pct|p50_ms|p95_ms|p99_ms|avg_latency_ms,testing/results/all_microservices/allmicro-20260504T132028Z/phase3/switch_shippingservice_cycle1_high_50_stats.csv,testing/results/all_microservices/allmicro-20260504T132028Z/phase3/switch_shippingservice_cycle1_high_50_metrics.csv
phase3,switch_shippingservice_cycle1_high_50,shippingservice,checkout,target-faas-high,50,300,completed,200,0,0,24298,120,0.4939,460.00,533.42,1100.00,1400.00,81.1513,cartservice,iaas,iaas,6.0179,,,,,,,,,,,,,,prometheus:kubernetes,missing:mem_pct|request_count|error_count|error_pct|p50_ms|p95_ms|p99_ms|avg_latency_ms,testing/results/all_microservices/allmicro-20260504T132028Z/phase3/switch_shippingservice_cycle1_high_50_stats.csv,testing/results/all_microservices/allmicro-20260504T132028Z/phase3/switch_shippingservice_cycle1_high_50_metrics.csv
phase3,switch_shippingservice_cycle1_high_50,shippingservice,checkout,target-faas-high,50,300,completed,200,0,0,24298,120,0.4939,460.00,533.42,1100.00,1400.00,81.1513,checkoutservice,iaas,iaas,19.4928,,,,,,,,,,,,,,prometheus:kubernetes,missing:mem_pct|request_count|error_count|error_pct|p50_ms|p95_ms|p99_ms|avg_latency_ms,testing/results/all_microservices/allmicro-20260504T132028Z/phase3/switch_shippingservice_cycle1_high_50_stats.csv,testing/results/all_microservices/allmicro-20260504T132028Z/phase3/switch_shippingservice_cycle1_high_50_metrics.csv
phase3,switch_shippingservice_cycle1_high_50,shippingservice,checkout,target-faas-high,50,300,completed,200,0,0,24298,120,0.4939,460.00,533.42,1100.00,1400.00,81.1513,currencyservice,hybrid-dynamic,iaas,28.3565,,29784.4444,,,,17.31,190.42,239.97,44.09,4.96,,,,prometheus:kubernetes|bridge|openfaas|controller,missing:mem_pct|error_count|error_pct,testing/results/all_microservices/allmicro-20260504T132028Z/phase3/switch_shippingservice_cycle1_high_50_stats.csv,testing/results/all_microservices/allmicro-20260504T132028Z/phase3/switch_shippingservice_cycle1_high_50_metrics.csv
phase3,switch_shippingservice_cycle1_high_50,shippingservice,checkout,target-faas-high,50,300,completed,200,0,0,24298,120,0.4939,460.00,533.42,1100.00,1400.00,81.1513,emailservice,hybrid-dynamic,faas,11.7829,,8109.5915,25.6000,,,4.12,12.80,23.18,5.25,4.95,,,,prometheus:kubernetes|bridge|openfaas|controller,missing:mem_pct|error_count|error_pct,testing/results/all_microservices/allmicro-20260504T132028Z/phase3/switch_shippingservice_cycle1_high_50_stats.csv,testing/results/all_microservices/allmicro-20260504T132028Z/phase3/switch_shippingservice_cycle1_high_50_metrics.csv
phase3,switch_shippingservice_cycle1_high_50,shippingservice,checkout,target-faas-high,50,300,completed,200,0,0,24298,120,0.4939,460.00,533.42,1100.00,1400.00,81.1513,paymentservice,iaas,iaas,9.6838,,,,,,,,,,,,,,prometheus:kubernetes,missing:mem_pct|request_count|error_count|error_pct|p50_ms|p95_ms|p99_ms|avg_latency_ms,testing/results/all_microservices/allmicro-20260504T132028Z/phase3/switch_shippingservice_cycle1_high_50_stats.csv,testing/results/all_microservices/allmicro-20260504T132028Z/phase3/switch_shippingservice_cycle1_high_50_metrics.csv
phase3,switch_shippingservice_cycle1_high_50,shippingservice,checkout,target-faas-high,50,300,completed,200,0,0,24298,120,0.4939,460.00,533.42,1100.00,1400.00,81.1513,shippingservice,hybrid-dynamic,iaas,9.4192,,8181.9167,,,,4.53,21.30,84.82,7.55,4.95,,,,prometheus:kubernetes|bridge|openfaas|controller,missing:mem_pct|error_count|error_pct,testing/results/all_microservices/allmicro-20260504T132028Z/phase3/switch_shippingservice_cycle1_high_50_stats.csv,testing/results/all_microservices/allmicro-20260504T132028Z/phase3/switch_shippingservice_cycle1_high_50_metrics.csv
phase3,switch_shippingservice_cycle1_high_50,shippingservice,checkout,target-faas-high,50,300,completed,200,0,0,24298,120,0.4939,460.00,533.42,1100.00,1400.00,81.1513,adservice,hybrid-dynamic,faas,7.7313,,10188.2339,33.7111,,,2.59,4.93,8.94,1.78,4.95,,,,prometheus:kubernetes|bridge|openfaas|controller,missing:mem_pct|error_count|error_pct,testing/results/all_microservices/allmicro-20260504T132028Z/phase3/switch_shippingservice_cycle1_high_50_stats.csv,testing/results/all_microservices/allmicro-20260504T132028Z/phase3/switch_shippingservice_cycle1_high_50_metrics.csv
phase3,switch_shippingservice_cycle1_high_50,shippingservice,checkout,target-faas-high,50,300,completed,200,0,0,24298,120,0.4939,460.00,533.42,1100.00,1400.00,81.1513,recommendationservice,iaas,iaas,32.6324,,,,,,,,,,,,,,prometheus:kubernetes,missing:mem_pct|request_count|error_count|error_pct|p50_ms|p95_ms|p99_ms|avg_latency_ms,testing/results/all_microservices/allmicro-20260504T132028Z/phase3/switch_shippingservice_cycle1_high_50_stats.csv,testing/results/all_microservices/allmicro-20260504T132028Z/phase3/switch_shippingservice_cycle1_high_50_metrics.csv
phase3,switch_shippingservice_cycle1_high_50,shippingservice,checkout,target-faas-high,50,300,completed,200,0,0,24298,120,0.4939,460.00,533.42,1100.00,1400.00,81.1513,redis-cart,iaas,iaas,6.4551,,,,,,,,,,,,,,prometheus:kubernetes,missing:mem_pct|request_count|error_count|error_pct|p50_ms|p95_ms|p99_ms|avg_latency_ms,testing/results/all_microservices/allmicro-20260504T132028Z/phase3/switch_shippingservice_cycle1_high_50_stats.csv,testing/results/all_microservices/allmicro-20260504T132028Z/phase3/switch_shippingservice_cycle1_high_50_metrics.csv
phase3,switch_shippingservice_cycle1_low_10,shippingservice,checkout,controller-low-recovery,10,360,completed,200,0,0,8261,27,0.3268,250.00,350.83,690.00,730.00,23.0179,frontend,iaas,iaas,48.1927,,,,,,,,,,,,,,prometheus:kubernetes,missing:mem_pct|request_count|error_count|error_pct|p50_ms|p95_ms|p99_ms|avg_latency_ms,testing/results/all_microservices/allmicro-20260504T132028Z/phase3/switch_shippingservice_cycle1_low_10_stats.csv,testing/results/all_microservices/allmicro-20260504T132028Z/phase3/switch_shippingservice_cycle1_low_10_metrics.csv
phase3,switch_shippingservice_cycle1_low_10,shippingservice,checkout,controller-low-recovery,10,360,completed,200,0,0,8261,27,0.3268,250.00,350.83,690.00,730.00,23.0179,productcatalogservice,iaas,iaas,22.4123,,,,,,,,,,,,,,prometheus:kubernetes,missing:mem_pct|request_count|error_count|error_pct|p50_ms|p95_ms|p99_ms|avg_latency_ms,testing/results/all_microservices/allmicro-20260504T132028Z/phase3/switch_shippingservice_cycle1_low_10_stats.csv,testing/results/all_microservices/allmicro-20260504T132028Z/phase3/switch_shippingservice_cycle1_low_10_metrics.csv
phase3,switch_shippingservice_cycle1_low_10,shippingservice,checkout,controller-low-recovery,10,360,completed,200,0,0,8261,27,0.3268,250.00,350.83,690.00,730.00,23.0179,cartservice,iaas,iaas,4.5156,,,,,,,,,,,,,,prometheus:kubernetes,missing:mem_pct|request_count|error_count|error_pct|p50_ms|p95_ms|p99_ms|avg_latency_ms,testing/results/all_microservices/allmicro-20260504T132028Z/phase3/switch_shippingservice_cycle1_low_10_stats.csv,testing/results/all_microservices/allmicro-20260504T132028Z/phase3/switch_shippingservice_cycle1_low_10_metrics.csv
phase3,switch_shippingservice_cycle1_low_10,shippingservice,checkout,controller-low-recovery,10,360,completed,200,0,0,8261,27,0.3268,250.00,350.83,690.00,730.00,23.0179,checkoutservice,iaas,iaas,12.9394,,,,,,,,,,,,,,prometheus:kubernetes,missing:mem_pct|request_count|error_count|error_pct|p50_ms|p95_ms|p99_ms|avg_latency_ms,testing/results/all_microservices/allmicro-20260504T132028Z/phase3/switch_shippingservice_cycle1_low_10_stats.csv,testing/results/all_microservices/allmicro-20260504T132028Z/phase3/switch_shippingservice_cycle1_low_10_metrics.csv
phase3,switch_shippingservice_cycle1_low_10,shippingservice,checkout,controller-low-recovery,10,360,completed,200,0,0,8261,27,0.3268,250.00,350.83,690.00,730.00,23.0179,currencyservice,hybrid-dynamic,faas,28.4087,,20282.5427,,,,5.89,155.01,233.11,28.46,4.96,,,,prometheus:kubernetes|bridge|openfaas|controller,missing:mem_pct|error_count|error_pct,testing/results/all_microservices/allmicro-20260504T132028Z/phase3/switch_shippingservice_cycle1_low_10_stats.csv,testing/results/all_microservices/allmicro-20260504T132028Z/phase3/switch_shippingservice_cycle1_low_10_metrics.csv
phase3,switch_shippingservice_cycle1_low_10,shippingservice,checkout,controller-low-recovery,10,360,completed,200,0,0,8261,27,0.3268,250.00,350.83,690.00,730.00,23.0179,emailservice,hybrid-dynamic,faas,7.9157,,5113.8462,6.2667,,,3.22,9.66,21.41,4.00,4.95,,,,prometheus:kubernetes|bridge|openfaas|controller,missing:mem_pct|error_count|error_pct,testing/results/all_microservices/allmicro-20260504T132028Z/phase3/switch_shippingservice_cycle1_low_10_stats.csv,testing/results/all_microservices/allmicro-20260504T132028Z/phase3/switch_shippingservice_cycle1_low_10_metrics.csv
phase3,switch_shippingservice_cycle1_low_10,shippingservice,checkout,controller-low-recovery,10,360,completed,200,0,0,8261,27,0.3268,250.00,350.83,690.00,730.00,23.0179,paymentservice,iaas,iaas,5.8313,,,,,,,,,,,,,,prometheus:kubernetes,missing:mem_pct|request_count|error_count|error_pct|p50_ms|p95_ms|p99_ms|avg_latency_ms,testing/results/all_microservices/allmicro-20260504T132028Z/phase3/switch_shippingservice_cycle1_low_10_stats.csv,testing/results/all_microservices/allmicro-20260504T132028Z/phase3/switch_shippingservice_cycle1_low_10_metrics.csv
phase3,switch_shippingservice_cycle1_low_10,shippingservice,checkout,controller-low-recovery,10,360,completed,200,0,0,8261,27,0.3268,250.00,350.83,690.00,730.00,23.0179,shippingservice,hybrid-dynamic,faas,10.2724,,7422.1959,20.8444,,,2.53,4.81,6.38,2.33,4.95,,,,prometheus:kubernetes|bridge|openfaas|controller,missing:mem_pct|error_count|error_pct,testing/results/all_microservices/allmicro-20260504T132028Z/phase3/switch_shippingservice_cycle1_low_10_stats.csv,testing/results/all_microservices/allmicro-20260504T132028Z/phase3/switch_shippingservice_cycle1_low_10_metrics.csv
phase3,switch_shippingservice_cycle1_low_10,shippingservice,checkout,controller-low-recovery,10,360,completed,200,0,0,8261,27,0.3268,250.00,350.83,690.00,730.00,23.0179,adservice,hybrid-dynamic,faas,5.9150,,6778.4615,8.3556,,,2.55,4.84,7.60,1.41,4.95,,,,prometheus:kubernetes|bridge|openfaas|controller,missing:mem_pct|error_count|error_pct,testing/results/all_microservices/allmicro-20260504T132028Z/phase3/switch_shippingservice_cycle1_low_10_stats.csv,testing/results/all_microservices/allmicro-20260504T132028Z/phase3/switch_shippingservice_cycle1_low_10_metrics.csv
phase3,switch_shippingservice_cycle1_low_10,shippingservice,checkout,controller-low-recovery,10,360,completed,200,0,0,8261,27,0.3268,250.00,350.83,690.00,730.00,23.0179,recommendationservice,iaas,iaas,19.5852,,,,,,,,,,,,,,prometheus:kubernetes,missing:mem_pct|request_count|error_count|error_pct|p50_ms|p95_ms|p99_ms|avg_latency_ms,testing/results/all_microservices/allmicro-20260504T132028Z/phase3/switch_shippingservice_cycle1_low_10_stats.csv,testing/results/all_microservices/allmicro-20260504T132028Z/phase3/switch_shippingservice_cycle1_low_10_metrics.csv
phase3,switch_shippingservice_cycle1_low_10,shippingservice,checkout,controller-low-recovery,10,360,completed,200,0,0,8261,27,0.3268,250.00,350.83,690.00,730.00,23.0179,redis-cart,iaas,iaas,5.6133,,,,,,,,,,,,,,prometheus:kubernetes,missing:mem_pct|request_count|error_count|error_pct|p50_ms|p95_ms|p99_ms|avg_latency_ms,testing/results/all_microservices/allmicro-20260504T132028Z/phase3/switch_shippingservice_cycle1_low_10_stats.csv,testing/results/all_microservices/allmicro-20260504T132028Z/phase3/switch_shippingservice_cycle1_low_10_metrics.csv
phase3,switch_shippingservice_cycle2_high_50,shippingservice,checkout,target-faas-high,50,300,completed,200,0,0,27978,0,0.0000,380.00,451.84,820.00,1200.00,93.4729,frontend,iaas,iaas,54.5041,,,,,,,,,,,,,,prometheus:kubernetes,missing:mem_pct|request_count|error_count|error_pct|p50_ms|p95_ms|p99_ms|avg_latency_ms,testing/results/all_microservices/allmicro-20260504T132028Z/phase3/switch_shippingservice_cycle2_high_50_stats.csv,testing/results/all_microservices/allmicro-20260504T132028Z/phase3/switch_shippingservice_cycle2_high_50_metrics.csv
phase3,switch_shippingservice_cycle2_high_50,shippingservice,checkout,target-faas-high,50,300,completed,200,0,0,27978,0,0.0000,380.00,451.84,820.00,1200.00,93.4729,productcatalogservice,iaas,iaas,24.7993,,,,,,,,,,,,,,prometheus:kubernetes,missing:mem_pct|request_count|error_count|error_pct|p50_ms|p95_ms|p99_ms|avg_latency_ms,testing/results/all_microservices/allmicro-20260504T132028Z/phase3/switch_shippingservice_cycle2_high_50_stats.csv,testing/results/all_microservices/allmicro-20260504T132028Z/phase3/switch_shippingservice_cycle2_high_50_metrics.csv
phase3,switch_shippingservice_cycle2_high_50,shippingservice,checkout,target-faas-high,50,300,completed,200,0,0,27978,0,0.0000,380.00,451.84,820.00,1200.00,93.4729,cartservice,iaas,iaas,4.8847,,,,,,,,,,,,,,prometheus:kubernetes,missing:mem_pct|request_count|error_count|error_pct|p50_ms|p95_ms|p99_ms|avg_latency_ms,testing/results/all_microservices/allmicro-20260504T132028Z/phase3/switch_shippingservice_cycle2_high_50_stats.csv,testing/results/all_microservices/allmicro-20260504T132028Z/phase3/switch_shippingservice_cycle2_high_50_metrics.csv
phase3,switch_shippingservice_cycle2_high_50,shippingservice,checkout,target-faas-high,50,300,completed,200,0,0,27978,0,0.0000,380.00,451.84,820.00,1200.00,93.4729,checkoutservice,iaas,iaas,15.5866,,,,,,,,,,,,,,prometheus:kubernetes,missing:mem_pct|request_count|error_count|error_pct|p50_ms|p95_ms|p99_ms|avg_latency_ms,testing/results/all_microservices/allmicro-20260504T132028Z/phase3/switch_shippingservice_cycle2_high_50_stats.csv,testing/results/all_microservices/allmicro-20260504T132028Z/phase3/switch_shippingservice_cycle2_high_50_metrics.csv
phase3,switch_shippingservice_cycle2_high_50,shippingservice,checkout,target-faas-high,50,300,completed,200,0,0,27978,0,0.0000,380.00,451.84,820.00,1200.00,93.4729,currencyservice,hybrid-dynamic,iaas,35.3267,,811.1250,,,,2.54,4.82,6.99,2.10,4.95,,,,prometheus:kubernetes|bridge|openfaas|controller,missing:mem_pct|error_count|error_pct,testing/results/all_microservices/allmicro-20260504T132028Z/phase3/switch_shippingservice_cycle2_high_50_stats.csv,testing/results/all_microservices/allmicro-20260504T132028Z/phase3/switch_shippingservice_cycle2_high_50_metrics.csv
phase3,switch_shippingservice_cycle2_high_50,shippingservice,checkout,target-faas-high,50,300,completed,200,0,0,27978,0,0.0000,380.00,451.84,820.00,1200.00,93.4729,emailservice,hybrid-dynamic,faas,8.8022,,6527.7590,26.2444,,,3.78,9.91,21.74,4.68,4.95,,,,prometheus:kubernetes|bridge|openfaas|controller,missing:mem_pct|error_count|error_pct,testing/results/all_microservices/allmicro-20260504T132028Z/phase3/switch_shippingservice_cycle2_high_50_stats.csv,testing/results/all_microservices/allmicro-20260504T132028Z/phase3/switch_shippingservice_cycle2_high_50_metrics.csv
phase3,switch_shippingservice_cycle2_high_50,shippingservice,checkout,target-faas-high,50,300,completed,200,0,0,27978,0,0.0000,380.00,451.84,820.00,1200.00,93.4729,paymentservice,iaas,iaas,7.9135,,,,,,,,,,,,,,prometheus:kubernetes,missing:mem_pct|request_count|error_count|error_pct|p50_ms|p95_ms|p99_ms|avg_latency_ms,testing/results/all_microservices/allmicro-20260504T132028Z/phase3/switch_shippingservice_cycle2_high_50_stats.csv,testing/results/all_microservices/allmicro-20260504T132028Z/phase3/switch_shippingservice_cycle2_high_50_metrics.csv
phase3,switch_shippingservice_cycle2_high_50,shippingservice,checkout,target-faas-high,50,300,completed,200,0,0,27978,0,0.0000,380.00,451.84,820.00,1200.00,93.4729,shippingservice,hybrid-dynamic,iaas,10.7079,,10648.7323,,,,3.73,14.91,65.70,5.55,4.95,,,,prometheus:kubernetes|bridge|openfaas|controller,missing:mem_pct|error_count|error_pct,testing/results/all_microservices/allmicro-20260504T132028Z/phase3/switch_shippingservice_cycle2_high_50_stats.csv,testing/results/all_microservices/allmicro-20260504T132028Z/phase3/switch_shippingservice_cycle2_high_50_metrics.csv
phase3,switch_shippingservice_cycle2_high_50,shippingservice,checkout,target-faas-high,50,300,completed,200,0,0,27978,0,0.0000,380.00,451.84,820.00,1200.00,93.4729,adservice,hybrid-dynamic,faas,6.3022,,8810.6639,34.4444,,,2.58,4.90,8.64,1.73,4.95,,,,prometheus:kubernetes|bridge|openfaas|controller,missing:mem_pct|error_count|error_pct,testing/results/all_microservices/allmicro-20260504T132028Z/phase3/switch_shippingservice_cycle2_high_50_stats.csv,testing/results/all_microservices/allmicro-20260504T132028Z/phase3/switch_shippingservice_cycle2_high_50_metrics.csv
phase3,switch_shippingservice_cycle2_high_50,shippingservice,checkout,target-faas-high,50,300,completed,200,0,0,27978,0,0.0000,380.00,451.84,820.00,1200.00,93.4729,recommendationservice,iaas,iaas,26.4107,,,,,,,,,,,,,,prometheus:kubernetes,missing:mem_pct|request_count|error_count|error_pct|p50_ms|p95_ms|p99_ms|avg_latency_ms,testing/results/all_microservices/allmicro-20260504T132028Z/phase3/switch_shippingservice_cycle2_high_50_stats.csv,testing/results/all_microservices/allmicro-20260504T132028Z/phase3/switch_shippingservice_cycle2_high_50_metrics.csv
phase3,switch_shippingservice_cycle2_high_50,shippingservice,checkout,target-faas-high,50,300,completed,200,0,0,27978,0,0.0000,380.00,451.84,820.00,1200.00,93.4729,redis-cart,iaas,iaas,5.9734,,,,,,,,,,,,,,prometheus:kubernetes,missing:mem_pct|request_count|error_count|error_pct|p50_ms|p95_ms|p99_ms|avg_latency_ms,testing/results/all_microservices/allmicro-20260504T132028Z/phase3/switch_shippingservice_cycle2_high_50_stats.csv,testing/results/all_microservices/allmicro-20260504T132028Z/phase3/switch_shippingservice_cycle2_high_50_metrics.csv
phase3,switch_shippingservice_cycle2_low_10,shippingservice,checkout,controller-low-recovery,10,360,completed,200,0,0,8304,66,0.7948,250.00,349.40,690.00,740.00,23.1334,frontend,iaas,iaas,50.8534,,,,,,,,,,,,,,prometheus:kubernetes,missing:mem_pct|request_count|error_count|error_pct|p50_ms|p95_ms|p99_ms|avg_latency_ms,testing/results/all_microservices/allmicro-20260504T132028Z/phase3/switch_shippingservice_cycle2_low_10_stats.csv,testing/results/all_microservices/allmicro-20260504T132028Z/phase3/switch_shippingservice_cycle2_low_10_metrics.csv
phase3,switch_shippingservice_cycle2_low_10,shippingservice,checkout,controller-low-recovery,10,360,completed,200,0,0,8304,66,0.7948,250.00,349.40,690.00,740.00,23.1334,productcatalogservice,iaas,iaas,22.9749,,,,,,,,,,,,,,prometheus:kubernetes,missing:mem_pct|request_count|error_count|error_pct|p50_ms|p95_ms|p99_ms|avg_latency_ms,testing/results/all_microservices/allmicro-20260504T132028Z/phase3/switch_shippingservice_cycle2_low_10_stats.csv,testing/results/all_microservices/allmicro-20260504T132028Z/phase3/switch_shippingservice_cycle2_low_10_metrics.csv
phase3,switch_shippingservice_cycle2_low_10,shippingservice,checkout,controller-low-recovery,10,360,completed,200,0,0,8304,66,0.7948,250.00,349.40,690.00,740.00,23.1334,cartservice,iaas,iaas,4.3702,,,,,,,,,,,,,,prometheus:kubernetes,missing:mem_pct|request_count|error_count|error_pct|p50_ms|p95_ms|p99_ms|avg_latency_ms,testing/results/all_microservices/allmicro-20260504T132028Z/phase3/switch_shippingservice_cycle2_low_10_stats.csv,testing/results/all_microservices/allmicro-20260504T132028Z/phase3/switch_shippingservice_cycle2_low_10_metrics.csv
phase3,switch_shippingservice_cycle2_low_10,shippingservice,checkout,controller-low-recovery,10,360,completed,200,0,0,8304,66,0.7948,250.00,349.40,690.00,740.00,23.1334,checkoutservice,iaas,iaas,13.2313,,,,,,,,,,,,,,prometheus:kubernetes,missing:mem_pct|request_count|error_count|error_pct|p50_ms|p95_ms|p99_ms|avg_latency_ms,testing/results/all_microservices/allmicro-20260504T132028Z/phase3/switch_shippingservice_cycle2_low_10_stats.csv,testing/results/all_microservices/allmicro-20260504T132028Z/phase3/switch_shippingservice_cycle2_low_10_metrics.csv
phase3,switch_shippingservice_cycle2_low_10,shippingservice,checkout,controller-low-recovery,10,360,completed,200,0,0,8304,66,0.7948,250.00,349.40,690.00,740.00,23.1334,currencyservice,hybrid-dynamic,iaas,26.2482,,10259.7000,,,,2.53,4.82,6.72,2.13,4.95,,,,prometheus:kubernetes|bridge|openfaas|controller,missing:mem_pct|error_count|error_pct,testing/results/all_microservices/allmicro-20260504T132028Z/phase3/switch_shippingservice_cycle2_low_10_stats.csv,testing/results/all_microservices/allmicro-20260504T132028Z/phase3/switch_shippingservice_cycle2_low_10_metrics.csv
phase3,switch_shippingservice_cycle2_low_10,shippingservice,checkout,controller-low-recovery,10,360,completed,200,0,0,8304,66,0.7948,250.00,349.40,690.00,740.00,23.1334,emailservice,hybrid-dynamic,faas,8.6410,,5771.3116,6.0222,,,3.32,9.61,20.54,3.99,4.95,,,,prometheus:kubernetes|bridge|openfaas|controller,missing:mem_pct|error_count|error_pct,testing/results/all_microservices/allmicro-20260504T132028Z/phase3/switch_shippingservice_cycle2_low_10_stats.csv,testing/results/all_microservices/allmicro-20260504T132028Z/phase3/switch_shippingservice_cycle2_low_10_metrics.csv
phase3,switch_shippingservice_cycle2_low_10,shippingservice,checkout,controller-low-recovery,10,360,completed,200,0,0,8304,66,0.7948,250.00,349.40,690.00,740.00,23.1334,paymentservice,iaas,iaas,6.6475,,,,,,,,,,,,,,prometheus:kubernetes,missing:mem_pct|request_count|error_count|error_pct|p50_ms|p95_ms|p99_ms|avg_latency_ms,testing/results/all_microservices/allmicro-20260504T132028Z/phase3/switch_shippingservice_cycle2_low_10_stats.csv,testing/results/all_microservices/allmicro-20260504T132028Z/phase3/switch_shippingservice_cycle2_low_10_metrics.csv
phase3,switch_shippingservice_cycle2_low_10,shippingservice,checkout,controller-low-recovery,10,360,completed,200,0,0,8304,66,0.7948,250.00,349.40,690.00,740.00,23.1334,shippingservice,hybrid-dynamic,faas,9.9651,,7585.9169,20.5111,,,2.53,4.80,5.64,2.26,4.95,,,,prometheus:kubernetes|bridge|openfaas|controller,missing:mem_pct|error_count|error_pct,testing/results/all_microservices/allmicro-20260504T132028Z/phase3/switch_shippingservice_cycle2_low_10_stats.csv,testing/results/all_microservices/allmicro-20260504T132028Z/phase3/switch_shippingservice_cycle2_low_10_metrics.csv
phase3,switch_shippingservice_cycle2_low_10,shippingservice,checkout,controller-low-recovery,10,360,completed,200,0,0,8304,66,0.7948,250.00,349.40,690.00,740.00,23.1334,adservice,hybrid-dynamic,faas,6.6686,,7648.2051,8.3111,,,2.55,4.84,7.44,1.47,4.95,,,,prometheus:kubernetes|bridge|openfaas|controller,missing:mem_pct|error_count|error_pct,testing/results/all_microservices/allmicro-20260504T132028Z/phase3/switch_shippingservice_cycle2_low_10_stats.csv,testing/results/all_microservices/allmicro-20260504T132028Z/phase3/switch_shippingservice_cycle2_low_10_metrics.csv
phase3,switch_shippingservice_cycle2_low_10,shippingservice,checkout,controller-low-recovery,10,360,completed,200,0,0,8304,66,0.7948,250.00,349.40,690.00,740.00,23.1334,recommendationservice,iaas,iaas,21.9550,,,,,,,,,,,,,,prometheus:kubernetes,missing:mem_pct|request_count|error_count|error_pct|p50_ms|p95_ms|p99_ms|avg_latency_ms,testing/results/all_microservices/allmicro-20260504T132028Z/phase3/switch_shippingservice_cycle2_low_10_stats.csv,testing/results/all_microservices/allmicro-20260504T132028Z/phase3/switch_shippingservice_cycle2_low_10_metrics.csv
phase3,switch_shippingservice_cycle2_low_10,shippingservice,checkout,controller-low-recovery,10,360,completed,200,0,0,8304,66,0.7948,250.00,349.40,690.00,740.00,23.1334,redis-cart,iaas,iaas,5.5388,,,,,,,,,,,,,,prometheus:kubernetes,missing:mem_pct|request_count|error_count|error_pct|p50_ms|p95_ms|p99_ms|avg_latency_ms,testing/results/all_microservices/allmicro-20260504T132028Z/phase3/switch_shippingservice_cycle2_low_10_stats.csv,testing/results/all_microservices/allmicro-20260504T132028Z/phase3/switch_shippingservice_cycle2_low_10_metrics.csv
phase3,calibration_adservice_50,adservice,browse-product,calibration,50,180,completed,200,0,0,16298,0,0.0000,290.00,323.84,420.00,1200.00,90.7831,frontend,iaas,iaas,43.1686,,,,,,,,,,,,,,prometheus:kubernetes,missing:mem_pct|request_count|error_count|error_pct|p50_ms|p95_ms|p99_ms|avg_latency_ms,testing/results/all_microservices/allmicro-20260504T132028Z/phase3/calibration_adservice_50_stats.csv,testing/results/all_microservices/allmicro-20260504T132028Z/phase3/calibration_adservice_50_metrics.csv
phase3,calibration_adservice_50,adservice,browse-product,calibration,50,180,completed,200,0,0,16298,0,0.0000,290.00,323.84,420.00,1200.00,90.7831,productcatalogservice,iaas,iaas,17.8354,,,,,,,,,,,,,,prometheus:kubernetes,missing:mem_pct|request_count|error_count|error_pct|p50_ms|p95_ms|p99_ms|avg_latency_ms,testing/results/all_microservices/allmicro-20260504T132028Z/phase3/calibration_adservice_50_stats.csv,testing/results/all_microservices/allmicro-20260504T132028Z/phase3/calibration_adservice_50_metrics.csv
phase3,calibration_adservice_50,adservice,browse-product,calibration,50,180,completed,200,0,0,16298,0,0.0000,290.00,323.84,420.00,1200.00,90.7831,cartservice,iaas,iaas,2.8944,,,,,,,,,,,,,,prometheus:kubernetes,missing:mem_pct|request_count|error_count|error_pct|p50_ms|p95_ms|p99_ms|avg_latency_ms,testing/results/all_microservices/allmicro-20260504T132028Z/phase3/calibration_adservice_50_stats.csv,testing/results/all_microservices/allmicro-20260504T132028Z/phase3/calibration_adservice_50_metrics.csv
phase3,calibration_adservice_50,adservice,browse-product,calibration,50,180,completed,200,0,0,16298,0,0.0000,290.00,323.84,420.00,1200.00,90.7831,checkoutservice,iaas,iaas,4.9967,,,,,,,,,,,,,,prometheus:kubernetes,missing:mem_pct|request_count|error_count|error_pct|p50_ms|p95_ms|p99_ms|avg_latency_ms,testing/results/all_microservices/allmicro-20260504T132028Z/phase3/calibration_adservice_50_stats.csv,testing/results/all_microservices/allmicro-20260504T132028Z/phase3/calibration_adservice_50_metrics.csv
phase3,calibration_adservice_50,adservice,browse-product,calibration,50,180,completed,200,0,0,16298,0,0.0000,290.00,323.84,420.00,1200.00,90.7831,currencyservice,hybrid-dynamic,iaas,27.3343,,3740.8607,,,,2.54,4.83,7.42,2.15,4.95,,,,prometheus:kubernetes|bridge|openfaas|controller,missing:mem_pct|error_count|error_pct,testing/results/all_microservices/allmicro-20260504T132028Z/phase3/calibration_adservice_50_stats.csv,testing/results/all_microservices/allmicro-20260504T132028Z/phase3/calibration_adservice_50_metrics.csv
phase3,calibration_adservice_50,adservice,browse-product,calibration,50,180,completed,200,0,0,16298,0,0.0000,290.00,323.84,420.00,1200.00,90.7831,emailservice,hybrid-dynamic,faas,2.9992,,1531.9667,,,,2.52,4.80,5.00,2.26,4.95,,,,prometheus:kubernetes|bridge|openfaas|controller,missing:mem_pct|error_count|error_pct,testing/results/all_microservices/allmicro-20260504T132028Z/phase3/calibration_adservice_50_stats.csv,testing/results/all_microservices/allmicro-20260504T132028Z/phase3/calibration_adservice_50_metrics.csv
phase3,calibration_adservice_50,adservice,browse-product,calibration,50,180,completed,200,0,0,16298,0,0.0000,290.00,323.84,420.00,1200.00,90.7831,paymentservice,iaas,iaas,2.2482,,,,,,,,,,,,,,prometheus:kubernetes,missing:mem_pct|request_count|error_count|error_pct|p50_ms|p95_ms|p99_ms|avg_latency_ms,testing/results/all_microservices/allmicro-20260504T132028Z/phase3/calibration_adservice_50_stats.csv,testing/results/all_microservices/allmicro-20260504T132028Z/phase3/calibration_adservice_50_metrics.csv
phase3,calibration_adservice_50,adservice,browse-product,calibration,50,180,completed,200,0,0,16298,0,0.0000,290.00,323.84,420.00,1200.00,90.7831,shippingservice,hybrid-dynamic,faas,7.8473,,5087.1403,,,,2.53,4.81,5.81,2.31,4.95,,,,prometheus:kubernetes|bridge|openfaas|controller,missing:mem_pct|error_count|error_pct,testing/results/all_microservices/allmicro-20260504T132028Z/phase3/calibration_adservice_50_stats.csv,testing/results/all_microservices/allmicro-20260504T132028Z/phase3/calibration_adservice_50_metrics.csv
phase3,calibration_adservice_50,adservice,browse-product,calibration,50,180,completed,200,0,0,16298,0,0.0000,290.00,323.84,420.00,1200.00,90.7831,adservice,hybrid-dynamic,iaas,36.4730,,13535.5542,,,,2.59,4.92,9.14,1.69,4.95,,,,prometheus:kubernetes|bridge|openfaas|controller,missing:mem_pct|error_count|error_pct,testing/results/all_microservices/allmicro-20260504T132028Z/phase3/calibration_adservice_50_stats.csv,testing/results/all_microservices/allmicro-20260504T132028Z/phase3/calibration_adservice_50_metrics.csv
phase3,calibration_adservice_50,adservice,browse-product,calibration,50,180,completed,200,0,0,16298,0,0.0000,290.00,323.84,420.00,1200.00,90.7831,recommendationservice,iaas,iaas,16.0327,,,,,,,,,,,,,,prometheus:kubernetes,missing:mem_pct|request_count|error_count|error_pct|p50_ms|p95_ms|p99_ms|avg_latency_ms,testing/results/all_microservices/allmicro-20260504T132028Z/phase3/calibration_adservice_50_stats.csv,testing/results/all_microservices/allmicro-20260504T132028Z/phase3/calibration_adservice_50_metrics.csv
phase3,calibration_adservice_50,adservice,browse-product,calibration,50,180,completed,200,0,0,16298,0,0.0000,290.00,323.84,420.00,1200.00,90.7831,redis-cart,iaas,iaas,4.5178,,,,,,,,,,,,,,prometheus:kubernetes,missing:mem_pct|request_count|error_count|error_pct|p50_ms|p95_ms|p99_ms|avg_latency_ms,testing/results/all_microservices/allmicro-20260504T132028Z/phase3/calibration_adservice_50_stats.csv,testing/results/all_microservices/allmicro-20260504T132028Z/phase3/calibration_adservice_50_metrics.csv
phase3,calibration_adservice_200,adservice,browse-product,calibration,200,180,completed,200,0,0,24082,0,0.0000,1000.00,1225.88,2600.00,5400.00,134.1698,frontend,iaas,iaas,55.0864,,,,,,,,,,,,,,prometheus:kubernetes,missing:mem_pct|request_count|error_count|error_pct|p50_ms|p95_ms|p99_ms|avg_latency_ms,testing/results/all_microservices/allmicro-20260504T132028Z/phase3/calibration_adservice_200_stats.csv,testing/results/all_microservices/allmicro-20260504T132028Z/phase3/calibration_adservice_200_metrics.csv
phase3,calibration_adservice_200,adservice,browse-product,calibration,200,180,completed,200,0,0,24082,0,0.0000,1000.00,1225.88,2600.00,5400.00,134.1698,productcatalogservice,iaas,iaas,20.7150,,,,,,,,,,,,,,prometheus:kubernetes,missing:mem_pct|request_count|error_count|error_pct|p50_ms|p95_ms|p99_ms|avg_latency_ms,testing/results/all_microservices/allmicro-20260504T132028Z/phase3/calibration_adservice_200_stats.csv,testing/results/all_microservices/allmicro-20260504T132028Z/phase3/calibration_adservice_200_metrics.csv
phase3,calibration_adservice_200,adservice,browse-product,calibration,200,180,completed,200,0,0,24082,0,0.0000,1000.00,1225.88,2600.00,5400.00,134.1698,cartservice,iaas,iaas,2.7259,,,,,,,,,,,,,,prometheus:kubernetes,missing:mem_pct|request_count|error_count|error_pct|p50_ms|p95_ms|p99_ms|avg_latency_ms,testing/results/all_microservices/allmicro-20260504T132028Z/phase3/calibration_adservice_200_stats.csv,testing/results/all_microservices/allmicro-20260504T132028Z/phase3/calibration_adservice_200_metrics.csv
phase3,calibration_adservice_200,adservice,browse-product,calibration,200,180,completed,200,0,0,24082,0,0.0000,1000.00,1225.88,2600.00,5400.00,134.1698,checkoutservice,iaas,iaas,0.0053,,,,,,,,,,,,,,prometheus:kubernetes,missing:mem_pct|request_count|error_count|error_pct|p50_ms|p95_ms|p99_ms|avg_latency_ms,testing/results/all_microservices/allmicro-20260504T132028Z/phase3/calibration_adservice_200_stats.csv,testing/results/all_microservices/allmicro-20260504T132028Z/phase3/calibration_adservice_200_metrics.csv
phase3,calibration_adservice_200,adservice,browse-product,calibration,200,180,completed,200,0,0,24082,0,0.0000,1000.00,1225.88,2600.00,5400.00,134.1698,currencyservice,hybrid-dynamic,iaas,27.9986,,29514.3500,,0.0000,0.0000,153.71,469.96,794.22,168.51,4.97,,,,prometheus:kubernetes|bridge|openfaas|controller,missing:mem_pct,testing/results/all_microservices/allmicro-20260504T132028Z/phase3/calibration_adservice_200_stats.csv,testing/results/all_microservices/allmicro-20260504T132028Z/phase3/calibration_adservice_200_metrics.csv
phase3,calibration_adservice_200,adservice,browse-product,calibration,200,180,completed,200,0,0,24082,0,0.0000,1000.00,1225.88,2600.00,5400.00,134.1698,emailservice,hybrid-dynamic,faas,0.0636,,,,,,,,,,,,,,prometheus:kubernetes|bridge|openfaas|controller,missing:mem_pct|request_count|error_count|error_pct|p50_ms|p95_ms|p99_ms|avg_latency_ms,testing/results/all_microservices/allmicro-20260504T132028Z/phase3/calibration_adservice_200_stats.csv,testing/results/all_microservices/allmicro-20260504T132028Z/phase3/calibration_adservice_200_metrics.csv
phase3,calibration_adservice_200,adservice,browse-product,calibration,200,180,completed,200,0,0,24082,0,0.0000,1000.00,1225.88,2600.00,5400.00,134.1698,paymentservice,iaas,iaas,0.0000,,,,,,,,,,,,,,prometheus:kubernetes,missing:mem_pct|request_count|error_count|error_pct|p50_ms|p95_ms|p99_ms|avg_latency_ms,testing/results/all_microservices/allmicro-20260504T132028Z/phase3/calibration_adservice_200_stats.csv,testing/results/all_microservices/allmicro-20260504T132028Z/phase3/calibration_adservice_200_metrics.csv
phase3,calibration_adservice_200,adservice,browse-product,calibration,200,180,completed,200,0,0,24082,0,0.0000,1000.00,1225.88,2600.00,5400.00,134.1698,shippingservice,hybrid-dynamic,faas,0.0664,,,,,,,,,,,,,,prometheus:kubernetes|bridge|openfaas|controller,missing:mem_pct|request_count|error_count|error_pct|p50_ms|p95_ms|p99_ms|avg_latency_ms,testing/results/all_microservices/allmicro-20260504T132028Z/phase3/calibration_adservice_200_stats.csv,testing/results/all_microservices/allmicro-20260504T132028Z/phase3/calibration_adservice_200_metrics.csv
phase3,calibration_adservice_200,adservice,browse-product,calibration,200,180,completed,200,0,0,24082,0,0.0000,1000.00,1225.88,2600.00,5400.00,134.1698,adservice,hybrid-dynamic,iaas,21.9897,,27256.6071,,62.8571,0.2306,4.01,72.14,96.92,11.60,4.95,,,,prometheus:kubernetes|bridge|openfaas|controller,missing:mem_pct,testing/results/all_microservices/allmicro-20260504T132028Z/phase3/calibration_adservice_200_stats.csv,testing/results/all_microservices/allmicro-20260504T132028Z/phase3/calibration_adservice_200_metrics.csv
phase3,calibration_adservice_200,adservice,browse-product,calibration,200,180,completed,200,0,0,24082,0,0.0000,1000.00,1225.88,2600.00,5400.00,134.1698,recommendationservice,iaas,iaas,30.9587,,,,,,,,,,,,,,prometheus:kubernetes,missing:mem_pct|request_count|error_count|error_pct|p50_ms|p95_ms|p99_ms|avg_latency_ms,testing/results/all_microservices/allmicro-20260504T132028Z/phase3/calibration_adservice_200_stats.csv,testing/results/all_microservices/allmicro-20260504T132028Z/phase3/calibration_adservice_200_metrics.csv
phase3,calibration_adservice_200,adservice,browse-product,calibration,200,180,completed,200,0,0,24082,0,0.0000,1000.00,1225.88,2600.00,5400.00,134.1698,redis-cart,iaas,iaas,4.3011,,,,,,,,,,,,,,prometheus:kubernetes,missing:mem_pct|request_count|error_count|error_pct|p50_ms|p95_ms|p99_ms|avg_latency_ms,testing/results/all_microservices/allmicro-20260504T132028Z/phase3/calibration_adservice_200_stats.csv,testing/results/all_microservices/allmicro-20260504T132028Z/phase3/calibration_adservice_200_metrics.csv
phase3,calibration_adservice_100,adservice,browse-product,calibration,100,180,completed,200,0,0,18551,2,0.0108,500.00,738.60,2500.00,3000.00,103.2756,frontend,iaas,iaas,19.3438,,,,,,,,,,,,,,prometheus:kubernetes,missing:mem_pct|request_count|error_count|error_pct|p50_ms|p95_ms|p99_ms|avg_latency_ms,testing/results/all_microservices/allmicro-20260504T132028Z/phase3/calibration_adservice_100_stats.csv,testing/results/all_microservices/allmicro-20260504T132028Z/phase3/calibration_adservice_100_metrics.csv
phase3,calibration_adservice_100,adservice,browse-product,calibration,100,180,completed,200,0,0,18551,2,0.0108,500.00,738.60,2500.00,3000.00,103.2756,productcatalogservice,iaas,iaas,7.7778,,,,,,,,,,,,,,prometheus:kubernetes,missing:mem_pct|request_count|error_count|error_pct|p50_ms|p95_ms|p99_ms|avg_latency_ms,testing/results/all_microservices/allmicro-20260504T132028Z/phase3/calibration_adservice_100_stats.csv,testing/results/all_microservices/allmicro-20260504T132028Z/phase3/calibration_adservice_100_metrics.csv
phase3,calibration_adservice_100,adservice,browse-product,calibration,100,180,completed,200,0,0,18551,2,0.0108,500.00,738.60,2500.00,3000.00,103.2756,cartservice,iaas,iaas,1.0711,,,,,,,,,,,,,,prometheus:kubernetes,missing:mem_pct|request_count|error_count|error_pct|p50_ms|p95_ms|p99_ms|avg_latency_ms,testing/results/all_microservices/allmicro-20260504T132028Z/phase3/calibration_adservice_100_stats.csv,testing/results/all_microservices/allmicro-20260504T132028Z/phase3/calibration_adservice_100_metrics.csv
phase3,calibration_adservice_100,adservice,browse-product,calibration,100,180,completed,200,0,0,18551,2,0.0108,500.00,738.60,2500.00,3000.00,103.2756,checkoutservice,iaas,iaas,0.0054,,,,,,,,,,,,,,prometheus:kubernetes,missing:mem_pct|request_count|error_count|error_pct|p50_ms|p95_ms|p99_ms|avg_latency_ms,testing/results/all_microservices/allmicro-20260504T132028Z/phase3/calibration_adservice_100_stats.csv,testing/results/all_microservices/allmicro-20260504T132028Z/phase3/calibration_adservice_100_metrics.csv
phase3,calibration_adservice_100,adservice,browse-product,calibration,100,180,completed,200,0,0,18551,2,0.0108,500.00,738.60,2500.00,3000.00,103.2756,currencyservice,hybrid-dynamic,faas,11.2232,,26479.2252,261.5333,,,181.64,472.70,785.77,193.20,4.97,,,,prometheus:kubernetes|bridge|openfaas|controller,missing:mem_pct|error_count|error_pct,testing/results/all_microservices/allmicro-20260504T132028Z/phase3/calibration_adservice_100_stats.csv,testing/results/all_microservices/allmicro-20260504T132028Z/phase3/calibration_adservice_100_metrics.csv
phase3,calibration_adservice_100,adservice,browse-product,calibration,100,180,completed,200,0,0,18551,2,0.0108,500.00,738.60,2500.00,3000.00,103.2756,emailservice,hybrid-dynamic,faas,0.0744,,,,,,,,,,,,,,prometheus:kubernetes|bridge|openfaas|controller,missing:mem_pct|request_count|error_count|error_pct|p50_ms|p95_ms|p99_ms|avg_latency_ms,testing/results/all_microservices/allmicro-20260504T132028Z/phase3/calibration_adservice_100_stats.csv,testing/results/all_microservices/allmicro-20260504T132028Z/phase3/calibration_adservice_100_metrics.csv
phase3,calibration_adservice_100,adservice,browse-product,calibration,100,180,completed,200,0,0,18551,2,0.0108,500.00,738.60,2500.00,3000.00,103.2756,paymentservice,iaas,iaas,0.0000,,,,,,,,,,,,,,prometheus:kubernetes,missing:mem_pct|request_count|error_count|error_pct|p50_ms|p95_ms|p99_ms|avg_latency_ms,testing/results/all_microservices/allmicro-20260504T132028Z/phase3/calibration_adservice_100_stats.csv,testing/results/all_microservices/allmicro-20260504T132028Z/phase3/calibration_adservice_100_metrics.csv
phase3,calibration_adservice_100,adservice,browse-product,calibration,100,180,completed,200,0,0,18551,2,0.0108,500.00,738.60,2500.00,3000.00,103.2756,shippingservice,hybrid-dynamic,faas,0.0798,,,,,,,,,,,,,,prometheus:kubernetes|bridge|openfaas|controller,missing:mem_pct|request_count|error_count|error_pct|p50_ms|p95_ms|p99_ms|avg_latency_ms,testing/results/all_microservices/allmicro-20260504T132028Z/phase3/calibration_adservice_100_stats.csv,testing/results/all_microservices/allmicro-20260504T132028Z/phase3/calibration_adservice_100_metrics.csv
phase3,calibration_adservice_100,adservice,browse-product,calibration,100,180,completed,200,0,0,18551,2,0.0108,500.00,738.60,2500.00,3000.00,103.2756,adservice,hybrid-dynamic,iaas,29.7964,,15157.7778,,1.1667,0.0077,3.53,19.57,85.22,6.37,4.95,,,,prometheus:kubernetes|bridge|openfaas|controller,missing:mem_pct,testing/results/all_microservices/allmicro-20260504T132028Z/phase3/calibration_adservice_100_stats.csv,testing/results/all_microservices/allmicro-20260504T132028Z/phase3/calibration_adservice_100_metrics.csv
phase3,calibration_adservice_100,adservice,browse-product,calibration,100,180,completed,200,0,0,18551,2,0.0108,500.00,738.60,2500.00,3000.00,103.2756,recommendationservice,iaas,iaas,11.0626,,,,,,,,,,,,,,prometheus:kubernetes,missing:mem_pct|request_count|error_count|error_pct|p50_ms|p95_ms|p99_ms|avg_latency_ms,testing/results/all_microservices/allmicro-20260504T132028Z/phase3/calibration_adservice_100_stats.csv,testing/results/all_microservices/allmicro-20260504T132028Z/phase3/calibration_adservice_100_metrics.csv
phase3,calibration_adservice_100,adservice,browse-product,calibration,100,180,completed,200,0,0,18551,2,0.0108,500.00,738.60,2500.00,3000.00,103.2756,redis-cart,iaas,iaas,3.4476,,,,,,,,,,,,,,prometheus:kubernetes,missing:mem_pct|request_count|error_count|error_pct|p50_ms|p95_ms|p99_ms|avg_latency_ms,testing/results/all_microservices/allmicro-20260504T132028Z/phase3/calibration_adservice_100_stats.csv,testing/results/all_microservices/allmicro-20260504T132028Z/phase3/calibration_adservice_100_metrics.csv
phase1,phase1_adservice_100,adservice,browse-product,iaas-only,100,300,completed,200,0,0,47653,0,0.0000,380.00,401.71,520.00,1100.00,159.3043,frontend,iaas,iaas,37.6846,,,,,,,,,,,,,,prometheus:kubernetes,missing:mem_pct|request_count|error_count|error_pct|p50_ms|p95_ms|p99_ms|avg_latency_ms,testing/results/all_microservices/allmicro-20260504T132028Z/phase1/phase1_adservice_100_stats.csv,testing/results/all_microservices/allmicro-20260504T132028Z/phase1/phase1_adservice_100_metrics.csv
phase1,phase1_adservice_100,adservice,browse-product,iaas-only,100,300,completed,200,0,0,47653,0,0.0000,380.00,401.71,520.00,1100.00,159.3043,productcatalogservice,iaas,iaas,16.5903,,,,,,,,,,,,,,prometheus:kubernetes,missing:mem_pct|request_count|error_count|error_pct|p50_ms|p95_ms|p99_ms|avg_latency_ms,testing/results/all_microservices/allmicro-20260504T132028Z/phase1/phase1_adservice_100_stats.csv,testing/results/all_microservices/allmicro-20260504T132028Z/phase1/phase1_adservice_100_metrics.csv
phase1,phase1_adservice_100,adservice,browse-product,iaas-only,100,300,completed,200,0,0,47653,0,0.0000,380.00,401.71,520.00,1100.00,159.3043,cartservice,iaas,iaas,2.1630,,,,,,,,,,,,,,prometheus:kubernetes,missing:mem_pct|request_count|error_count|error_pct|p50_ms|p95_ms|p99_ms|avg_latency_ms,testing/results/all_microservices/allmicro-20260504T132028Z/phase1/phase1_adservice_100_stats.csv,testing/results/all_microservices/allmicro-20260504T132028Z/phase1/phase1_adservice_100_metrics.csv
phase1,phase1_adservice_100,adservice,browse-product,iaas-only,100,300,completed,200,0,0,47653,0,0.0000,380.00,401.71,520.00,1100.00,159.3043,checkoutservice,iaas,iaas,0.0005,,,,,,,,,,,,,,prometheus:kubernetes,missing:mem_pct|request_count|error_count|error_pct|p50_ms|p95_ms|p99_ms|avg_latency_ms,testing/results/all_microservices/allmicro-20260504T132028Z/phase1/phase1_adservice_100_stats.csv,testing/results/all_microservices/allmicro-20260504T132028Z/phase1/phase1_adservice_100_metrics.csv
phase1,phase1_adservice_100,adservice,browse-product,iaas-only,100,300,completed,200,0,0,47653,0,0.0000,380.00,401.71,520.00,1100.00,159.3043,currencyservice,iaas,iaas,23.3469,,,,,,,,,,,,,,prometheus:kubernetes,missing:mem_pct|request_count|error_count|error_pct|p50_ms|p95_ms|p99_ms|avg_latency_ms,testing/results/all_microservices/allmicro-20260504T132028Z/phase1/phase1_adservice_100_stats.csv,testing/results/all_microservices/allmicro-20260504T132028Z/phase1/phase1_adservice_100_metrics.csv
phase1,phase1_adservice_100,adservice,browse-product,iaas-only,100,300,completed,200,0,0,47653,0,0.0000,380.00,401.71,520.00,1100.00,159.3043,emailservice,iaas,iaas,0.3921,,,,,,,,,,,,,,prometheus:kubernetes,missing:mem_pct|request_count|error_count|error_pct|p50_ms|p95_ms|p99_ms|avg_latency_ms,testing/results/all_microservices/allmicro-20260504T132028Z/phase1/phase1_adservice_100_stats.csv,testing/results/all_microservices/allmicro-20260504T132028Z/phase1/phase1_adservice_100_metrics.csv
phase1,phase1_adservice_100,adservice,browse-product,iaas-only,100,300,completed,200,0,0,47653,0,0.0000,380.00,401.71,520.00,1100.00,159.3043,paymentservice,iaas,iaas,0.0098,,,,,,,,,,,,,,prometheus:kubernetes,missing:mem_pct|request_count|error_count|error_pct|p50_ms|p95_ms|p99_ms|avg_latency_ms,testing/results/all_microservices/allmicro-20260504T132028Z/phase1/phase1_adservice_100_stats.csv,testing/results/all_microservices/allmicro-20260504T132028Z/phase1/phase1_adservice_100_metrics.csv
phase1,phase1_adservice_100,adservice,browse-product,iaas-only,100,300,completed,200,0,0,47653,0,0.0000,380.00,401.71,520.00,1100.00,159.3043,shippingservice,iaas,iaas,0.0005,,,,,,,,,,,,,,prometheus:kubernetes,missing:mem_pct|request_count|error_count|error_pct|p50_ms|p95_ms|p99_ms|avg_latency_ms,testing/results/all_microservices/allmicro-20260504T132028Z/phase1/phase1_adservice_100_stats.csv,testing/results/all_microservices/allmicro-20260504T132028Z/phase1/phase1_adservice_100_metrics.csv
phase1,phase1_adservice_100,adservice,browse-product,iaas-only,100,300,completed,200,0,0,47653,0,0.0000,380.00,401.71,520.00,1100.00,159.3043,adservice,iaas,iaas,8.8580,,,,,,,,,,,,,,prometheus:kubernetes,missing:mem_pct|request_count|error_count|error_pct|p50_ms|p95_ms|p99_ms|avg_latency_ms,testing/results/all_microservices/allmicro-20260504T132028Z/phase1/phase1_adservice_100_stats.csv,testing/results/all_microservices/allmicro-20260504T132028Z/phase1/phase1_adservice_100_metrics.csv
phase1,phase1_adservice_100,adservice,browse-product,iaas-only,100,300,completed,200,0,0,47653,0,0.0000,380.00,401.71,520.00,1100.00,159.3043,recommendationservice,iaas,iaas,24.3255,,,,,,,,,,,,,,prometheus:kubernetes,missing:mem_pct|request_count|error_count|error_pct|p50_ms|p95_ms|p99_ms|avg_latency_ms,testing/results/all_microservices/allmicro-20260504T132028Z/phase1/phase1_adservice_100_stats.csv,testing/results/all_microservices/allmicro-20260504T132028Z/phase1/phase1_adservice_100_metrics.csv
phase1,phase1_adservice_100,adservice,browse-product,iaas-only,100,300,completed,200,0,0,47653,0,0.0000,380.00,401.71,520.00,1100.00,159.3043,redis-cart,iaas,iaas,3.7657,,,,,,,,,,,,,,prometheus:kubernetes,missing:mem_pct|request_count|error_count|error_pct|p50_ms|p95_ms|p99_ms|avg_latency_ms,testing/results/all_microservices/allmicro-20260504T132028Z/phase1/phase1_adservice_100_stats.csv,testing/results/all_microservices/allmicro-20260504T132028Z/phase1/phase1_adservice_100_metrics.csv
phase3,phase3_adservice_100,adservice,browse-product,hybrid,100,300,completed,200,0,0,36792,256,0.6958,440.00,587.61,1300.00,2900.00,122.9489,frontend,iaas,iaas,41.3089,,,,,,,,,,,,,,prometheus:kubernetes,missing:mem_pct|request_count|error_count|error_pct|p50_ms|p95_ms|p99_ms|avg_latency_ms,testing/results/all_microservices/allmicro-20260504T132028Z/phase3/phase3_adservice_100_stats.csv,testing/results/all_microservices/allmicro-20260504T132028Z/phase3/phase3_adservice_100_metrics.csv
phase3,phase3_adservice_100,adservice,browse-product,hybrid,100,300,completed,200,0,0,36792,256,0.6958,440.00,587.61,1300.00,2900.00,122.9489,productcatalogservice,iaas,iaas,15.2237,,,,,,,,,,,,,,prometheus:kubernetes,missing:mem_pct|request_count|error_count|error_pct|p50_ms|p95_ms|p99_ms|avg_latency_ms,testing/results/all_microservices/allmicro-20260504T132028Z/phase3/phase3_adservice_100_stats.csv,testing/results/all_microservices/allmicro-20260504T132028Z/phase3/phase3_adservice_100_metrics.csv
phase3,phase3_adservice_100,adservice,browse-product,hybrid,100,300,completed,200,0,0,36792,256,0.6958,440.00,587.61,1300.00,2900.00,122.9489,cartservice,iaas,iaas,1.8994,,,,,,,,,,,,,,prometheus:kubernetes,missing:mem_pct|request_count|error_count|error_pct|p50_ms|p95_ms|p99_ms|avg_latency_ms,testing/results/all_microservices/allmicro-20260504T132028Z/phase3/phase3_adservice_100_stats.csv,testing/results/all_microservices/allmicro-20260504T132028Z/phase3/phase3_adservice_100_metrics.csv
phase3,phase3_adservice_100,adservice,browse-product,hybrid,100,300,completed,200,0,0,36792,256,0.6958,440.00,587.61,1300.00,2900.00,122.9489,checkoutservice,iaas,iaas,0.0076,,,,,,,,,,,,,,prometheus:kubernetes,missing:mem_pct|request_count|error_count|error_pct|p50_ms|p95_ms|p99_ms|avg_latency_ms,testing/results/all_microservices/allmicro-20260504T132028Z/phase3/phase3_adservice_100_stats.csv,testing/results/all_microservices/allmicro-20260504T132028Z/phase3/phase3_adservice_100_metrics.csv
phase3,phase3_adservice_100,adservice,browse-product,hybrid,100,300,completed,200,0,0,36792,256,0.6958,440.00,587.61,1300.00,2900.00,122.9489,currencyservice,hybrid-dynamic,iaas,35.6926,,22642.9000,,,,188.32,484.57,849.85,199.71,4.98,,,,prometheus:kubernetes|bridge|openfaas|controller,missing:mem_pct|error_count|error_pct,testing/results/all_microservices/allmicro-20260504T132028Z/phase3/phase3_adservice_100_stats.csv,testing/results/all_microservices/allmicro-20260504T132028Z/phase3/phase3_adservice_100_metrics.csv
phase3,phase3_adservice_100,adservice,browse-product,hybrid,100,300,completed,200,0,0,36792,256,0.6958,440.00,587.61,1300.00,2900.00,122.9489,emailservice,hybrid-dynamic,faas,0.0575,,,,,,,,,,,,,,prometheus:kubernetes|bridge|openfaas|controller,missing:mem_pct|request_count|error_count|error_pct|p50_ms|p95_ms|p99_ms|avg_latency_ms,testing/results/all_microservices/allmicro-20260504T132028Z/phase3/phase3_adservice_100_stats.csv,testing/results/all_microservices/allmicro-20260504T132028Z/phase3/phase3_adservice_100_metrics.csv
phase3,phase3_adservice_100,adservice,browse-product,hybrid,100,300,completed,200,0,0,36792,256,0.6958,440.00,587.61,1300.00,2900.00,122.9489,paymentservice,iaas,iaas,0.0000,,,,,,,,,,,,,,prometheus:kubernetes,missing:mem_pct|request_count|error_count|error_pct|p50_ms|p95_ms|p99_ms|avg_latency_ms,testing/results/all_microservices/allmicro-20260504T132028Z/phase3/phase3_adservice_100_stats.csv,testing/results/all_microservices/allmicro-20260504T132028Z/phase3/phase3_adservice_100_metrics.csv
phase3,phase3_adservice_100,adservice,browse-product,hybrid,100,300,completed,200,0,0,36792,256,0.6958,440.00,587.61,1300.00,2900.00,122.9489,shippingservice,hybrid-dynamic,faas,0.0769,,,,,,,,,,,,,,prometheus:kubernetes|bridge|openfaas|controller,missing:mem_pct|request_count|error_count|error_pct|p50_ms|p95_ms|p99_ms|avg_latency_ms,testing/results/all_microservices/allmicro-20260504T132028Z/phase3/phase3_adservice_100_stats.csv,testing/results/all_microservices/allmicro-20260504T132028Z/phase3/phase3_adservice_100_metrics.csv
phase3,phase3_adservice_100,adservice,browse-product,hybrid,100,300,completed,200,0,0,36792,256,0.6958,440.00,587.61,1300.00,2900.00,122.9489,adservice,hybrid-dynamic,iaas,31.0811,,15434.0556,,27.3889,0.1775,3.40,17.56,82.26,5.74,4.95,,,,prometheus:kubernetes|bridge|openfaas|controller,missing:mem_pct,testing/results/all_microservices/allmicro-20260504T132028Z/phase3/phase3_adservice_100_stats.csv,testing/results/all_microservices/allmicro-20260504T132028Z/phase3/phase3_adservice_100_metrics.csv
phase3,phase3_adservice_100,adservice,browse-product,hybrid,100,300,completed,200,0,0,36792,256,0.6958,440.00,587.61,1300.00,2900.00,122.9489,recommendationservice,iaas,iaas,23.9057,,,,,,,,,,,,,,prometheus:kubernetes,missing:mem_pct|request_count|error_count|error_pct|p50_ms|p95_ms|p99_ms|avg_latency_ms,testing/results/all_microservices/allmicro-20260504T132028Z/phase3/phase3_adservice_100_stats.csv,testing/results/all_microservices/allmicro-20260504T132028Z/phase3/phase3_adservice_100_metrics.csv
phase3,phase3_adservice_100,adservice,browse-product,hybrid,100,300,completed,200,0,0,36792,256,0.6958,440.00,587.61,1300.00,2900.00,122.9489,redis-cart,iaas,iaas,4.0025,,,,,,,,,,,,,,prometheus:kubernetes,missing:mem_pct|request_count|error_count|error_pct|p50_ms|p95_ms|p99_ms|avg_latency_ms,testing/results/all_microservices/allmicro-20260504T132028Z/phase3/phase3_adservice_100_stats.csv,testing/results/all_microservices/allmicro-20260504T132028Z/phase3/phase3_adservice_100_metrics.csv
phase3,switch_adservice_cycle1_high_100,adservice,browse-product,target-faas-high,100,300,completed,200,0,0,44336,0,0.0000,420.00,449.43,600.00,1100.00,148.1650,frontend,iaas,iaas,70.6886,,,,,,,,,,,,,,prometheus:kubernetes,missing:mem_pct|request_count|error_count|error_pct|p50_ms|p95_ms|p99_ms|avg_latency_ms,testing/results/all_microservices/allmicro-20260504T132028Z/phase3/switch_adservice_cycle1_high_100_stats.csv,testing/results/all_microservices/allmicro-20260504T132028Z/phase3/switch_adservice_cycle1_high_100_metrics.csv
phase3,switch_adservice_cycle1_high_100,adservice,browse-product,target-faas-high,100,300,completed,200,0,0,44336,0,0.0000,420.00,449.43,600.00,1100.00,148.1650,productcatalogservice,iaas,iaas,27.3319,,,,,,,,,,,,,,prometheus:kubernetes,missing:mem_pct|request_count|error_count|error_pct|p50_ms|p95_ms|p99_ms|avg_latency_ms,testing/results/all_microservices/allmicro-20260504T132028Z/phase3/switch_adservice_cycle1_high_100_stats.csv,testing/results/all_microservices/allmicro-20260504T132028Z/phase3/switch_adservice_cycle1_high_100_metrics.csv
phase3,switch_adservice_cycle1_high_100,adservice,browse-product,target-faas-high,100,300,completed,200,0,0,44336,0,0.0000,420.00,449.43,600.00,1100.00,148.1650,cartservice,iaas,iaas,3.3093,,,,,,,,,,,,,,prometheus:kubernetes,missing:mem_pct|request_count|error_count|error_pct|p50_ms|p95_ms|p99_ms|avg_latency_ms,testing/results/all_microservices/allmicro-20260504T132028Z/phase3/switch_adservice_cycle1_high_100_stats.csv,testing/results/all_microservices/allmicro-20260504T132028Z/phase3/switch_adservice_cycle1_high_100_metrics.csv
phase3,switch_adservice_cycle1_high_100,adservice,browse-product,target-faas-high,100,300,completed,200,0,0,44336,0,0.0000,420.00,449.43,600.00,1100.00,148.1650,checkoutservice,iaas,iaas,0.0044,,,,,,,,,,,,,,prometheus:kubernetes,missing:mem_pct|request_count|error_count|error_pct|p50_ms|p95_ms|p99_ms|avg_latency_ms,testing/results/all_microservices/allmicro-20260504T132028Z/phase3/switch_adservice_cycle1_high_100_stats.csv,testing/results/all_microservices/allmicro-20260504T132028Z/phase3/switch_adservice_cycle1_high_100_metrics.csv
phase3,switch_adservice_cycle1_high_100,adservice,browse-product,target-faas-high,100,300,completed,200,0,0,44336,0,0.0000,420.00,449.43,600.00,1100.00,148.1650,currencyservice,hybrid-dynamic,iaas,38.4433,,,,,,,,,,,,,,prometheus:kubernetes|bridge|openfaas|controller,missing:mem_pct|request_count|error_count|error_pct|p50_ms|p95_ms|p99_ms|avg_latency_ms,testing/results/all_microservices/allmicro-20260504T132028Z/phase3/switch_adservice_cycle1_high_100_stats.csv,testing/results/all_microservices/allmicro-20260504T132028Z/phase3/switch_adservice_cycle1_high_100_metrics.csv
phase3,switch_adservice_cycle1_high_100,adservice,browse-product,target-faas-high,100,300,completed,200,0,0,44336,0,0.0000,420.00,449.43,600.00,1100.00,148.1650,emailservice,hybrid-dynamic,faas,0.0905,,,,,,,,,,,,,,prometheus:kubernetes|bridge|openfaas|controller,missing:mem_pct|request_count|error_count|error_pct|p50_ms|p95_ms|p99_ms|avg_latency_ms,testing/results/all_microservices/allmicro-20260504T132028Z/phase3/switch_adservice_cycle1_high_100_stats.csv,testing/results/all_microservices/allmicro-20260504T132028Z/phase3/switch_adservice_cycle1_high_100_metrics.csv
phase3,switch_adservice_cycle1_high_100,adservice,browse-product,target-faas-high,100,300,completed,200,0,0,44336,0,0.0000,420.00,449.43,600.00,1100.00,148.1650,paymentservice,iaas,iaas,0.0000,,,,,,,,,,,,,,prometheus:kubernetes,missing:mem_pct|request_count|error_count|error_pct|p50_ms|p95_ms|p99_ms|avg_latency_ms,testing/results/all_microservices/allmicro-20260504T132028Z/phase3/switch_adservice_cycle1_high_100_stats.csv,testing/results/all_microservices/allmicro-20260504T132028Z/phase3/switch_adservice_cycle1_high_100_metrics.csv
phase3,switch_adservice_cycle1_high_100,adservice,browse-product,target-faas-high,100,300,completed,200,0,0,44336,0,0.0000,420.00,449.43,600.00,1100.00,148.1650,shippingservice,hybrid-dynamic,faas,0.0923,,,,,,,,,,,,,,prometheus:kubernetes|bridge|openfaas|controller,missing:mem_pct|request_count|error_count|error_pct|p50_ms|p95_ms|p99_ms|avg_latency_ms,testing/results/all_microservices/allmicro-20260504T132028Z/phase3/switch_adservice_cycle1_high_100_stats.csv,testing/results/all_microservices/allmicro-20260504T132028Z/phase3/switch_adservice_cycle1_high_100_metrics.csv
phase3,switch_adservice_cycle1_high_100,adservice,browse-product,target-faas-high,100,300,completed,200,0,0,44336,0,0.0000,420.00,449.43,600.00,1100.00,148.1650,adservice,hybrid-dynamic,iaas,28.3908,,19436.8750,,27.0000,0.1389,3.91,46.37,90.38,8.28,4.95,,,,prometheus:kubernetes|bridge|openfaas|controller,missing:mem_pct,testing/results/all_microservices/allmicro-20260504T132028Z/phase3/switch_adservice_cycle1_high_100_stats.csv,testing/results/all_microservices/allmicro-20260504T132028Z/phase3/switch_adservice_cycle1_high_100_metrics.csv
phase3,switch_adservice_cycle1_high_100,adservice,browse-product,target-faas-high,100,300,completed,200,0,0,44336,0,0.0000,420.00,449.43,600.00,1100.00,148.1650,recommendationservice,iaas,iaas,46.2526,,,,,,,,,,,,,,prometheus:kubernetes,missing:mem_pct|request_count|error_count|error_pct|p50_ms|p95_ms|p99_ms|avg_latency_ms,testing/results/all_microservices/allmicro-20260504T132028Z/phase3/switch_adservice_cycle1_high_100_stats.csv,testing/results/all_microservices/allmicro-20260504T132028Z/phase3/switch_adservice_cycle1_high_100_metrics.csv
phase3,switch_adservice_cycle1_high_100,adservice,browse-product,target-faas-high,100,300,completed,200,0,0,44336,0,0.0000,420.00,449.43,600.00,1100.00,148.1650,redis-cart,iaas,iaas,4.6889,,,,,,,,,,,,,,prometheus:kubernetes,missing:mem_pct|request_count|error_count|error_pct|p50_ms|p95_ms|p99_ms|avg_latency_ms,testing/results/all_microservices/allmicro-20260504T132028Z/phase3/switch_adservice_cycle1_high_100_stats.csv,testing/results/all_microservices/allmicro-20260504T132028Z/phase3/switch_adservice_cycle1_high_100_metrics.csv
phase3,switch_adservice_cycle1_low_10,adservice,browse-product,controller-low-recovery,10,360,completed,200,0,0,7572,21,0.2773,240.00,246.88,260.00,330.00,21.0676,frontend,iaas,iaas,48.2176,,,,,,,,,,,,,,prometheus:kubernetes,missing:mem_pct|request_count|error_count|error_pct|p50_ms|p95_ms|p99_ms|avg_latency_ms,testing/results/all_microservices/allmicro-20260504T132028Z/phase3/switch_adservice_cycle1_low_10_stats.csv,testing/results/all_microservices/allmicro-20260504T132028Z/phase3/switch_adservice_cycle1_low_10_metrics.csv
phase3,switch_adservice_cycle1_low_10,adservice,browse-product,controller-low-recovery,10,360,completed,200,0,0,7572,21,0.2773,240.00,246.88,260.00,330.00,21.0676,productcatalogservice,iaas,iaas,18.7292,,,,,,,,,,,,,,prometheus:kubernetes,missing:mem_pct|request_count|error_count|error_pct|p50_ms|p95_ms|p99_ms|avg_latency_ms,testing/results/all_microservices/allmicro-20260504T132028Z/phase3/switch_adservice_cycle1_low_10_stats.csv,testing/results/all_microservices/allmicro-20260504T132028Z/phase3/switch_adservice_cycle1_low_10_metrics.csv
phase3,switch_adservice_cycle1_low_10,adservice,browse-product,controller-low-recovery,10,360,completed,200,0,0,7572,21,0.2773,240.00,246.88,260.00,330.00,21.0676,cartservice,iaas,iaas,2.3213,,,,,,,,,,,,,,prometheus:kubernetes,missing:mem_pct|request_count|error_count|error_pct|p50_ms|p95_ms|p99_ms|avg_latency_ms,testing/results/all_microservices/allmicro-20260504T132028Z/phase3/switch_adservice_cycle1_low_10_stats.csv,testing/results/all_microservices/allmicro-20260504T132028Z/phase3/switch_adservice_cycle1_low_10_metrics.csv
phase3,switch_adservice_cycle1_low_10,adservice,browse-product,controller-low-recovery,10,360,completed,200,0,0,7572,21,0.2773,240.00,246.88,260.00,330.00,21.0676,checkoutservice,iaas,iaas,0.0062,,,,,,,,,,,,,,prometheus:kubernetes,missing:mem_pct|request_count|error_count|error_pct|p50_ms|p95_ms|p99_ms|avg_latency_ms,testing/results/all_microservices/allmicro-20260504T132028Z/phase3/switch_adservice_cycle1_low_10_stats.csv,testing/results/all_microservices/allmicro-20260504T132028Z/phase3/switch_adservice_cycle1_low_10_metrics.csv
phase3,switch_adservice_cycle1_low_10,adservice,browse-product,controller-low-recovery,10,360,completed,200,0,0,7572,21,0.2773,240.00,246.88,260.00,330.00,21.0676,currencyservice,hybrid-dynamic,faas,13.8213,,10479.7667,27.1842,,,2.56,4.86,22.24,2.44,4.95,,,,prometheus:kubernetes|bridge|openfaas|controller,missing:mem_pct|error_count|error_pct,testing/results/all_microservices/allmicro-20260504T132028Z/phase3/switch_adservice_cycle1_low_10_stats.csv,testing/results/all_microservices/allmicro-20260504T132028Z/phase3/switch_adservice_cycle1_low_10_metrics.csv
phase3,switch_adservice_cycle1_low_10,adservice,browse-product,controller-low-recovery,10,360,completed,200,0,0,7572,21,0.2773,240.00,246.88,260.00,330.00,21.0676,emailservice,hybrid-dynamic,faas,0.0593,,,,,,,,,,,,,,prometheus:kubernetes|bridge|openfaas|controller,missing:mem_pct|request_count|error_count|error_pct|p50_ms|p95_ms|p99_ms|avg_latency_ms,testing/results/all_microservices/allmicro-20260504T132028Z/phase3/switch_adservice_cycle1_low_10_stats.csv,testing/results/all_microservices/allmicro-20260504T132028Z/phase3/switch_adservice_cycle1_low_10_metrics.csv
phase3,switch_adservice_cycle1_low_10,adservice,browse-product,controller-low-recovery,10,360,completed,200,0,0,7572,21,0.2773,240.00,246.88,260.00,330.00,21.0676,paymentservice,iaas,iaas,0.0000,,,,,,,,,,,,,,prometheus:kubernetes,missing:mem_pct|request_count|error_count|error_pct|p50_ms|p95_ms|p99_ms|avg_latency_ms,testing/results/all_microservices/allmicro-20260504T132028Z/phase3/switch_adservice_cycle1_low_10_stats.csv,testing/results/all_microservices/allmicro-20260504T132028Z/phase3/switch_adservice_cycle1_low_10_metrics.csv
phase3,switch_adservice_cycle1_low_10,adservice,browse-product,controller-low-recovery,10,360,completed,200,0,0,7572,21,0.2773,240.00,246.88,260.00,330.00,21.0676,shippingservice,hybrid-dynamic,faas,0.0618,,,,,,,,,,,,,,prometheus:kubernetes|bridge|openfaas|controller,missing:mem_pct|request_count|error_count|error_pct|p50_ms|p95_ms|p99_ms|avg_latency_ms,testing/results/all_microservices/allmicro-20260504T132028Z/phase3/switch_adservice_cycle1_low_10_stats.csv,testing/results/all_microservices/allmicro-20260504T132028Z/phase3/switch_adservice_cycle1_low_10_metrics.csv
phase3,switch_adservice_cycle1_low_10,adservice,browse-product,controller-low-recovery,10,360,completed,200,0,0,7572,21,0.2773,240.00,246.88,260.00,330.00,21.0676,adservice,hybrid-dynamic,faas,7.1379,,7475.4865,21.2000,,,2.50,4.76,4.96,0.89,4.95,,,,prometheus:kubernetes|bridge|openfaas|controller,missing:mem_pct|error_count|error_pct,testing/results/all_microservices/allmicro-20260504T132028Z/phase3/switch_adservice_cycle1_low_10_stats.csv,testing/results/all_microservices/allmicro-20260504T132028Z/phase3/switch_adservice_cycle1_low_10_metrics.csv
phase3,switch_adservice_cycle1_low_10,adservice,browse-product,controller-low-recovery,10,360,completed,200,0,0,7572,21,0.2773,240.00,246.88,260.00,330.00,21.0676,recommendationservice,iaas,iaas,23.6897,,,,,,,,,,,,,,prometheus:kubernetes,missing:mem_pct|request_count|error_count|error_pct|p50_ms|p95_ms|p99_ms|avg_latency_ms,testing/results/all_microservices/allmicro-20260504T132028Z/phase3/switch_adservice_cycle1_low_10_stats.csv,testing/results/all_microservices/allmicro-20260504T132028Z/phase3/switch_adservice_cycle1_low_10_metrics.csv
phase3,switch_adservice_cycle1_low_10,adservice,browse-product,controller-low-recovery,10,360,completed,200,0,0,7572,21,0.2773,240.00,246.88,260.00,330.00,21.0676,redis-cart,iaas,iaas,4.1796,,,,,,,,,,,,,,prometheus:kubernetes,missing:mem_pct|request_count|error_count|error_pct|p50_ms|p95_ms|p99_ms|avg_latency_ms,testing/results/all_microservices/allmicro-20260504T132028Z/phase3/switch_adservice_cycle1_low_10_stats.csv,testing/results/all_microservices/allmicro-20260504T132028Z/phase3/switch_adservice_cycle1_low_10_metrics.csv
phase3,switch_adservice_cycle2_high_100,adservice,browse-product,target-faas-high,100,300,completed,200,0,0,32185,314,0.9756,490.00,703.03,2500.00,3100.00,107.4872,frontend,iaas,iaas,47.5338,,,,,,,,,,,,,,prometheus:kubernetes,missing:mem_pct|request_count|error_count|error_pct|p50_ms|p95_ms|p99_ms|avg_latency_ms,testing/results/all_microservices/allmicro-20260504T132028Z/phase3/switch_adservice_cycle2_high_100_stats.csv,testing/results/all_microservices/allmicro-20260504T132028Z/phase3/switch_adservice_cycle2_high_100_metrics.csv
phase3,switch_adservice_cycle2_high_100,adservice,browse-product,target-faas-high,100,300,completed,200,0,0,32185,314,0.9756,490.00,703.03,2500.00,3100.00,107.4872,productcatalogservice,iaas,iaas,18.2534,,,,,,,,,,,,,,prometheus:kubernetes,missing:mem_pct|request_count|error_count|error_pct|p50_ms|p95_ms|p99_ms|avg_latency_ms,testing/results/all_microservices/allmicro-20260504T132028Z/phase3/switch_adservice_cycle2_high_100_stats.csv,testing/results/all_microservices/allmicro-20260504T132028Z/phase3/switch_adservice_cycle2_high_100_metrics.csv
phase3,switch_adservice_cycle2_high_100,adservice,browse-product,target-faas-high,100,300,completed,200,0,0,32185,314,0.9756,490.00,703.03,2500.00,3100.00,107.4872,cartservice,iaas,iaas,2.2557,,,,,,,,,,,,,,prometheus:kubernetes,missing:mem_pct|request_count|error_count|error_pct|p50_ms|p95_ms|p99_ms|avg_latency_ms,testing/results/all_microservices/allmicro-20260504T132028Z/phase3/switch_adservice_cycle2_high_100_stats.csv,testing/results/all_microservices/allmicro-20260504T132028Z/phase3/switch_adservice_cycle2_high_100_metrics.csv
phase3,switch_adservice_cycle2_high_100,adservice,browse-product,target-faas-high,100,300,completed,200,0,0,32185,314,0.9756,490.00,703.03,2500.00,3100.00,107.4872,checkoutservice,iaas,iaas,0.0055,,,,,,,,,,,,,,prometheus:kubernetes,missing:mem_pct|request_count|error_count|error_pct|p50_ms|p95_ms|p99_ms|avg_latency_ms,testing/results/all_microservices/allmicro-20260504T132028Z/phase3/switch_adservice_cycle2_high_100_stats.csv,testing/results/all_microservices/allmicro-20260504T132028Z/phase3/switch_adservice_cycle2_high_100_metrics.csv
phase3,switch_adservice_cycle2_high_100,adservice,browse-product,target-faas-high,100,300,completed,200,0,0,32185,314,0.9756,490.00,703.03,2500.00,3100.00,107.4872,currencyservice,hybrid-dynamic,iaas,28.2653,,43825.4500,,,,180.12,473.41,787.90,190.51,4.98,,,,prometheus:kubernetes|bridge|openfaas|controller,missing:mem_pct|error_count|error_pct,testing/results/all_microservices/allmicro-20260504T132028Z/phase3/switch_adservice_cycle2_high_100_stats.csv,testing/results/all_microservices/allmicro-20260504T132028Z/phase3/switch_adservice_cycle2_high_100_metrics.csv
phase3,switch_adservice_cycle2_high_100,adservice,browse-product,target-faas-high,100,300,completed,200,0,0,32185,314,0.9756,490.00,703.03,2500.00,3100.00,107.4872,emailservice,hybrid-dynamic,faas,0.0810,,,,,,,,,,,,,,prometheus:kubernetes|bridge|openfaas|controller,missing:mem_pct|request_count|error_count|error_pct|p50_ms|p95_ms|p99_ms|avg_latency_ms,testing/results/all_microservices/allmicro-20260504T132028Z/phase3/switch_adservice_cycle2_high_100_stats.csv,testing/results/all_microservices/allmicro-20260504T132028Z/phase3/switch_adservice_cycle2_high_100_metrics.csv
phase3,switch_adservice_cycle2_high_100,adservice,browse-product,target-faas-high,100,300,completed,200,0,0,32185,314,0.9756,490.00,703.03,2500.00,3100.00,107.4872,paymentservice,iaas,iaas,0.0000,,,,,,,,,,,,,,prometheus:kubernetes,missing:mem_pct|request_count|error_count|error_pct|p50_ms|p95_ms|p99_ms|avg_latency_ms,testing/results/all_microservices/allmicro-20260504T132028Z/phase3/switch_adservice_cycle2_high_100_stats.csv,testing/results/all_microservices/allmicro-20260504T132028Z/phase3/switch_adservice_cycle2_high_100_metrics.csv
phase3,switch_adservice_cycle2_high_100,adservice,browse-product,target-faas-high,100,300,completed,200,0,0,32185,314,0.9756,490.00,703.03,2500.00,3100.00,107.4872,shippingservice,hybrid-dynamic,faas,0.0831,,,,,,,,,,,,,,prometheus:kubernetes|bridge|openfaas|controller,missing:mem_pct|request_count|error_count|error_pct|p50_ms|p95_ms|p99_ms|avg_latency_ms,testing/results/all_microservices/allmicro-20260504T132028Z/phase3/switch_adservice_cycle2_high_100_stats.csv,testing/results/all_microservices/allmicro-20260504T132028Z/phase3/switch_adservice_cycle2_high_100_metrics.csv
phase3,switch_adservice_cycle2_high_100,adservice,browse-product,target-faas-high,100,300,completed,200,0,0,32185,314,0.9756,490.00,703.03,2500.00,3100.00,107.4872,adservice,hybrid-dynamic,iaas,24.7144,,15504.3735,,0.0000,0.0000,3.51,20.73,84.30,6.28,4.95,,,,prometheus:kubernetes|bridge|openfaas|controller,missing:mem_pct,testing/results/all_microservices/allmicro-20260504T132028Z/phase3/switch_adservice_cycle2_high_100_stats.csv,testing/results/all_microservices/allmicro-20260504T132028Z/phase3/switch_adservice_cycle2_high_100_metrics.csv
phase3,switch_adservice_cycle2_high_100,adservice,browse-product,target-faas-high,100,300,completed,200,0,0,32185,314,0.9756,490.00,703.03,2500.00,3100.00,107.4872,recommendationservice,iaas,iaas,23.3908,,,,,,,,,,,,,,prometheus:kubernetes,missing:mem_pct|request_count|error_count|error_pct|p50_ms|p95_ms|p99_ms|avg_latency_ms,testing/results/all_microservices/allmicro-20260504T132028Z/phase3/switch_adservice_cycle2_high_100_stats.csv,testing/results/all_microservices/allmicro-20260504T132028Z/phase3/switch_adservice_cycle2_high_100_metrics.csv
phase3,switch_adservice_cycle2_high_100,adservice,browse-product,target-faas-high,100,300,completed,200,0,0,32185,314,0.9756,490.00,703.03,2500.00,3100.00,107.4872,redis-cart,iaas,iaas,4.0642,,,,,,,,,,,,,,prometheus:kubernetes,missing:mem_pct|request_count|error_count|error_pct|p50_ms|p95_ms|p99_ms|avg_latency_ms,testing/results/all_microservices/allmicro-20260504T132028Z/phase3/switch_adservice_cycle2_high_100_stats.csv,testing/results/all_microservices/allmicro-20260504T132028Z/phase3/switch_adservice_cycle2_high_100_metrics.csv
phase3,switch_adservice_cycle2_low_10,adservice,browse-product,controller-low-recovery,10,360,completed,200,0,0,7256,21,0.2894,250.00,265.88,280.00,490.00,20.2123,frontend,iaas,iaas,43.7523,,,,,,,,,,,,,,prometheus:kubernetes,missing:mem_pct|request_count|error_count|error_pct|p50_ms|p95_ms|p99_ms|avg_latency_ms,testing/results/all_microservices/allmicro-20260504T132028Z/phase3/switch_adservice_cycle2_low_10_stats.csv,testing/results/all_microservices/allmicro-20260504T132028Z/phase3/switch_adservice_cycle2_low_10_metrics.csv
phase3,switch_adservice_cycle2_low_10,adservice,browse-product,controller-low-recovery,10,360,completed,200,0,0,7256,21,0.2894,250.00,265.88,280.00,490.00,20.2123,productcatalogservice,iaas,iaas,16.5536,,,,,,,,,,,,,,prometheus:kubernetes,missing:mem_pct|request_count|error_count|error_pct|p50_ms|p95_ms|p99_ms|avg_latency_ms,testing/results/all_microservices/allmicro-20260504T132028Z/phase3/switch_adservice_cycle2_low_10_stats.csv,testing/results/all_microservices/allmicro-20260504T132028Z/phase3/switch_adservice_cycle2_low_10_metrics.csv
phase3,switch_adservice_cycle2_low_10,adservice,browse-product,controller-low-recovery,10,360,completed,200,0,0,7256,21,0.2894,250.00,265.88,280.00,490.00,20.2123,cartservice,iaas,iaas,2.2403,,,,,,,,,,,,,,prometheus:kubernetes,missing:mem_pct|request_count|error_count|error_pct|p50_ms|p95_ms|p99_ms|avg_latency_ms,testing/results/all_microservices/allmicro-20260504T132028Z/phase3/switch_adservice_cycle2_low_10_stats.csv,testing/results/all_microservices/allmicro-20260504T132028Z/phase3/switch_adservice_cycle2_low_10_metrics.csv
phase3,switch_adservice_cycle2_low_10,adservice,browse-product,controller-low-recovery,10,360,completed,200,0,0,7256,21,0.2894,250.00,265.88,280.00,490.00,20.2123,checkoutservice,iaas,iaas,0.0074,,,,,,,,,,,,,,prometheus:kubernetes,missing:mem_pct|request_count|error_count|error_pct|p50_ms|p95_ms|p99_ms|avg_latency_ms,testing/results/all_microservices/allmicro-20260504T132028Z/phase3/switch_adservice_cycle2_low_10_stats.csv,testing/results/all_microservices/allmicro-20260504T132028Z/phase3/switch_adservice_cycle2_low_10_metrics.csv
phase3,switch_adservice_cycle2_low_10,adservice,browse-product,controller-low-recovery,10,360,completed,200,0,0,7256,21,0.2894,250.00,265.88,280.00,490.00,20.2123,currencyservice,hybrid-dynamic,iaas,23.0133,,30503.0617,,,,104.56,454.45,750.85,130.54,4.97,,,,prometheus:kubernetes|bridge|openfaas|controller,missing:mem_pct|error_count|error_pct,testing/results/all_microservices/allmicro-20260504T132028Z/phase3/switch_adservice_cycle2_low_10_stats.csv,testing/results/all_microservices/allmicro-20260504T132028Z/phase3/switch_adservice_cycle2_low_10_metrics.csv
phase3,switch_adservice_cycle2_low_10,adservice,browse-product,controller-low-recovery,10,360,completed,200,0,0,7256,21,0.2894,250.00,265.88,280.00,490.00,20.2123,emailservice,hybrid-dynamic,faas,0.0622,,,,,,,,,,,,,,prometheus:kubernetes|bridge|openfaas|controller,missing:mem_pct|request_count|error_count|error_pct|p50_ms|p95_ms|p99_ms|avg_latency_ms,testing/results/all_microservices/allmicro-20260504T132028Z/phase3/switch_adservice_cycle2_low_10_stats.csv,testing/results/all_microservices/allmicro-20260504T132028Z/phase3/switch_adservice_cycle2_low_10_metrics.csv
phase3,switch_adservice_cycle2_low_10,adservice,browse-product,controller-low-recovery,10,360,completed,200,0,0,7256,21,0.2894,250.00,265.88,280.00,490.00,20.2123,paymentservice,iaas,iaas,0.0000,,,,,,,,,,,,,,prometheus:kubernetes,missing:mem_pct|request_count|error_count|error_pct|p50_ms|p95_ms|p99_ms|avg_latency_ms,testing/results/all_microservices/allmicro-20260504T132028Z/phase3/switch_adservice_cycle2_low_10_stats.csv,testing/results/all_microservices/allmicro-20260504T132028Z/phase3/switch_adservice_cycle2_low_10_metrics.csv
phase3,switch_adservice_cycle2_low_10,adservice,browse-product,controller-low-recovery,10,360,completed,200,0,0,7256,21,0.2894,250.00,265.88,280.00,490.00,20.2123,shippingservice,hybrid-dynamic,faas,0.0654,,,,,,,,,,,,,,prometheus:kubernetes|bridge|openfaas|controller,missing:mem_pct|request_count|error_count|error_pct|p50_ms|p95_ms|p99_ms|avg_latency_ms,testing/results/all_microservices/allmicro-20260504T132028Z/phase3/switch_adservice_cycle2_low_10_stats.csv,testing/results/all_microservices/allmicro-20260504T132028Z/phase3/switch_adservice_cycle2_low_10_metrics.csv
phase3,switch_adservice_cycle2_low_10,adservice,browse-product,controller-low-recovery,10,360,completed,200,0,0,7256,21,0.2894,250.00,265.88,280.00,490.00,20.2123,adservice,hybrid-dynamic,faas,5.8898,,7288.0839,21.1333,,,2.50,4.76,4.96,0.89,4.95,,,,prometheus:kubernetes|bridge|openfaas|controller,missing:mem_pct|error_count|error_pct,testing/results/all_microservices/allmicro-20260504T132028Z/phase3/switch_adservice_cycle2_low_10_stats.csv,testing/results/all_microservices/allmicro-20260504T132028Z/phase3/switch_adservice_cycle2_low_10_metrics.csv
phase3,switch_adservice_cycle2_low_10,adservice,browse-product,controller-low-recovery,10,360,completed,200,0,0,7256,21,0.2894,250.00,265.88,280.00,490.00,20.2123,recommendationservice,iaas,iaas,19.0175,,,,,,,,,,,,,,prometheus:kubernetes,missing:mem_pct|request_count|error_count|error_pct|p50_ms|p95_ms|p99_ms|avg_latency_ms,testing/results/all_microservices/allmicro-20260504T132028Z/phase3/switch_adservice_cycle2_low_10_stats.csv,testing/results/all_microservices/allmicro-20260504T132028Z/phase3/switch_adservice_cycle2_low_10_metrics.csv
phase3,switch_adservice_cycle2_low_10,adservice,browse-product,controller-low-recovery,10,360,completed,200,0,0,7256,21,0.2894,250.00,265.88,280.00,490.00,20.2123,redis-cart,iaas,iaas,4.0304,,,,,,,,,,,,,,prometheus:kubernetes,missing:mem_pct|request_count|error_count|error_pct|p50_ms|p95_ms|p99_ms|avg_latency_ms,testing/results/all_microservices/allmicro-20260504T132028Z/phase3/switch_adservice_cycle2_low_10_stats.csv,testing/results/all_microservices/allmicro-20260504T132028Z/phase3/switch_adservice_cycle2_low_10_metrics.csv
phase3,calibration_recommendationservice_50,recommendationservice,browse-product,calibration,50,180,completed,200,0,0,14196,129,0.9087,320.00,405.31,1000.00,1300.00,79.1100,frontend,iaas,iaas,40.8244,,,,,,,,,,,,,,prometheus:kubernetes,missing:mem_pct|request_count|error_count|error_pct|p50_ms|p95_ms|p99_ms|avg_latency_ms,testing/results/all_microservices/allmicro-20260504T132028Z/phase3/calibration_recommendationservice_50_stats.csv,testing/results/all_microservices/allmicro-20260504T132028Z/phase3/calibration_recommendationservice_50_metrics.csv
phase3,calibration_recommendationservice_50,recommendationservice,browse-product,calibration,50,180,completed,200,0,0,14196,129,0.9087,320.00,405.31,1000.00,1300.00,79.1100,productcatalogservice,iaas,iaas,15.3440,,,,,,,,,,,,,,prometheus:kubernetes,missing:mem_pct|request_count|error_count|error_pct|p50_ms|p95_ms|p99_ms|avg_latency_ms,testing/results/all_microservices/allmicro-20260504T132028Z/phase3/calibration_recommendationservice_50_stats.csv,testing/results/all_microservices/allmicro-20260504T132028Z/phase3/calibration_recommendationservice_50_metrics.csv
phase3,calibration_recommendationservice_50,recommendationservice,browse-product,calibration,50,180,completed,200,0,0,14196,129,0.9087,320.00,405.31,1000.00,1300.00,79.1100,cartservice,iaas,iaas,2.0719,,,,,,,,,,,,,,prometheus:kubernetes,missing:mem_pct|request_count|error_count|error_pct|p50_ms|p95_ms|p99_ms|avg_latency_ms,testing/results/all_microservices/allmicro-20260504T132028Z/phase3/calibration_recommendationservice_50_stats.csv,testing/results/all_microservices/allmicro-20260504T132028Z/phase3/calibration_recommendationservice_50_metrics.csv
phase3,calibration_recommendationservice_50,recommendationservice,browse-product,calibration,50,180,completed,200,0,0,14196,129,0.9087,320.00,405.31,1000.00,1300.00,79.1100,checkoutservice,iaas,iaas,0.0072,,,,,,,,,,,,,,prometheus:kubernetes,missing:mem_pct|request_count|error_count|error_pct|p50_ms|p95_ms|p99_ms|avg_latency_ms,testing/results/all_microservices/allmicro-20260504T132028Z/phase3/calibration_recommendationservice_50_stats.csv,testing/results/all_microservices/allmicro-20260504T132028Z/phase3/calibration_recommendationservice_50_metrics.csv
phase3,calibration_recommendationservice_50,recommendationservice,browse-product,calibration,50,180,completed,200,0,0,14196,129,0.9087,320.00,405.31,1000.00,1300.00,79.1100,currencyservice,hybrid-dynamic,iaas,27.9714,,26082.7510,,,,8.89,179.64,242.56,40.62,4.96,,,,prometheus:kubernetes|bridge|openfaas|controller,missing:mem_pct|error_count|error_pct,testing/results/all_microservices/allmicro-20260504T132028Z/phase3/calibration_recommendationservice_50_stats.csv,testing/results/all_microservices/allmicro-20260504T132028Z/phase3/calibration_recommendationservice_50_metrics.csv
phase3,calibration_recommendationservice_50,recommendationservice,browse-product,calibration,50,180,completed,200,0,0,14196,129,0.9087,320.00,405.31,1000.00,1300.00,79.1100,emailservice,hybrid-dynamic,faas,0.0593,,,,,,,,,,,,,,prometheus:kubernetes|bridge|openfaas|controller,missing:mem_pct|request_count|error_count|error_pct|p50_ms|p95_ms|p99_ms|avg_latency_ms,testing/results/all_microservices/allmicro-20260504T132028Z/phase3/calibration_recommendationservice_50_stats.csv,testing/results/all_microservices/allmicro-20260504T132028Z/phase3/calibration_recommendationservice_50_metrics.csv
phase3,calibration_recommendationservice_50,recommendationservice,browse-product,calibration,50,180,completed,200,0,0,14196,129,0.9087,320.00,405.31,1000.00,1300.00,79.1100,paymentservice,iaas,iaas,0.0000,,,,,,,,,,,,,,prometheus:kubernetes,missing:mem_pct|request_count|error_count|error_pct|p50_ms|p95_ms|p99_ms|avg_latency_ms,testing/results/all_microservices/allmicro-20260504T132028Z/phase3/calibration_recommendationservice_50_stats.csv,testing/results/all_microservices/allmicro-20260504T132028Z/phase3/calibration_recommendationservice_50_metrics.csv
phase3,calibration_recommendationservice_50,recommendationservice,browse-product,calibration,50,180,completed,200,0,0,14196,129,0.9087,320.00,405.31,1000.00,1300.00,79.1100,shippingservice,hybrid-dynamic,faas,0.0553,,,,,,,,,,,,,,prometheus:kubernetes|bridge|openfaas|controller,missing:mem_pct|request_count|error_count|error_pct|p50_ms|p95_ms|p99_ms|avg_latency_ms,testing/results/all_microservices/allmicro-20260504T132028Z/phase3/calibration_recommendationservice_50_stats.csv,testing/results/all_microservices/allmicro-20260504T132028Z/phase3/calibration_recommendationservice_50_metrics.csv
phase3,calibration_recommendationservice_50,recommendationservice,browse-product,calibration,50,180,completed,200,0,0,14196,129,0.9087,320.00,405.31,1000.00,1300.00,79.1100,adservice,hybrid-dynamic,faas,12.7116,,19538.4615,94.4889,,,2.56,4.86,8.09,1.43,4.95,,,,prometheus:kubernetes|bridge|openfaas|controller,missing:mem_pct|error_count|error_pct,testing/results/all_microservices/allmicro-20260504T132028Z/phase3/calibration_recommendationservice_50_stats.csv,testing/results/all_microservices/allmicro-20260504T132028Z/phase3/calibration_recommendationservice_50_metrics.csv
phase3,calibration_recommendationservice_50,recommendationservice,browse-product,calibration,50,180,completed,200,0,0,14196,129,0.9087,320.00,405.31,1000.00,1300.00,79.1100,recommendationservice,iaas,iaas,14.4330,,,,,,,,,,,,,,prometheus:kubernetes,missing:mem_pct|request_count|error_count|error_pct|p50_ms|p95_ms|p99_ms|avg_latency_ms,testing/results/all_microservices/allmicro-20260504T132028Z/phase3/calibration_recommendationservice_50_stats.csv,testing/results/all_microservices/allmicro-20260504T132028Z/phase3/calibration_recommendationservice_50_metrics.csv
phase3,calibration_recommendationservice_50,recommendationservice,browse-product,calibration,50,180,completed,200,0,0,14196,129,0.9087,320.00,405.31,1000.00,1300.00,79.1100,redis-cart,iaas,iaas,4.0174,,,,,,,,,,,,,,prometheus:kubernetes,missing:mem_pct|request_count|error_count|error_pct|p50_ms|p95_ms|p99_ms|avg_latency_ms,testing/results/all_microservices/allmicro-20260504T132028Z/phase3/calibration_recommendationservice_50_stats.csv,testing/results/all_microservices/allmicro-20260504T132028Z/phase3/calibration_recommendationservice_50_metrics.csv
phase3,calibration_recommendationservice_100,recommendationservice,browse-product,calibration,100,180,completed,200,0,0,14787,4,0.0271,740.00,985.26,2800.00,3200.00,82.2297,frontend,iaas,iaas,46.6956,,,,,,,,,,,,,,prometheus:kubernetes,missing:mem_pct|request_count|error_count|error_pct|p50_ms|p95_ms|p99_ms|avg_latency_ms,testing/results/all_microservices/allmicro-20260504T132028Z/phase3/calibration_recommendationservice_100_stats.csv,testing/results/all_microservices/allmicro-20260504T132028Z/phase3/calibration_recommendationservice_100_metrics.csv
phase3,calibration_recommendationservice_100,recommendationservice,browse-product,calibration,100,180,completed,200,0,0,14787,4,0.0271,740.00,985.26,2800.00,3200.00,82.2297,productcatalogservice,iaas,iaas,17.5243,,,,,,,,,,,,,,prometheus:kubernetes,missing:mem_pct|request_count|error_count|error_pct|p50_ms|p95_ms|p99_ms|avg_latency_ms,testing/results/all_microservices/allmicro-20260504T132028Z/phase3/calibration_recommendationservice_100_stats.csv,testing/results/all_microservices/allmicro-20260504T132028Z/phase3/calibration_recommendationservice_100_metrics.csv
phase3,calibration_recommendationservice_100,recommendationservice,browse-product,calibration,100,180,completed,200,0,0,14787,4,0.0271,740.00,985.26,2800.00,3200.00,82.2297,cartservice,iaas,iaas,2.1018,,,,,,,,,,,,,,prometheus:kubernetes,missing:mem_pct|request_count|error_count|error_pct|p50_ms|p95_ms|p99_ms|avg_latency_ms,testing/results/all_microservices/allmicro-20260504T132028Z/phase3/calibration_recommendationservice_100_stats.csv,testing/results/all_microservices/allmicro-20260504T132028Z/phase3/calibration_recommendationservice_100_metrics.csv
phase3,calibration_recommendationservice_100,recommendationservice,browse-product,calibration,100,180,completed,200,0,0,14787,4,0.0271,740.00,985.26,2800.00,3200.00,82.2297,checkoutservice,iaas,iaas,0.0074,,,,,,,,,,,,,,prometheus:kubernetes,missing:mem_pct|request_count|error_count|error_pct|p50_ms|p95_ms|p99_ms|avg_latency_ms,testing/results/all_microservices/allmicro-20260504T132028Z/phase3/calibration_recommendationservice_100_stats.csv,testing/results/all_microservices/allmicro-20260504T132028Z/phase3/calibration_recommendationservice_100_metrics.csv
phase3,calibration_recommendationservice_100,recommendationservice,browse-product,calibration,100,180,completed,200,0,0,14787,4,0.0271,740.00,985.26,2800.00,3200.00,82.2297,currencyservice,hybrid-dynamic,faas,34.2980,,56322.3161,255.5333,,,130.07,454.20,708.67,153.46,4.97,,,,prometheus:kubernetes|bridge|openfaas|controller,missing:mem_pct|error_count|error_pct,testing/results/all_microservices/allmicro-20260504T132028Z/phase3/calibration_recommendationservice_100_stats.csv,testing/results/all_microservices/allmicro-20260504T132028Z/phase3/calibration_recommendationservice_100_metrics.csv
phase3,calibration_recommendationservice_100,recommendationservice,browse-product,calibration,100,180,completed,200,0,0,14787,4,0.0271,740.00,985.26,2800.00,3200.00,82.2297,emailservice,hybrid-dynamic,faas,0.0710,,,,,,,,,,,,,,prometheus:kubernetes|bridge|openfaas|controller,missing:mem_pct|request_count|error_count|error_pct|p50_ms|p95_ms|p99_ms|avg_latency_ms,testing/results/all_microservices/allmicro-20260504T132028Z/phase3/calibration_recommendationservice_100_stats.csv,testing/results/all_microservices/allmicro-20260504T132028Z/phase3/calibration_recommendationservice_100_metrics.csv
phase3,calibration_recommendationservice_100,recommendationservice,browse-product,calibration,100,180,completed,200,0,0,14787,4,0.0271,740.00,985.26,2800.00,3200.00,82.2297,paymentservice,iaas,iaas,0.0000,,,,,,,,,,,,,,prometheus:kubernetes,missing:mem_pct|request_count|error_count|error_pct|p50_ms|p95_ms|p99_ms|avg_latency_ms,testing/results/all_microservices/allmicro-20260504T132028Z/phase3/calibration_recommendationservice_100_stats.csv,testing/results/all_microservices/allmicro-20260504T132028Z/phase3/calibration_recommendationservice_100_metrics.csv
phase3,calibration_recommendationservice_100,recommendationservice,browse-product,calibration,100,180,completed,200,0,0,14787,4,0.0271,740.00,985.26,2800.00,3200.00,82.2297,shippingservice,hybrid-dynamic,faas,0.0547,,,,,,,,,,,,,,prometheus:kubernetes|bridge|openfaas|controller,missing:mem_pct|request_count|error_count|error_pct|p50_ms|p95_ms|p99_ms|avg_latency_ms,testing/results/all_microservices/allmicro-20260504T132028Z/phase3/calibration_recommendationservice_100_stats.csv,testing/results/all_microservices/allmicro-20260504T132028Z/phase3/calibration_recommendationservice_100_metrics.csv
phase3,calibration_recommendationservice_100,recommendationservice,browse-product,calibration,100,180,completed,200,0,0,14787,4,0.0271,740.00,985.26,2800.00,3200.00,82.2297,adservice,hybrid-dynamic,faas,12.7055,,19309.0343,70.7556,,,2.62,4.99,9.63,1.90,4.95,,,,prometheus:kubernetes|bridge|openfaas|controller,missing:mem_pct|error_count|error_pct,testing/results/all_microservices/allmicro-20260504T132028Z/phase3/calibration_recommendationservice_100_stats.csv,testing/results/all_microservices/allmicro-20260504T132028Z/phase3/calibration_recommendationservice_100_metrics.csv
phase3,calibration_recommendationservice_100,recommendationservice,browse-product,calibration,100,180,completed,200,0,0,14787,4,0.0271,740.00,985.26,2800.00,3200.00,82.2297,recommendationservice,iaas,iaas,20.4066,,,,,,,,,,,,,,prometheus:kubernetes,missing:mem_pct|request_count|error_count|error_pct|p50_ms|p95_ms|p99_ms|avg_latency_ms,testing/results/all_microservices/allmicro-20260504T132028Z/phase3/calibration_recommendationservice_100_stats.csv,testing/results/all_microservices/allmicro-20260504T132028Z/phase3/calibration_recommendationservice_100_metrics.csv
phase3,calibration_recommendationservice_100,recommendationservice,browse-product,calibration,100,180,completed,200,0,0,14787,4,0.0271,740.00,985.26,2800.00,3200.00,82.2297,redis-cart,iaas,iaas,4.0397,,,,,,,,,,,,,,prometheus:kubernetes,missing:mem_pct|request_count|error_count|error_pct|p50_ms|p95_ms|p99_ms|avg_latency_ms,testing/results/all_microservices/allmicro-20260504T132028Z/phase3/calibration_recommendationservice_100_stats.csv,testing/results/all_microservices/allmicro-20260504T132028Z/phase3/calibration_recommendationservice_100_metrics.csv
phase1,phase1_recommendationservice_100,recommendationservice,browse-product,iaas-only,100,300,completed,200,0,0,47475,0,0.0000,380.00,404.15,590.00,1100.00,158.7441,frontend,iaas,iaas,40.2957,,,,,,,,,,,,,,prometheus:kubernetes,missing:mem_pct|request_count|error_count|error_pct|p50_ms|p95_ms|p99_ms|avg_latency_ms,testing/results/all_microservices/allmicro-20260504T132028Z/phase1/phase1_recommendationservice_100_stats.csv,testing/results/all_microservices/allmicro-20260504T132028Z/phase1/phase1_recommendationservice_100_metrics.csv
phase1,phase1_recommendationservice_100,recommendationservice,browse-product,iaas-only,100,300,completed,200,0,0,47475,0,0.0000,380.00,404.15,590.00,1100.00,158.7441,productcatalogservice,iaas,iaas,16.3128,,,,,,,,,,,,,,prometheus:kubernetes,missing:mem_pct|request_count|error_count|error_pct|p50_ms|p95_ms|p99_ms|avg_latency_ms,testing/results/all_microservices/allmicro-20260504T132028Z/phase1/phase1_recommendationservice_100_stats.csv,testing/results/all_microservices/allmicro-20260504T132028Z/phase1/phase1_recommendationservice_100_metrics.csv
phase1,phase1_recommendationservice_100,recommendationservice,browse-product,iaas-only,100,300,completed,200,0,0,47475,0,0.0000,380.00,404.15,590.00,1100.00,158.7441,cartservice,iaas,iaas,1.8861,,,,,,,,,,,,,,prometheus:kubernetes,missing:mem_pct|request_count|error_count|error_pct|p50_ms|p95_ms|p99_ms|avg_latency_ms,testing/results/all_microservices/allmicro-20260504T132028Z/phase1/phase1_recommendationservice_100_stats.csv,testing/results/all_microservices/allmicro-20260504T132028Z/phase1/phase1_recommendationservice_100_metrics.csv
phase1,phase1_recommendationservice_100,recommendationservice,browse-product,iaas-only,100,300,completed,200,0,0,47475,0,0.0000,380.00,404.15,590.00,1100.00,158.7441,checkoutservice,iaas,iaas,0.0005,,,,,,,,,,,,,,prometheus:kubernetes,missing:mem_pct|request_count|error_count|error_pct|p50_ms|p95_ms|p99_ms|avg_latency_ms,testing/results/all_microservices/allmicro-20260504T132028Z/phase1/phase1_recommendationservice_100_stats.csv,testing/results/all_microservices/allmicro-20260504T132028Z/phase1/phase1_recommendationservice_100_metrics.csv
phase1,phase1_recommendationservice_100,recommendationservice,browse-product,iaas-only,100,300,completed,200,0,0,47475,0,0.0000,380.00,404.15,590.00,1100.00,158.7441,currencyservice,iaas,iaas,22.5837,,,,,,,,,,,,,,prometheus:kubernetes,missing:mem_pct|request_count|error_count|error_pct|p50_ms|p95_ms|p99_ms|avg_latency_ms,testing/results/all_microservices/allmicro-20260504T132028Z/phase1/phase1_recommendationservice_100_stats.csv,testing/results/all_microservices/allmicro-20260504T132028Z/phase1/phase1_recommendationservice_100_metrics.csv
phase1,phase1_recommendationservice_100,recommendationservice,browse-product,iaas-only,100,300,completed,200,0,0,47475,0,0.0000,380.00,404.15,590.00,1100.00,158.7441,emailservice,iaas,iaas,0.3851,,,,,,,,,,,,,,prometheus:kubernetes,missing:mem_pct|request_count|error_count|error_pct|p50_ms|p95_ms|p99_ms|avg_latency_ms,testing/results/all_microservices/allmicro-20260504T132028Z/phase1/phase1_recommendationservice_100_stats.csv,testing/results/all_microservices/allmicro-20260504T132028Z/phase1/phase1_recommendationservice_100_metrics.csv
phase1,phase1_recommendationservice_100,recommendationservice,browse-product,iaas-only,100,300,completed,200,0,0,47475,0,0.0000,380.00,404.15,590.00,1100.00,158.7441,paymentservice,iaas,iaas,0.0112,,,,,,,,,,,,,,prometheus:kubernetes,missing:mem_pct|request_count|error_count|error_pct|p50_ms|p95_ms|p99_ms|avg_latency_ms,testing/results/all_microservices/allmicro-20260504T132028Z/phase1/phase1_recommendationservice_100_stats.csv,testing/results/all_microservices/allmicro-20260504T132028Z/phase1/phase1_recommendationservice_100_metrics.csv
phase1,phase1_recommendationservice_100,recommendationservice,browse-product,iaas-only,100,300,completed,200,0,0,47475,0,0.0000,380.00,404.15,590.00,1100.00,158.7441,shippingservice,iaas,iaas,0.0005,,,,,,,,,,,,,,prometheus:kubernetes,missing:mem_pct|request_count|error_count|error_pct|p50_ms|p95_ms|p99_ms|avg_latency_ms,testing/results/all_microservices/allmicro-20260504T132028Z/phase1/phase1_recommendationservice_100_stats.csv,testing/results/all_microservices/allmicro-20260504T132028Z/phase1/phase1_recommendationservice_100_metrics.csv
phase1,phase1_recommendationservice_100,recommendationservice,browse-product,iaas-only,100,300,completed,200,0,0,47475,0,0.0000,380.00,404.15,590.00,1100.00,158.7441,adservice,iaas,iaas,4.2934,,,,,,,,,,,,,,prometheus:kubernetes,missing:mem_pct|request_count|error_count|error_pct|p50_ms|p95_ms|p99_ms|avg_latency_ms,testing/results/all_microservices/allmicro-20260504T132028Z/phase1/phase1_recommendationservice_100_stats.csv,testing/results/all_microservices/allmicro-20260504T132028Z/phase1/phase1_recommendationservice_100_metrics.csv
phase1,phase1_recommendationservice_100,recommendationservice,browse-product,iaas-only,100,300,completed,200,0,0,47475,0,0.0000,380.00,404.15,590.00,1100.00,158.7441,recommendationservice,iaas,iaas,26.4913,,,,,,,,,,,,,,prometheus:kubernetes,missing:mem_pct|request_count|error_count|error_pct|p50_ms|p95_ms|p99_ms|avg_latency_ms,testing/results/all_microservices/allmicro-20260504T132028Z/phase1/phase1_recommendationservice_100_stats.csv,testing/results/all_microservices/allmicro-20260504T132028Z/phase1/phase1_recommendationservice_100_metrics.csv
phase1,phase1_recommendationservice_100,recommendationservice,browse-product,iaas-only,100,300,completed,200,0,0,47475,0,0.0000,380.00,404.15,590.00,1100.00,158.7441,redis-cart,iaas,iaas,3.5435,,,,,,,,,,,,,,prometheus:kubernetes,missing:mem_pct|request_count|error_count|error_pct|p50_ms|p95_ms|p99_ms|avg_latency_ms,testing/results/all_microservices/allmicro-20260504T132028Z/phase1/phase1_recommendationservice_100_stats.csv,testing/results/all_microservices/allmicro-20260504T132028Z/phase1/phase1_recommendationservice_100_metrics.csv
phase3,phase3_recommendationservice_100,recommendationservice,browse-product,hybrid,100,300,completed,200,0,0,35733,259,0.7248,460.00,611.62,1300.00,3000.00,119.4942,frontend,iaas,iaas,40.8928,,,,,,,,,,,,,,prometheus:kubernetes,missing:mem_pct|request_count|error_count|error_pct|p50_ms|p95_ms|p99_ms|avg_latency_ms,testing/results/all_microservices/allmicro-20260504T132028Z/phase3/phase3_recommendationservice_100_stats.csv,testing/results/all_microservices/allmicro-20260504T132028Z/phase3/phase3_recommendationservice_100_metrics.csv
phase3,phase3_recommendationservice_100,recommendationservice,browse-product,hybrid,100,300,completed,200,0,0,35733,259,0.7248,460.00,611.62,1300.00,3000.00,119.4942,productcatalogservice,iaas,iaas,14.8389,,,,,,,,,,,,,,prometheus:kubernetes,missing:mem_pct|request_count|error_count|error_pct|p50_ms|p95_ms|p99_ms|avg_latency_ms,testing/results/all_microservices/allmicro-20260504T132028Z/phase3/phase3_recommendationservice_100_stats.csv,testing/results/all_microservices/allmicro-20260504T132028Z/phase3/phase3_recommendationservice_100_metrics.csv
phase3,phase3_recommendationservice_100,recommendationservice,browse-product,hybrid,100,300,completed,200,0,0,35733,259,0.7248,460.00,611.62,1300.00,3000.00,119.4942,cartservice,iaas,iaas,1.7607,,,,,,,,,,,,,,prometheus:kubernetes,missing:mem_pct|request_count|error_count|error_pct|p50_ms|p95_ms|p99_ms|avg_latency_ms,testing/results/all_microservices/allmicro-20260504T132028Z/phase3/phase3_recommendationservice_100_stats.csv,testing/results/all_microservices/allmicro-20260504T132028Z/phase3/phase3_recommendationservice_100_metrics.csv
phase3,phase3_recommendationservice_100,recommendationservice,browse-product,hybrid,100,300,completed,200,0,0,35733,259,0.7248,460.00,611.62,1300.00,3000.00,119.4942,checkoutservice,iaas,iaas,0.0075,,,,,,,,,,,,,,prometheus:kubernetes,missing:mem_pct|request_count|error_count|error_pct|p50_ms|p95_ms|p99_ms|avg_latency_ms,testing/results/all_microservices/allmicro-20260504T132028Z/phase3/phase3_recommendationservice_100_stats.csv,testing/results/all_microservices/allmicro-20260504T132028Z/phase3/phase3_recommendationservice_100_metrics.csv
phase3,phase3_recommendationservice_100,recommendationservice,browse-product,hybrid,100,300,completed,200,0,0,35733,259,0.7248,460.00,611.62,1300.00,3000.00,119.4942,currencyservice,hybrid-dynamic,iaas,43.4686,,26176.6667,,,,186.52,473.28,763.42,198.47,4.97,,,,prometheus:kubernetes|bridge|openfaas|controller,missing:mem_pct|error_count|error_pct,testing/results/all_microservices/allmicro-20260504T132028Z/phase3/phase3_recommendationservice_100_stats.csv,testing/results/all_microservices/allmicro-20260504T132028Z/phase3/phase3_recommendationservice_100_metrics.csv
phase3,phase3_recommendationservice_100,recommendationservice,browse-product,hybrid,100,300,completed,200,0,0,35733,259,0.7248,460.00,611.62,1300.00,3000.00,119.4942,emailservice,hybrid-dynamic,faas,0.0613,,,,,,,,,,,,,,prometheus:kubernetes|bridge|openfaas|controller,missing:mem_pct|request_count|error_count|error_pct|p50_ms|p95_ms|p99_ms|avg_latency_ms,testing/results/all_microservices/allmicro-20260504T132028Z/phase3/phase3_recommendationservice_100_stats.csv,testing/results/all_microservices/allmicro-20260504T132028Z/phase3/phase3_recommendationservice_100_metrics.csv
phase3,phase3_recommendationservice_100,recommendationservice,browse-product,hybrid,100,300,completed,200,0,0,35733,259,0.7248,460.00,611.62,1300.00,3000.00,119.4942,paymentservice,iaas,iaas,0.0000,,,,,,,,,,,,,,prometheus:kubernetes,missing:mem_pct|request_count|error_count|error_pct|p50_ms|p95_ms|p99_ms|avg_latency_ms,testing/results/all_microservices/allmicro-20260504T132028Z/phase3/phase3_recommendationservice_100_stats.csv,testing/results/all_microservices/allmicro-20260504T132028Z/phase3/phase3_recommendationservice_100_metrics.csv
phase3,phase3_recommendationservice_100,recommendationservice,browse-product,hybrid,100,300,completed,200,0,0,35733,259,0.7248,460.00,611.62,1300.00,3000.00,119.4942,shippingservice,hybrid-dynamic,faas,0.0621,,,,,,,,,,,,,,prometheus:kubernetes|bridge|openfaas|controller,missing:mem_pct|request_count|error_count|error_pct|p50_ms|p95_ms|p99_ms|avg_latency_ms,testing/results/all_microservices/allmicro-20260504T132028Z/phase3/phase3_recommendationservice_100_stats.csv,testing/results/all_microservices/allmicro-20260504T132028Z/phase3/phase3_recommendationservice_100_metrics.csv
phase3,phase3_recommendationservice_100,recommendationservice,browse-product,hybrid,100,300,completed,200,0,0,35733,259,0.7248,460.00,611.62,1300.00,3000.00,119.4942,adservice,hybrid-dynamic,iaas,39.7370,,20365.3929,,3.7500,0.0184,3.43,18.05,83.57,5.98,4.95,,,,prometheus:kubernetes|bridge|openfaas|controller,missing:mem_pct,testing/results/all_microservices/allmicro-20260504T132028Z/phase3/phase3_recommendationservice_100_stats.csv,testing/results/all_microservices/allmicro-20260504T132028Z/phase3/phase3_recommendationservice_100_metrics.csv
phase3,phase3_recommendationservice_100,recommendationservice,browse-product,hybrid,100,300,completed,200,0,0,35733,259,0.7248,460.00,611.62,1300.00,3000.00,119.4942,recommendationservice,iaas,iaas,23.3428,,,,,,,,,,,,,,prometheus:kubernetes,missing:mem_pct|request_count|error_count|error_pct|p50_ms|p95_ms|p99_ms|avg_latency_ms,testing/results/all_microservices/allmicro-20260504T132028Z/phase3/phase3_recommendationservice_100_stats.csv,testing/results/all_microservices/allmicro-20260504T132028Z/phase3/phase3_recommendationservice_100_metrics.csv
phase3,phase3_recommendationservice_100,recommendationservice,browse-product,hybrid,100,300,completed,200,0,0,35733,259,0.7248,460.00,611.62,1300.00,3000.00,119.4942,redis-cart,iaas,iaas,3.9708,,,,,,,,,,,,,,prometheus:kubernetes,missing:mem_pct|request_count|error_count|error_pct|p50_ms|p95_ms|p99_ms|avg_latency_ms,testing/results/all_microservices/allmicro-20260504T132028Z/phase3/phase3_recommendationservice_100_stats.csv,testing/results/all_microservices/allmicro-20260504T132028Z/phase3/phase3_recommendationservice_100_metrics.csv
phase3,calibration_redis-cart_50,redis-cart,cart,calibration,50,180,completed,200,0,0,7349,0,0.0000,710.00,1078.56,2200.00,2400.00,40.9042,frontend,iaas,iaas,60.2444,,,,,,,,,,,,,,prometheus:kubernetes,missing:mem_pct|request_count|error_count|error_pct|p50_ms|p95_ms|p99_ms|avg_latency_ms,testing/results/all_microservices/allmicro-20260504T132028Z/phase3/calibration_redis-cart_50_stats.csv,testing/results/all_microservices/allmicro-20260504T132028Z/phase3/calibration_redis-cart_50_metrics.csv
phase3,calibration_redis-cart_50,redis-cart,cart,calibration,50,180,completed,200,0,0,7349,0,0.0000,710.00,1078.56,2200.00,2400.00,40.9042,productcatalogservice,iaas,iaas,22.4417,,,,,,,,,,,,,,prometheus:kubernetes,missing:mem_pct|request_count|error_count|error_pct|p50_ms|p95_ms|p99_ms|avg_latency_ms,testing/results/all_microservices/allmicro-20260504T132028Z/phase3/calibration_redis-cart_50_stats.csv,testing/results/all_microservices/allmicro-20260504T132028Z/phase3/calibration_redis-cart_50_metrics.csv
phase3,calibration_redis-cart_50,redis-cart,cart,calibration,50,180,completed,200,0,0,7349,0,0.0000,710.00,1078.56,2200.00,2400.00,40.9042,cartservice,iaas,iaas,2.9125,,,,,,,,,,,,,,prometheus:kubernetes,missing:mem_pct|request_count|error_count|error_pct|p50_ms|p95_ms|p99_ms|avg_latency_ms,testing/results/all_microservices/allmicro-20260504T132028Z/phase3/calibration_redis-cart_50_stats.csv,testing/results/all_microservices/allmicro-20260504T132028Z/phase3/calibration_redis-cart_50_metrics.csv
phase3,calibration_redis-cart_50,redis-cart,cart,calibration,50,180,completed,200,0,0,7349,0,0.0000,710.00,1078.56,2200.00,2400.00,40.9042,checkoutservice,iaas,iaas,0.0081,,,,,,,,,,,,,,prometheus:kubernetes,missing:mem_pct|request_count|error_count|error_pct|p50_ms|p95_ms|p99_ms|avg_latency_ms,testing/results/all_microservices/allmicro-20260504T132028Z/phase3/calibration_redis-cart_50_stats.csv,testing/results/all_microservices/allmicro-20260504T132028Z/phase3/calibration_redis-cart_50_metrics.csv
phase3,calibration_redis-cart_50,redis-cart,cart,calibration,50,180,completed,200,0,0,7349,0,0.0000,710.00,1078.56,2200.00,2400.00,40.9042,currencyservice,hybrid-dynamic,faas,44.8968,,62886.6626,246.4889,,,101.78,415.68,497.36,132.98,4.97,,,,prometheus:kubernetes|bridge|openfaas|controller,missing:mem_pct|error_count|error_pct,testing/results/all_microservices/allmicro-20260504T132028Z/phase3/calibration_redis-cart_50_stats.csv,testing/results/all_microservices/allmicro-20260504T132028Z/phase3/calibration_redis-cart_50_metrics.csv
phase3,calibration_redis-cart_50,redis-cart,cart,calibration,50,180,completed,200,0,0,7349,0,0.0000,710.00,1078.56,2200.00,2400.00,40.9042,emailservice,hybrid-dynamic,faas,0.0657,,,,,,,,,,,,,,prometheus:kubernetes|bridge|openfaas|controller,missing:mem_pct|request_count|error_count|error_pct|p50_ms|p95_ms|p99_ms|avg_latency_ms,testing/results/all_microservices/allmicro-20260504T132028Z/phase3/calibration_redis-cart_50_stats.csv,testing/results/all_microservices/allmicro-20260504T132028Z/phase3/calibration_redis-cart_50_metrics.csv
phase3,calibration_redis-cart_50,redis-cart,cart,calibration,50,180,completed,200,0,0,7349,0,0.0000,710.00,1078.56,2200.00,2400.00,40.9042,paymentservice,iaas,iaas,0.0000,,,,,,,,,,,,,,prometheus:kubernetes,missing:mem_pct|request_count|error_count|error_pct|p50_ms|p95_ms|p99_ms|avg_latency_ms,testing/results/all_microservices/allmicro-20260504T132028Z/phase3/calibration_redis-cart_50_stats.csv,testing/results/all_microservices/allmicro-20260504T132028Z/phase3/calibration_redis-cart_50_metrics.csv
phase3,calibration_redis-cart_50,redis-cart,cart,calibration,50,180,completed,200,0,0,7349,0,0.0000,710.00,1078.56,2200.00,2400.00,40.9042,shippingservice,hybrid-dynamic,faas,4.6857,,4426.4312,20.0222,,,3.21,9.29,20.05,4.25,4.95,,,,prometheus:kubernetes|bridge|openfaas|controller,missing:mem_pct|error_count|error_pct,testing/results/all_microservices/allmicro-20260504T132028Z/phase3/calibration_redis-cart_50_stats.csv,testing/results/all_microservices/allmicro-20260504T132028Z/phase3/calibration_redis-cart_50_metrics.csv
phase3,calibration_redis-cart_50,redis-cart,cart,calibration,50,180,completed,200,0,0,7349,0,0.0000,710.00,1078.56,2200.00,2400.00,40.9042,adservice,hybrid-dynamic,faas,13.6731,,24471.1690,12.9778,3.7500,0.0153,3.30,15.95,81.37,5.49,4.95,,,,prometheus:kubernetes|bridge|openfaas|controller,missing:mem_pct,testing/results/all_microservices/allmicro-20260504T132028Z/phase3/calibration_redis-cart_50_stats.csv,testing/results/all_microservices/allmicro-20260504T132028Z/phase3/calibration_redis-cart_50_metrics.csv
phase3,calibration_redis-cart_50,redis-cart,cart,calibration,50,180,completed,200,0,0,7349,0,0.0000,710.00,1078.56,2200.00,2400.00,40.9042,recommendationservice,iaas,iaas,31.5784,,,,,,,,,,,,,,prometheus:kubernetes,missing:mem_pct|request_count|error_count|error_pct|p50_ms|p95_ms|p99_ms|avg_latency_ms,testing/results/all_microservices/allmicro-20260504T132028Z/phase3/calibration_redis-cart_50_stats.csv,testing/results/all_microservices/allmicro-20260504T132028Z/phase3/calibration_redis-cart_50_metrics.csv
phase3,calibration_redis-cart_50,redis-cart,cart,calibration,50,180,completed,200,0,0,7349,0,0.0000,710.00,1078.56,2200.00,2400.00,40.9042,redis-cart,iaas,iaas,4.6445,,,,,,,,,,,,,,prometheus:kubernetes,missing:mem_pct|request_count|error_count|error_pct|p50_ms|p95_ms|p99_ms|avg_latency_ms,testing/results/all_microservices/allmicro-20260504T132028Z/phase3/calibration_redis-cart_50_stats.csv,testing/results/all_microservices/allmicro-20260504T132028Z/phase3/calibration_redis-cart_50_metrics.csv
phase3,calibration_redis-cart_100,redis-cart,cart,calibration,100,180,completed,200,0,0,18129,1,0.0055,890.00,852.36,1400.00,2000.00,100.9316,frontend,iaas,iaas,56.3516,,,,,,,,,,,,,,prometheus:kubernetes,missing:mem_pct|request_count|error_count|error_pct|p50_ms|p95_ms|p99_ms|avg_latency_ms,testing/results/all_microservices/allmicro-20260504T132028Z/phase3/calibration_redis-cart_100_stats.csv,testing/results/all_microservices/allmicro-20260504T132028Z/phase3/calibration_redis-cart_100_metrics.csv
phase3,calibration_redis-cart_100,redis-cart,cart,calibration,100,180,completed,200,0,0,18129,1,0.0055,890.00,852.36,1400.00,2000.00,100.9316,productcatalogservice,iaas,iaas,20.4386,,,,,,,,,,,,,,prometheus:kubernetes,missing:mem_pct|request_count|error_count|error_pct|p50_ms|p95_ms|p99_ms|avg_latency_ms,testing/results/all_microservices/allmicro-20260504T132028Z/phase3/calibration_redis-cart_100_stats.csv,testing/results/all_microservices/allmicro-20260504T132028Z/phase3/calibration_redis-cart_100_metrics.csv
phase3,calibration_redis-cart_100,redis-cart,cart,calibration,100,180,completed,200,0,0,18129,1,0.0055,890.00,852.36,1400.00,2000.00,100.9316,cartservice,iaas,iaas,2.9115,,,,,,,,,,,,,,prometheus:kubernetes,missing:mem_pct|request_count|error_count|error_pct|p50_ms|p95_ms|p99_ms|avg_latency_ms,testing/results/all_microservices/allmicro-20260504T132028Z/phase3/calibration_redis-cart_100_stats.csv,testing/results/all_microservices/allmicro-20260504T132028Z/phase3/calibration_redis-cart_100_metrics.csv
phase3,calibration_redis-cart_100,redis-cart,cart,calibration,100,180,completed,200,0,0,18129,1,0.0055,890.00,852.36,1400.00,2000.00,100.9316,checkoutservice,iaas,iaas,0.0069,,,,,,,,,,,,,,prometheus:kubernetes,missing:mem_pct|request_count|error_count|error_pct|p50_ms|p95_ms|p99_ms|avg_latency_ms,testing/results/all_microservices/allmicro-20260504T132028Z/phase3/calibration_redis-cart_100_stats.csv,testing/results/all_microservices/allmicro-20260504T132028Z/phase3/calibration_redis-cart_100_metrics.csv
phase3,calibration_redis-cart_100,redis-cart,cart,calibration,100,180,completed,200,0,0,18129,1,0.0055,890.00,852.36,1400.00,2000.00,100.9316,currencyservice,hybrid-dynamic,iaas,32.9662,,36186.3333,,,,75.66,232.32,341.12,86.29,4.96,,,,prometheus:kubernetes|bridge|openfaas|controller,missing:mem_pct|error_count|error_pct,testing/results/all_microservices/allmicro-20260504T132028Z/phase3/calibration_redis-cart_100_stats.csv,testing/results/all_microservices/allmicro-20260504T132028Z/phase3/calibration_redis-cart_100_metrics.csv
phase3,calibration_redis-cart_100,redis-cart,cart,calibration,100,180,completed,200,0,0,18129,1,0.0055,890.00,852.36,1400.00,2000.00,100.9316,emailservice,hybrid-dynamic,faas,0.0649,,,,,,,,,,,,,,prometheus:kubernetes|bridge|openfaas|controller,missing:mem_pct|request_count|error_count|error_pct|p50_ms|p95_ms|p99_ms|avg_latency_ms,testing/results/all_microservices/allmicro-20260504T132028Z/phase3/calibration_redis-cart_100_stats.csv,testing/results/all_microservices/allmicro-20260504T132028Z/phase3/calibration_redis-cart_100_metrics.csv
phase3,calibration_redis-cart_100,redis-cart,cart,calibration,100,180,completed,200,0,0,18129,1,0.0055,890.00,852.36,1400.00,2000.00,100.9316,paymentservice,iaas,iaas,0.0000,,,,,,,,,,,,,,prometheus:kubernetes,missing:mem_pct|request_count|error_count|error_pct|p50_ms|p95_ms|p99_ms|avg_latency_ms,testing/results/all_microservices/allmicro-20260504T132028Z/phase3/calibration_redis-cart_100_stats.csv,testing/results/all_microservices/allmicro-20260504T132028Z/phase3/calibration_redis-cart_100_metrics.csv
phase3,calibration_redis-cart_100,redis-cart,cart,calibration,100,180,completed,200,0,0,18129,1,0.0055,890.00,852.36,1400.00,2000.00,100.9316,shippingservice,hybrid-dynamic,iaas,5.2521,,12129.2308,,,,4.74,21.30,66.01,7.02,4.95,,,,prometheus:kubernetes|bridge|openfaas|controller,missing:mem_pct|error_count|error_pct,testing/results/all_microservices/allmicro-20260504T132028Z/phase3/calibration_redis-cart_100_stats.csv,testing/results/all_microservices/allmicro-20260504T132028Z/phase3/calibration_redis-cart_100_metrics.csv
phase3,calibration_redis-cart_100,redis-cart,cart,calibration,100,180,completed,200,0,0,18129,1,0.0055,890.00,852.36,1400.00,2000.00,100.9316,adservice,hybrid-dynamic,faas,6.9981,,9869.1290,40.3556,0.0000,0.0000,3.05,9.51,23.34,3.69,4.95,,,,prometheus:kubernetes|bridge|openfaas|controller,missing:mem_pct,testing/results/all_microservices/allmicro-20260504T132028Z/phase3/calibration_redis-cart_100_stats.csv,testing/results/all_microservices/allmicro-20260504T132028Z/phase3/calibration_redis-cart_100_metrics.csv
phase3,calibration_redis-cart_100,redis-cart,cart,calibration,100,180,completed,200,0,0,18129,1,0.0055,890.00,852.36,1400.00,2000.00,100.9316,recommendationservice,iaas,iaas,28.8810,,,,,,,,,,,,,,prometheus:kubernetes,missing:mem_pct|request_count|error_count|error_pct|p50_ms|p95_ms|p99_ms|avg_latency_ms,testing/results/all_microservices/allmicro-20260504T132028Z/phase3/calibration_redis-cart_100_stats.csv,testing/results/all_microservices/allmicro-20260504T132028Z/phase3/calibration_redis-cart_100_metrics.csv
phase3,calibration_redis-cart_100,redis-cart,cart,calibration,100,180,completed,200,0,0,18129,1,0.0055,890.00,852.36,1400.00,2000.00,100.9316,redis-cart,iaas,iaas,4.8259,,,,,,,,,,,,,,prometheus:kubernetes,missing:mem_pct|request_count|error_count|error_pct|p50_ms|p95_ms|p99_ms|avg_latency_ms,testing/results/all_microservices/allmicro-20260504T132028Z/phase3/calibration_redis-cart_100_stats.csv,testing/results/all_microservices/allmicro-20260504T132028Z/phase3/calibration_redis-cart_100_metrics.csv
phase1,phase1_redis-cart_100,redis-cart,cart,iaas-only,100,300,completed,200,0,0,34588,0,0.0000,730.00,727.54,1200.00,1300.00,115.6920,frontend,iaas,iaas,42.9774,,,,,,,,,,,,,,prometheus:kubernetes,missing:mem_pct|request_count|error_count|error_pct|p50_ms|p95_ms|p99_ms|avg_latency_ms,testing/results/all_microservices/allmicro-20260504T132028Z/phase1/phase1_redis-cart_100_stats.csv,testing/results/all_microservices/allmicro-20260504T132028Z/phase1/phase1_redis-cart_100_metrics.csv
phase1,phase1_redis-cart_100,redis-cart,cart,iaas-only,100,300,completed,200,0,0,34588,0,0.0000,730.00,727.54,1200.00,1300.00,115.6920,productcatalogservice,iaas,iaas,16.0196,,,,,,,,,,,,,,prometheus:kubernetes,missing:mem_pct|request_count|error_count|error_pct|p50_ms|p95_ms|p99_ms|avg_latency_ms,testing/results/all_microservices/allmicro-20260504T132028Z/phase1/phase1_redis-cart_100_stats.csv,testing/results/all_microservices/allmicro-20260504T132028Z/phase1/phase1_redis-cart_100_metrics.csv
phase1,phase1_redis-cart_100,redis-cart,cart,iaas-only,100,300,completed,200,0,0,34588,0,0.0000,730.00,727.54,1200.00,1300.00,115.6920,cartservice,iaas,iaas,2.2055,,,,,,,,,,,,,,prometheus:kubernetes,missing:mem_pct|request_count|error_count|error_pct|p50_ms|p95_ms|p99_ms|avg_latency_ms,testing/results/all_microservices/allmicro-20260504T132028Z/phase1/phase1_redis-cart_100_stats.csv,testing/results/all_microservices/allmicro-20260504T132028Z/phase1/phase1_redis-cart_100_metrics.csv
phase1,phase1_redis-cart_100,redis-cart,cart,iaas-only,100,300,completed,200,0,0,34588,0,0.0000,730.00,727.54,1200.00,1300.00,115.6920,checkoutservice,iaas,iaas,0.0006,,,,,,,,,,,,,,prometheus:kubernetes,missing:mem_pct|request_count|error_count|error_pct|p50_ms|p95_ms|p99_ms|avg_latency_ms,testing/results/all_microservices/allmicro-20260504T132028Z/phase1/phase1_redis-cart_100_stats.csv,testing/results/all_microservices/allmicro-20260504T132028Z/phase1/phase1_redis-cart_100_metrics.csv
phase1,phase1_redis-cart_100,redis-cart,cart,iaas-only,100,300,completed,200,0,0,34588,0,0.0000,730.00,727.54,1200.00,1300.00,115.6920,currencyservice,iaas,iaas,26.2126,,,,,,,,,,,,,,prometheus:kubernetes,missing:mem_pct|request_count|error_count|error_pct|p50_ms|p95_ms|p99_ms|avg_latency_ms,testing/results/all_microservices/allmicro-20260504T132028Z/phase1/phase1_redis-cart_100_stats.csv,testing/results/all_microservices/allmicro-20260504T132028Z/phase1/phase1_redis-cart_100_metrics.csv
phase1,phase1_redis-cart_100,redis-cart,cart,iaas-only,100,300,completed,200,0,0,34588,0,0.0000,730.00,727.54,1200.00,1300.00,115.6920,emailservice,iaas,iaas,0.3547,,,,,,,,,,,,,,prometheus:kubernetes,missing:mem_pct|request_count|error_count|error_pct|p50_ms|p95_ms|p99_ms|avg_latency_ms,testing/results/all_microservices/allmicro-20260504T132028Z/phase1/phase1_redis-cart_100_stats.csv,testing/results/all_microservices/allmicro-20260504T132028Z/phase1/phase1_redis-cart_100_metrics.csv
phase1,phase1_redis-cart_100,redis-cart,cart,iaas-only,100,300,completed,200,0,0,34588,0,0.0000,730.00,727.54,1200.00,1300.00,115.6920,paymentservice,iaas,iaas,0.0105,,,,,,,,,,,,,,prometheus:kubernetes,missing:mem_pct|request_count|error_count|error_pct|p50_ms|p95_ms|p99_ms|avg_latency_ms,testing/results/all_microservices/allmicro-20260504T132028Z/phase1/phase1_redis-cart_100_stats.csv,testing/results/all_microservices/allmicro-20260504T132028Z/phase1/phase1_redis-cart_100_metrics.csv
phase1,phase1_redis-cart_100,redis-cart,cart,iaas-only,100,300,completed,200,0,0,34588,0,0.0000,730.00,727.54,1200.00,1300.00,115.6920,shippingservice,iaas,iaas,3.4477,,,,,,,,,,,,,,prometheus:kubernetes,missing:mem_pct|request_count|error_count|error_pct|p50_ms|p95_ms|p99_ms|avg_latency_ms,testing/results/all_microservices/allmicro-20260504T132028Z/phase1/phase1_redis-cart_100_stats.csv,testing/results/all_microservices/allmicro-20260504T132028Z/phase1/phase1_redis-cart_100_metrics.csv
phase1,phase1_redis-cart_100,redis-cart,cart,iaas-only,100,300,completed,200,0,0,34588,0,0.0000,730.00,727.54,1200.00,1300.00,115.6920,adservice,iaas,iaas,1.5967,,,,,,,,,,,,,,prometheus:kubernetes,missing:mem_pct|request_count|error_count|error_pct|p50_ms|p95_ms|p99_ms|avg_latency_ms,testing/results/all_microservices/allmicro-20260504T132028Z/phase1/phase1_redis-cart_100_stats.csv,testing/results/all_microservices/allmicro-20260504T132028Z/phase1/phase1_redis-cart_100_metrics.csv
phase1,phase1_redis-cart_100,redis-cart,cart,iaas-only,100,300,completed,200,0,0,34588,0,0.0000,730.00,727.54,1200.00,1300.00,115.6920,recommendationservice,iaas,iaas,23.5499,,,,,,,,,,,,,,prometheus:kubernetes,missing:mem_pct|request_count|error_count|error_pct|p50_ms|p95_ms|p99_ms|avg_latency_ms,testing/results/all_microservices/allmicro-20260504T132028Z/phase1/phase1_redis-cart_100_stats.csv,testing/results/all_microservices/allmicro-20260504T132028Z/phase1/phase1_redis-cart_100_metrics.csv
phase1,phase1_redis-cart_100,redis-cart,cart,iaas-only,100,300,completed,200,0,0,34588,0,0.0000,730.00,727.54,1200.00,1300.00,115.6920,redis-cart,iaas,iaas,3.7652,,,,,,,,,,,,,,prometheus:kubernetes,missing:mem_pct|request_count|error_count|error_pct|p50_ms|p95_ms|p99_ms|avg_latency_ms,testing/results/all_microservices/allmicro-20260504T132028Z/phase1/phase1_redis-cart_100_stats.csv,testing/results/all_microservices/allmicro-20260504T132028Z/phase1/phase1_redis-cart_100_metrics.csv
phase3,phase3_redis-cart_100,redis-cart,cart,hybrid,100,300,completed,200,0,0,25897,281,1.0851,940.00,1016.20,2400.00,3600.00,86.5595,frontend,iaas,iaas,37.3197,,,,,,,,,,,,,,prometheus:kubernetes,missing:mem_pct|request_count|error_count|error_pct|p50_ms|p95_ms|p99_ms|avg_latency_ms,testing/results/all_microservices/allmicro-20260504T132028Z/phase3/phase3_redis-cart_100_stats.csv,testing/results/all_microservices/allmicro-20260504T132028Z/phase3/phase3_redis-cart_100_metrics.csv
phase3,phase3_redis-cart_100,redis-cart,cart,hybrid,100,300,completed,200,0,0,25897,281,1.0851,940.00,1016.20,2400.00,3600.00,86.5595,productcatalogservice,iaas,iaas,13.5794,,,,,,,,,,,,,,prometheus:kubernetes,missing:mem_pct|request_count|error_count|error_pct|p50_ms|p95_ms|p99_ms|avg_latency_ms,testing/results/all_microservices/allmicro-20260504T132028Z/phase3/phase3_redis-cart_100_stats.csv,testing/results/all_microservices/allmicro-20260504T132028Z/phase3/phase3_redis-cart_100_metrics.csv
phase3,phase3_redis-cart_100,redis-cart,cart,hybrid,100,300,completed,200,0,0,25897,281,1.0851,940.00,1016.20,2400.00,3600.00,86.5595,cartservice,iaas,iaas,2.0310,,,,,,,,,,,,,,prometheus:kubernetes,missing:mem_pct|request_count|error_count|error_pct|p50_ms|p95_ms|p99_ms|avg_latency_ms,testing/results/all_microservices/allmicro-20260504T132028Z/phase3/phase3_redis-cart_100_stats.csv,testing/results/all_microservices/allmicro-20260504T132028Z/phase3/phase3_redis-cart_100_metrics.csv
phase3,phase3_redis-cart_100,redis-cart,cart,hybrid,100,300,completed,200,0,0,25897,281,1.0851,940.00,1016.20,2400.00,3600.00,86.5595,checkoutservice,iaas,iaas,0.0070,,,,,,,,,,,,,,prometheus:kubernetes,missing:mem_pct|request_count|error_count|error_pct|p50_ms|p95_ms|p99_ms|avg_latency_ms,testing/results/all_microservices/allmicro-20260504T132028Z/phase3/phase3_redis-cart_100_stats.csv,testing/results/all_microservices/allmicro-20260504T132028Z/phase3/phase3_redis-cart_100_metrics.csv
phase3,phase3_redis-cart_100,redis-cart,cart,hybrid,100,300,completed,200,0,0,25897,281,1.0851,940.00,1016.20,2400.00,3600.00,86.5595,currencyservice,hybrid-dynamic,iaas,52.2548,,20042.5000,,,,189.55,474.57,776.10,201.72,4.97,,,,prometheus:kubernetes|bridge|openfaas|controller,missing:mem_pct|error_count|error_pct,testing/results/all_microservices/allmicro-20260504T132028Z/phase3/phase3_redis-cart_100_stats.csv,testing/results/all_microservices/allmicro-20260504T132028Z/phase3/phase3_redis-cart_100_metrics.csv
phase3,phase3_redis-cart_100,redis-cart,cart,hybrid,100,300,completed,200,0,0,25897,281,1.0851,940.00,1016.20,2400.00,3600.00,86.5595,emailservice,hybrid-dynamic,faas,0.0544,,,,,,,,,,,,,,prometheus:kubernetes|bridge|openfaas|controller,missing:mem_pct|request_count|error_count|error_pct|p50_ms|p95_ms|p99_ms|avg_latency_ms,testing/results/all_microservices/allmicro-20260504T132028Z/phase3/phase3_redis-cart_100_stats.csv,testing/results/all_microservices/allmicro-20260504T132028Z/phase3/phase3_redis-cart_100_metrics.csv
phase3,phase3_redis-cart_100,redis-cart,cart,hybrid,100,300,completed,200,0,0,25897,281,1.0851,940.00,1016.20,2400.00,3600.00,86.5595,paymentservice,iaas,iaas,0.0000,,,,,,,,,,,,,,prometheus:kubernetes,missing:mem_pct|request_count|error_count|error_pct|p50_ms|p95_ms|p99_ms|avg_latency_ms,testing/results/all_microservices/allmicro-20260504T132028Z/phase3/phase3_redis-cart_100_stats.csv,testing/results/all_microservices/allmicro-20260504T132028Z/phase3/phase3_redis-cart_100_metrics.csv
phase3,phase3_redis-cart_100,redis-cart,cart,hybrid,100,300,completed,200,0,0,25897,281,1.0851,940.00,1016.20,2400.00,3600.00,86.5595,shippingservice,hybrid-dynamic,iaas,6.0965,,9387.0833,,,,5.16,21.69,64.68,7.26,4.95,,,,prometheus:kubernetes|bridge|openfaas|controller,missing:mem_pct|error_count|error_pct,testing/results/all_microservices/allmicro-20260504T132028Z/phase3/phase3_redis-cart_100_stats.csv,testing/results/all_microservices/allmicro-20260504T132028Z/phase3/phase3_redis-cart_100_metrics.csv
phase3,phase3_redis-cart_100,redis-cart,cart,hybrid,100,300,completed,200,0,0,25897,281,1.0851,940.00,1016.20,2400.00,3600.00,86.5595,adservice,hybrid-dynamic,faas,6.1645,,10069.7436,37.7778,0.0000,0.0000,3.06,9.44,22.00,3.52,4.95,,,,prometheus:kubernetes|bridge|openfaas|controller,missing:mem_pct,testing/results/all_microservices/allmicro-20260504T132028Z/phase3/phase3_redis-cart_100_stats.csv,testing/results/all_microservices/allmicro-20260504T132028Z/phase3/phase3_redis-cart_100_metrics.csv
phase3,phase3_redis-cart_100,redis-cart,cart,hybrid,100,300,completed,200,0,0,25897,281,1.0851,940.00,1016.20,2400.00,3600.00,86.5595,recommendationservice,iaas,iaas,18.3135,,,,,,,,,,,,,,prometheus:kubernetes,missing:mem_pct|request_count|error_count|error_pct|p50_ms|p95_ms|p99_ms|avg_latency_ms,testing/results/all_microservices/allmicro-20260504T132028Z/phase3/phase3_redis-cart_100_stats.csv,testing/results/all_microservices/allmicro-20260504T132028Z/phase3/phase3_redis-cart_100_metrics.csv
phase3,phase3_redis-cart_100,redis-cart,cart,hybrid,100,300,completed,200,0,0,25897,281,1.0851,940.00,1016.20,2400.00,3600.00,86.5595,redis-cart,iaas,iaas,4.2755,,,,,,,,,,,,,,prometheus:kubernetes,missing:mem_pct|request_count|error_count|error_pct|p50_ms|p95_ms|p99_ms|avg_latency_ms,testing/results/all_microservices/allmicro-20260504T132028Z/phase3/phase3_redis-cart_100_stats.csv,testing/results/all_microservices/allmicro-20260504T132028Z/phase3/phase3_redis-cart_100_metrics.csv
phase3,calibration_emailservice_25,emailservice,checkout,calibration,25,180,completed,200,0,0,10038,0,0.0000,290.00,364.52,570.00,770.00,55.8819,frontend,iaas,iaas,62.1674,,,,,,,,,,,,,,prometheus:kubernetes,missing:mem_pct|request_count|error_count|error_pct|p50_ms|p95_ms|p99_ms|avg_latency_ms,testing/results/all_microservices/allmicro-20260504T132028Z/phase3/calibration_emailservice_25_stats.csv,testing/results/all_microservices/allmicro-20260504T132028Z/phase3/calibration_emailservice_25_metrics.csv
phase3,calibration_emailservice_25,emailservice,checkout,calibration,25,180,completed,200,0,0,10038,0,0.0000,290.00,364.52,570.00,770.00,55.8819,productcatalogservice,iaas,iaas,23.8227,,,,,,,,,,,,,,prometheus:kubernetes,missing:mem_pct|request_count|error_count|error_pct|p50_ms|p95_ms|p99_ms|avg_latency_ms,testing/results/all_microservices/allmicro-20260504T132028Z/phase3/calibration_emailservice_25_stats.csv,testing/results/all_microservices/allmicro-20260504T132028Z/phase3/calibration_emailservice_25_metrics.csv
phase3,calibration_emailservice_25,emailservice,checkout,calibration,25,180,completed,200,0,0,10038,0,0.0000,290.00,364.52,570.00,770.00,55.8819,cartservice,iaas,iaas,4.2997,,,,,,,,,,,,,,prometheus:kubernetes,missing:mem_pct|request_count|error_count|error_pct|p50_ms|p95_ms|p99_ms|avg_latency_ms,testing/results/all_microservices/allmicro-20260504T132028Z/phase3/calibration_emailservice_25_stats.csv,testing/results/all_microservices/allmicro-20260504T132028Z/phase3/calibration_emailservice_25_metrics.csv
phase3,calibration_emailservice_25,emailservice,checkout,calibration,25,180,completed,200,0,0,10038,0,0.0000,290.00,364.52,570.00,770.00,55.8819,checkoutservice,iaas,iaas,5.4892,,,,,,,,,,,,,,prometheus:kubernetes,missing:mem_pct|request_count|error_count|error_pct|p50_ms|p95_ms|p99_ms|avg_latency_ms,testing/results/all_microservices/allmicro-20260504T132028Z/phase3/calibration_emailservice_25_stats.csv,testing/results/all_microservices/allmicro-20260504T132028Z/phase3/calibration_emailservice_25_metrics.csv
phase3,calibration_emailservice_25,emailservice,checkout,calibration,25,180,completed,200,0,0,10038,0,0.0000,290.00,364.52,570.00,770.00,55.8819,currencyservice,hybrid-dynamic,faas,27.3658,,15337.3291,149.8444,,,3.00,28.74,82.72,5.82,4.95,,,,prometheus:kubernetes|bridge|openfaas|controller,missing:mem_pct|error_count|error_pct,testing/results/all_microservices/allmicro-20260504T132028Z/phase3/calibration_emailservice_25_stats.csv,testing/results/all_microservices/allmicro-20260504T132028Z/phase3/calibration_emailservice_25_metrics.csv
phase3,calibration_emailservice_25,emailservice,checkout,calibration,25,180,completed,200,0,0,10038,0,0.0000,290.00,364.52,570.00,770.00,55.8819,emailservice,hybrid-dynamic,faas,2.9259,,2771.3857,14.8667,,,2.68,6.48,9.68,2.98,4.95,,,,prometheus:kubernetes|bridge|openfaas|controller,missing:mem_pct|error_count|error_pct,testing/results/all_microservices/allmicro-20260504T132028Z/phase3/calibration_emailservice_25_stats.csv,testing/results/all_microservices/allmicro-20260504T132028Z/phase3/calibration_emailservice_25_metrics.csv
phase3,calibration_emailservice_25,emailservice,checkout,calibration,25,180,completed,200,0,0,10038,0,0.0000,290.00,364.52,570.00,770.00,55.8819,paymentservice,iaas,iaas,2.7003,,,,,,,,,,,,,,prometheus:kubernetes,missing:mem_pct|request_count|error_count|error_pct|p50_ms|p95_ms|p99_ms|avg_latency_ms,testing/results/all_microservices/allmicro-20260504T132028Z/phase3/calibration_emailservice_25_stats.csv,testing/results/all_microservices/allmicro-20260504T132028Z/phase3/calibration_emailservice_25_metrics.csv
phase3,calibration_emailservice_25,emailservice,checkout,calibration,25,180,completed,200,0,0,10038,0,0.0000,290.00,364.52,570.00,770.00,55.8819,shippingservice,hybrid-dynamic,faas,17.9158,,13360.2251,49.6222,,,3.98,19.58,45.70,5.87,4.95,,,,prometheus:kubernetes|bridge|openfaas|controller,missing:mem_pct|error_count|error_pct,testing/results/all_microservices/allmicro-20260504T132028Z/phase3/calibration_emailservice_25_stats.csv,testing/results/all_microservices/allmicro-20260504T132028Z/phase3/calibration_emailservice_25_metrics.csv
phase3,calibration_emailservice_25,emailservice,checkout,calibration,25,180,completed,200,0,0,10038,0,0.0000,290.00,364.52,570.00,770.00,55.8819,adservice,hybrid-dynamic,faas,8.3786,,11074.9281,19.7333,0.0000,0.0000,3.00,9.28,21.49,3.30,4.95,,,,prometheus:kubernetes|bridge|openfaas|controller,missing:mem_pct,testing/results/all_microservices/allmicro-20260504T132028Z/phase3/calibration_emailservice_25_stats.csv,testing/results/all_microservices/allmicro-20260504T132028Z/phase3/calibration_emailservice_25_metrics.csv
phase3,calibration_emailservice_25,emailservice,checkout,calibration,25,180,completed,200,0,0,10038,0,0.0000,290.00,364.52,570.00,770.00,55.8819,recommendationservice,iaas,iaas,28.3659,,,,,,,,,,,,,,prometheus:kubernetes,missing:mem_pct|request_count|error_count|error_pct|p50_ms|p95_ms|p99_ms|avg_latency_ms,testing/results/all_microservices/allmicro-20260504T132028Z/phase3/calibration_emailservice_25_stats.csv,testing/results/all_microservices/allmicro-20260504T132028Z/phase3/calibration_emailservice_25_metrics.csv
phase3,calibration_emailservice_25,emailservice,checkout,calibration,25,180,completed,200,0,0,10038,0,0.0000,290.00,364.52,570.00,770.00,55.8819,redis-cart,iaas,iaas,5.3181,,,,,,,,,,,,,,prometheus:kubernetes,missing:mem_pct|request_count|error_count|error_pct|p50_ms|p95_ms|p99_ms|avg_latency_ms,testing/results/all_microservices/allmicro-20260504T132028Z/phase3/calibration_emailservice_25_stats.csv,testing/results/all_microservices/allmicro-20260504T132028Z/phase3/calibration_emailservice_25_metrics.csv
phase3,calibration_emailservice_50,emailservice,checkout,calibration,50,180,completed,200,0,0,15706,4,0.0255,380.00,489.29,920.00,1600.00,87.3608,frontend,iaas,iaas,50.3826,,,,,,,,,,,,,,prometheus:kubernetes,missing:mem_pct|request_count|error_count|error_pct|p50_ms|p95_ms|p99_ms|avg_latency_ms,testing/results/all_microservices/allmicro-20260504T132028Z/phase3/calibration_emailservice_50_stats.csv,testing/results/all_microservices/allmicro-20260504T132028Z/phase3/calibration_emailservice_50_metrics.csv
phase3,calibration_emailservice_50,emailservice,checkout,calibration,50,180,completed,200,0,0,15706,4,0.0255,380.00,489.29,920.00,1600.00,87.3608,productcatalogservice,iaas,iaas,21.5740,,,,,,,,,,,,,,prometheus:kubernetes,missing:mem_pct|request_count|error_count|error_pct|p50_ms|p95_ms|p99_ms|avg_latency_ms,testing/results/all_microservices/allmicro-20260504T132028Z/phase3/calibration_emailservice_50_stats.csv,testing/results/all_microservices/allmicro-20260504T132028Z/phase3/calibration_emailservice_50_metrics.csv
phase3,calibration_emailservice_50,emailservice,checkout,calibration,50,180,completed,200,0,0,15706,4,0.0255,380.00,489.29,920.00,1600.00,87.3608,cartservice,iaas,iaas,4.3365,,,,,,,,,,,,,,prometheus:kubernetes,missing:mem_pct|request_count|error_count|error_pct|p50_ms|p95_ms|p99_ms|avg_latency_ms,testing/results/all_microservices/allmicro-20260504T132028Z/phase3/calibration_emailservice_50_stats.csv,testing/results/all_microservices/allmicro-20260504T132028Z/phase3/calibration_emailservice_50_metrics.csv
phase3,calibration_emailservice_50,emailservice,checkout,calibration,50,180,completed,200,0,0,15706,4,0.0255,380.00,489.29,920.00,1600.00,87.3608,checkoutservice,iaas,iaas,14.6410,,,,,,,,,,,,,,prometheus:kubernetes,missing:mem_pct|request_count|error_count|error_pct|p50_ms|p95_ms|p99_ms|avg_latency_ms,testing/results/all_microservices/allmicro-20260504T132028Z/phase3/calibration_emailservice_50_stats.csv,testing/results/all_microservices/allmicro-20260504T132028Z/phase3/calibration_emailservice_50_metrics.csv
phase3,calibration_emailservice_50,emailservice,checkout,calibration,50,180,completed,200,0,0,15706,4,0.0255,380.00,489.29,920.00,1600.00,87.3608,currencyservice,hybrid-dynamic,iaas,22.7400,,15674.4444,,,,2.99,28.60,82.70,5.80,4.95,,,,prometheus:kubernetes|bridge|openfaas|controller,missing:mem_pct|error_count|error_pct,testing/results/all_microservices/allmicro-20260504T132028Z/phase3/calibration_emailservice_50_stats.csv,testing/results/all_microservices/allmicro-20260504T132028Z/phase3/calibration_emailservice_50_metrics.csv
phase3,calibration_emailservice_50,emailservice,checkout,calibration,50,180,completed,200,0,0,15706,4,0.0255,380.00,489.29,920.00,1600.00,87.3608,emailservice,hybrid-dynamic,faas,8.6748,,6928.6851,25.4222,,,3.16,9.53,21.36,4.07,4.95,,,,prometheus:kubernetes|bridge|openfaas|controller,missing:mem_pct|error_count|error_pct,testing/results/all_microservices/allmicro-20260504T132028Z/phase3/calibration_emailservice_50_stats.csv,testing/results/all_microservices/allmicro-20260504T132028Z/phase3/calibration_emailservice_50_metrics.csv
phase3,calibration_emailservice_50,emailservice,checkout,calibration,50,180,completed,200,0,0,15706,4,0.0255,380.00,489.29,920.00,1600.00,87.3608,paymentservice,iaas,iaas,7.1182,,,,,,,,,,,,,,prometheus:kubernetes,missing:mem_pct|request_count|error_count|error_pct|p50_ms|p95_ms|p99_ms|avg_latency_ms,testing/results/all_microservices/allmicro-20260504T132028Z/phase3/calibration_emailservice_50_stats.csv,testing/results/all_microservices/allmicro-20260504T132028Z/phase3/calibration_emailservice_50_metrics.csv
phase3,calibration_emailservice_50,emailservice,checkout,calibration,50,180,completed,200,0,0,15706,4,0.0255,380.00,489.29,920.00,1600.00,87.3608,shippingservice,hybrid-dynamic,iaas,4.2670,,13448.1750,,,,3.47,15.30,67.43,5.49,4.95,,,,prometheus:kubernetes|bridge|openfaas|controller,missing:mem_pct|error_count|error_pct,testing/results/all_microservices/allmicro-20260504T132028Z/phase3/calibration_emailservice_50_stats.csv,testing/results/all_microservices/allmicro-20260504T132028Z/phase3/calibration_emailservice_50_metrics.csv
phase3,calibration_emailservice_50,emailservice,checkout,calibration,50,180,completed,200,0,0,15706,4,0.0255,380.00,489.29,920.00,1600.00,87.3608,adservice,hybrid-dynamic,faas,5.5532,,7797.8686,33.9556,0.0000,0.0000,2.62,4.97,9.57,2.08,4.95,,,,prometheus:kubernetes|bridge|openfaas|controller,missing:mem_pct,testing/results/all_microservices/allmicro-20260504T132028Z/phase3/calibration_emailservice_50_stats.csv,testing/results/all_microservices/allmicro-20260504T132028Z/phase3/calibration_emailservice_50_metrics.csv
phase3,calibration_emailservice_50,emailservice,checkout,calibration,50,180,completed,200,0,0,15706,4,0.0255,380.00,489.29,920.00,1600.00,87.3608,recommendationservice,iaas,iaas,22.4040,,,,,,,,,,,,,,prometheus:kubernetes,missing:mem_pct|request_count|error_count|error_pct|p50_ms|p95_ms|p99_ms|avg_latency_ms,testing/results/all_microservices/allmicro-20260504T132028Z/phase3/calibration_emailservice_50_stats.csv,testing/results/all_microservices/allmicro-20260504T132028Z/phase3/calibration_emailservice_50_metrics.csv
phase3,calibration_emailservice_50,emailservice,checkout,calibration,50,180,completed,200,0,0,15706,4,0.0255,380.00,489.29,920.00,1600.00,87.3608,redis-cart,iaas,iaas,5.4361,,,,,,,,,,,,,,prometheus:kubernetes,missing:mem_pct|request_count|error_count|error_pct|p50_ms|p95_ms|p99_ms|avg_latency_ms,testing/results/all_microservices/allmicro-20260504T132028Z/phase3/calibration_emailservice_50_stats.csv,testing/results/all_microservices/allmicro-20260504T132028Z/phase3/calibration_emailservice_50_metrics.csv
phase1,phase1_emailservice_50,emailservice,checkout,iaas-only,50,300,completed,200,0,0,29426,0,0.0000,320.00,425.72,770.00,1200.00,98.3654,frontend,iaas,iaas,43.9807,,,,,,,,,,,,,,prometheus:kubernetes,missing:mem_pct|request_count|error_count|error_pct|p50_ms|p95_ms|p99_ms|avg_latency_ms,testing/results/all_microservices/allmicro-20260504T132028Z/phase1/phase1_emailservice_50_stats.csv,testing/results/all_microservices/allmicro-20260504T132028Z/phase1/phase1_emailservice_50_metrics.csv
phase1,phase1_emailservice_50,emailservice,checkout,iaas-only,50,300,completed,200,0,0,29426,0,0.0000,320.00,425.72,770.00,1200.00,98.3654,productcatalogservice,iaas,iaas,20.6405,,,,,,,,,,,,,,prometheus:kubernetes,missing:mem_pct|request_count|error_count|error_pct|p50_ms|p95_ms|p99_ms|avg_latency_ms,testing/results/all_microservices/allmicro-20260504T132028Z/phase1/phase1_emailservice_50_stats.csv,testing/results/all_microservices/allmicro-20260504T132028Z/phase1/phase1_emailservice_50_metrics.csv
phase1,phase1_emailservice_50,emailservice,checkout,iaas-only,50,300,completed,200,0,0,29426,0,0.0000,320.00,425.72,770.00,1200.00,98.3654,cartservice,iaas,iaas,3.7179,,,,,,,,,,,,,,prometheus:kubernetes,missing:mem_pct|request_count|error_count|error_pct|p50_ms|p95_ms|p99_ms|avg_latency_ms,testing/results/all_microservices/allmicro-20260504T132028Z/phase1/phase1_emailservice_50_stats.csv,testing/results/all_microservices/allmicro-20260504T132028Z/phase1/phase1_emailservice_50_metrics.csv
phase1,phase1_emailservice_50,emailservice,checkout,iaas-only,50,300,completed,200,0,0,29426,0,0.0000,320.00,425.72,770.00,1200.00,98.3654,checkoutservice,iaas,iaas,11.3839,,,,,,,,,,,,,,prometheus:kubernetes,missing:mem_pct|request_count|error_count|error_pct|p50_ms|p95_ms|p99_ms|avg_latency_ms,testing/results/all_microservices/allmicro-20260504T132028Z/phase1/phase1_emailservice_50_stats.csv,testing/results/all_microservices/allmicro-20260504T132028Z/phase1/phase1_emailservice_50_metrics.csv
phase1,phase1_emailservice_50,emailservice,checkout,iaas-only,50,300,completed,200,0,0,29426,0,0.0000,320.00,425.72,770.00,1200.00,98.3654,currencyservice,iaas,iaas,19.1948,,,,,,,,,,,,,,prometheus:kubernetes,missing:mem_pct|request_count|error_count|error_pct|p50_ms|p95_ms|p99_ms|avg_latency_ms,testing/results/all_microservices/allmicro-20260504T132028Z/phase1/phase1_emailservice_50_stats.csv,testing/results/all_microservices/allmicro-20260504T132028Z/phase1/phase1_emailservice_50_metrics.csv
phase1,phase1_emailservice_50,emailservice,checkout,iaas-only,50,300,completed,200,0,0,29426,0,0.0000,320.00,425.72,770.00,1200.00,98.3654,emailservice,iaas,iaas,9.2931,,,,,,,,,,,,,,prometheus:kubernetes,missing:mem_pct|request_count|error_count|error_pct|p50_ms|p95_ms|p99_ms|avg_latency_ms,testing/results/all_microservices/allmicro-20260504T132028Z/phase1/phase1_emailservice_50_stats.csv,testing/results/all_microservices/allmicro-20260504T132028Z/phase1/phase1_emailservice_50_metrics.csv
phase1,phase1_emailservice_50,emailservice,checkout,iaas-only,50,300,completed,200,0,0,29426,0,0.0000,320.00,425.72,770.00,1200.00,98.3654,paymentservice,iaas,iaas,6.7904,,,,,,,,,,,,,,prometheus:kubernetes,missing:mem_pct|request_count|error_count|error_pct|p50_ms|p95_ms|p99_ms|avg_latency_ms,testing/results/all_microservices/allmicro-20260504T132028Z/phase1/phase1_emailservice_50_stats.csv,testing/results/all_microservices/allmicro-20260504T132028Z/phase1/phase1_emailservice_50_metrics.csv
phase1,phase1_emailservice_50,emailservice,checkout,iaas-only,50,300,completed,200,0,0,29426,0,0.0000,320.00,425.72,770.00,1200.00,98.3654,shippingservice,iaas,iaas,5.3411,,,,,,,,,,,,,,prometheus:kubernetes,missing:mem_pct|request_count|error_count|error_pct|p50_ms|p95_ms|p99_ms|avg_latency_ms,testing/results/all_microservices/allmicro-20260504T132028Z/phase1/phase1_emailservice_50_stats.csv,testing/results/all_microservices/allmicro-20260504T132028Z/phase1/phase1_emailservice_50_metrics.csv
phase1,phase1_emailservice_50,emailservice,checkout,iaas-only,50,300,completed,200,0,0,29426,0,0.0000,320.00,425.72,770.00,1200.00,98.3654,adservice,iaas,iaas,2.1026,,,,,,,,,,,,,,prometheus:kubernetes,missing:mem_pct|request_count|error_count|error_pct|p50_ms|p95_ms|p99_ms|avg_latency_ms,testing/results/all_microservices/allmicro-20260504T132028Z/phase1/phase1_emailservice_50_stats.csv,testing/results/all_microservices/allmicro-20260504T132028Z/phase1/phase1_emailservice_50_metrics.csv
phase1,phase1_emailservice_50,emailservice,checkout,iaas-only,50,300,completed,200,0,0,29426,0,0.0000,320.00,425.72,770.00,1200.00,98.3654,recommendationservice,iaas,iaas,21.7050,,,,,,,,,,,,,,prometheus:kubernetes,missing:mem_pct|request_count|error_count|error_pct|p50_ms|p95_ms|p99_ms|avg_latency_ms,testing/results/all_microservices/allmicro-20260504T132028Z/phase1/phase1_emailservice_50_stats.csv,testing/results/all_microservices/allmicro-20260504T132028Z/phase1/phase1_emailservice_50_metrics.csv
phase1,phase1_emailservice_50,emailservice,checkout,iaas-only,50,300,completed,200,0,0,29426,0,0.0000,320.00,425.72,770.00,1200.00,98.3654,redis-cart,iaas,iaas,4.3962,,,,,,,,,,,,,,prometheus:kubernetes,missing:mem_pct|request_count|error_count|error_pct|p50_ms|p95_ms|p99_ms|avg_latency_ms,testing/results/all_microservices/allmicro-20260504T132028Z/phase1/phase1_emailservice_50_stats.csv,testing/results/all_microservices/allmicro-20260504T132028Z/phase1/phase1_emailservice_50_metrics.csv
phase3,phase3_emailservice_50,emailservice,checkout,hybrid,50,300,completed,200,0,0,25629,356,1.3891,400.00,501.21,1000.00,1500.00,85.6445,frontend,iaas,iaas,39.2682,,,,,,,,,,,,,,prometheus:kubernetes,missing:mem_pct|request_count|error_count|error_pct|p50_ms|p95_ms|p99_ms|avg_latency_ms,testing/results/all_microservices/allmicro-20260504T132028Z/phase3/phase3_emailservice_50_stats.csv,testing/results/all_microservices/allmicro-20260504T132028Z/phase3/phase3_emailservice_50_metrics.csv
phase3,phase3_emailservice_50,emailservice,checkout,hybrid,50,300,completed,200,0,0,25629,356,1.3891,400.00,501.21,1000.00,1500.00,85.6445,productcatalogservice,iaas,iaas,18.4597,,,,,,,,,,,,,,prometheus:kubernetes,missing:mem_pct|request_count|error_count|error_pct|p50_ms|p95_ms|p99_ms|avg_latency_ms,testing/results/all_microservices/allmicro-20260504T132028Z/phase3/phase3_emailservice_50_stats.csv,testing/results/all_microservices/allmicro-20260504T132028Z/phase3/phase3_emailservice_50_metrics.csv
phase3,phase3_emailservice_50,emailservice,checkout,hybrid,50,300,completed,200,0,0,25629,356,1.3891,400.00,501.21,1000.00,1500.00,85.6445,cartservice,iaas,iaas,3.4385,,,,,,,,,,,,,,prometheus:kubernetes,missing:mem_pct|request_count|error_count|error_pct|p50_ms|p95_ms|p99_ms|avg_latency_ms,testing/results/all_microservices/allmicro-20260504T132028Z/phase3/phase3_emailservice_50_stats.csv,testing/results/all_microservices/allmicro-20260504T132028Z/phase3/phase3_emailservice_50_metrics.csv
phase3,phase3_emailservice_50,emailservice,checkout,hybrid,50,300,completed,200,0,0,25629,356,1.3891,400.00,501.21,1000.00,1500.00,85.6445,checkoutservice,iaas,iaas,11.9895,,,,,,,,,,,,,,prometheus:kubernetes,missing:mem_pct|request_count|error_count|error_pct|p50_ms|p95_ms|p99_ms|avg_latency_ms,testing/results/all_microservices/allmicro-20260504T132028Z/phase3/phase3_emailservice_50_stats.csv,testing/results/all_microservices/allmicro-20260504T132028Z/phase3/phase3_emailservice_50_metrics.csv
phase3,phase3_emailservice_50,emailservice,checkout,hybrid,50,300,completed,200,0,0,25629,356,1.3891,400.00,501.21,1000.00,1500.00,85.6445,currencyservice,hybrid-dynamic,iaas,45.7062,,19178.2500,,,,17.04,183.58,238.72,41.53,4.96,,,,prometheus:kubernetes|bridge|openfaas|controller,missing:mem_pct|error_count|error_pct,testing/results/all_microservices/allmicro-20260504T132028Z/phase3/phase3_emailservice_50_stats.csv,testing/results/all_microservices/allmicro-20260504T132028Z/phase3/phase3_emailservice_50_metrics.csv
phase3,phase3_emailservice_50,emailservice,checkout,hybrid,50,300,completed,200,0,0,25629,356,1.3891,400.00,501.21,1000.00,1500.00,85.6445,emailservice,hybrid-dynamic,faas,7.9565,,6981.5385,26.3778,,,3.87,9.96,22.84,4.90,4.95,,,,prometheus:kubernetes|bridge|openfaas|controller,missing:mem_pct|error_count|error_pct,testing/results/all_microservices/allmicro-20260504T132028Z/phase3/phase3_emailservice_50_stats.csv,testing/results/all_microservices/allmicro-20260504T132028Z/phase3/phase3_emailservice_50_metrics.csv
phase3,phase3_emailservice_50,emailservice,checkout,hybrid,50,300,completed,200,0,0,25629,356,1.3891,400.00,501.21,1000.00,1500.00,85.6445,paymentservice,iaas,iaas,5.9205,,,,,,,,,,,,,,prometheus:kubernetes,missing:mem_pct|request_count|error_count|error_pct|p50_ms|p95_ms|p99_ms|avg_latency_ms,testing/results/all_microservices/allmicro-20260504T132028Z/phase3/phase3_emailservice_50_stats.csv,testing/results/all_microservices/allmicro-20260504T132028Z/phase3/phase3_emailservice_50_metrics.csv
phase3,phase3_emailservice_50,emailservice,checkout,hybrid,50,300,completed,200,0,0,25629,356,1.3891,400.00,501.21,1000.00,1500.00,85.6445,shippingservice,hybrid-dynamic,iaas,11.5567,,8468.1875,,,,4.73,21.11,69.35,6.86,4.95,,,,prometheus:kubernetes|bridge|openfaas|controller,missing:mem_pct|error_count|error_pct,testing/results/all_microservices/allmicro-20260504T132028Z/phase3/phase3_emailservice_50_stats.csv,testing/results/all_microservices/allmicro-20260504T132028Z/phase3/phase3_emailservice_50_metrics.csv
phase3,phase3_emailservice_50,emailservice,checkout,hybrid,50,300,completed,200,0,0,25629,356,1.3891,400.00,501.21,1000.00,1500.00,85.6445,adservice,hybrid-dynamic,faas,6.0655,,9158.9744,35.4889,,,2.60,4.93,9.11,1.87,4.95,,,,prometheus:kubernetes|bridge|openfaas|controller,missing:mem_pct|error_count|error_pct,testing/results/all_microservices/allmicro-20260504T132028Z/phase3/phase3_emailservice_50_stats.csv,testing/results/all_microservices/allmicro-20260504T132028Z/phase3/phase3_emailservice_50_metrics.csv
phase3,phase3_emailservice_50,emailservice,checkout,hybrid,50,300,completed,200,0,0,25629,356,1.3891,400.00,501.21,1000.00,1500.00,85.6445,recommendationservice,iaas,iaas,20.4825,,,,,,,,,,,,,,prometheus:kubernetes,missing:mem_pct|request_count|error_count|error_pct|p50_ms|p95_ms|p99_ms|avg_latency_ms,testing/results/all_microservices/allmicro-20260504T132028Z/phase3/phase3_emailservice_50_stats.csv,testing/results/all_microservices/allmicro-20260504T132028Z/phase3/phase3_emailservice_50_metrics.csv
phase3,phase3_emailservice_50,emailservice,checkout,hybrid,50,300,completed,200,0,0,25629,356,1.3891,400.00,501.21,1000.00,1500.00,85.6445,redis-cart,iaas,iaas,5.0619,,,,,,,,,,,,,,prometheus:kubernetes,missing:mem_pct|request_count|error_count|error_pct|p50_ms|p95_ms|p99_ms|avg_latency_ms,testing/results/all_microservices/allmicro-20260504T132028Z/phase3/phase3_emailservice_50_stats.csv,testing/results/all_microservices/allmicro-20260504T132028Z/phase3/phase3_emailservice_50_metrics.csv
phase3,switch_emailservice_cycle1_high_50,emailservice,checkout,target-faas-high,50,300,completed,200,0,0,25340,139,0.5485,400.00,508.37,1000.00,1400.00,84.6638,frontend,iaas,iaas,67.1041,,,,,,,,,,,,,,prometheus:kubernetes,missing:mem_pct|request_count|error_count|error_pct|p50_ms|p95_ms|p99_ms|avg_latency_ms,testing/results/all_microservices/allmicro-20260504T132028Z/phase3/switch_emailservice_cycle1_high_50_stats.csv,testing/results/all_microservices/allmicro-20260504T132028Z/phase3/switch_emailservice_cycle1_high_50_metrics.csv
phase3,switch_emailservice_cycle1_high_50,emailservice,checkout,target-faas-high,50,300,completed,200,0,0,25340,139,0.5485,400.00,508.37,1000.00,1400.00,84.6638,productcatalogservice,iaas,iaas,30.2251,,,,,,,,,,,,,,prometheus:kubernetes,missing:mem_pct|request_count|error_count|error_pct|p50_ms|p95_ms|p99_ms|avg_latency_ms,testing/results/all_microservices/allmicro-20260504T132028Z/phase3/switch_emailservice_cycle1_high_50_stats.csv,testing/results/all_microservices/allmicro-20260504T132028Z/phase3/switch_emailservice_cycle1_high_50_metrics.csv
phase3,switch_emailservice_cycle1_high_50,emailservice,checkout,target-faas-high,50,300,completed,200,0,0,25340,139,0.5485,400.00,508.37,1000.00,1400.00,84.6638,cartservice,iaas,iaas,5.8264,,,,,,,,,,,,,,prometheus:kubernetes,missing:mem_pct|request_count|error_count|error_pct|p50_ms|p95_ms|p99_ms|avg_latency_ms,testing/results/all_microservices/allmicro-20260504T132028Z/phase3/switch_emailservice_cycle1_high_50_stats.csv,testing/results/all_microservices/allmicro-20260504T132028Z/phase3/switch_emailservice_cycle1_high_50_metrics.csv
phase3,switch_emailservice_cycle1_high_50,emailservice,checkout,target-faas-high,50,300,completed,200,0,0,25340,139,0.5485,400.00,508.37,1000.00,1400.00,84.6638,checkoutservice,iaas,iaas,20.4254,,,,,,,,,,,,,,prometheus:kubernetes,missing:mem_pct|request_count|error_count|error_pct|p50_ms|p95_ms|p99_ms|avg_latency_ms,testing/results/all_microservices/allmicro-20260504T132028Z/phase3/switch_emailservice_cycle1_high_50_stats.csv,testing/results/all_microservices/allmicro-20260504T132028Z/phase3/switch_emailservice_cycle1_high_50_metrics.csv
phase3,switch_emailservice_cycle1_high_50,emailservice,checkout,target-faas-high,50,300,completed,200,0,0,25340,139,0.5485,400.00,508.37,1000.00,1400.00,84.6638,currencyservice,hybrid-dynamic,iaas,35.1174,,20955.6667,,,,16.92,180.39,238.67,41.49,4.96,,,,prometheus:kubernetes|bridge|openfaas|controller,missing:mem_pct|error_count|error_pct,testing/results/all_microservices/allmicro-20260504T132028Z/phase3/switch_emailservice_cycle1_high_50_stats.csv,testing/results/all_microservices/allmicro-20260504T132028Z/phase3/switch_emailservice_cycle1_high_50_metrics.csv
phase3,switch_emailservice_cycle1_high_50,emailservice,checkout,target-faas-high,50,300,completed,200,0,0,25340,139,0.5485,400.00,508.37,1000.00,1400.00,84.6638,emailservice,hybrid-dynamic,faas,13.4396,,10523.0769,24.5778,,,3.93,11.25,22.45,4.95,4.95,,,,prometheus:kubernetes|bridge|openfaas|controller,missing:mem_pct|error_count|error_pct,testing/results/all_microservices/allmicro-20260504T132028Z/phase3/switch_emailservice_cycle1_high_50_stats.csv,testing/results/all_microservices/allmicro-20260504T132028Z/phase3/switch_emailservice_cycle1_high_50_metrics.csv
phase3,switch_emailservice_cycle1_high_50,emailservice,checkout,target-faas-high,50,300,completed,200,0,0,25340,139,0.5485,400.00,508.37,1000.00,1400.00,84.6638,paymentservice,iaas,iaas,10.0414,,,,,,,,,,,,,,prometheus:kubernetes,missing:mem_pct|request_count|error_count|error_pct|p50_ms|p95_ms|p99_ms|avg_latency_ms,testing/results/all_microservices/allmicro-20260504T132028Z/phase3/switch_emailservice_cycle1_high_50_stats.csv,testing/results/all_microservices/allmicro-20260504T132028Z/phase3/switch_emailservice_cycle1_high_50_metrics.csv
phase3,switch_emailservice_cycle1_high_50,emailservice,checkout,target-faas-high,50,300,completed,200,0,0,25340,139,0.5485,400.00,508.37,1000.00,1400.00,84.6638,shippingservice,hybrid-dynamic,iaas,8.8751,,10276.4375,,,,4.25,18.98,64.66,6.31,4.95,,,,prometheus:kubernetes|bridge|openfaas|controller,missing:mem_pct|error_count|error_pct,testing/results/all_microservices/allmicro-20260504T132028Z/phase3/switch_emailservice_cycle1_high_50_stats.csv,testing/results/all_microservices/allmicro-20260504T132028Z/phase3/switch_emailservice_cycle1_high_50_metrics.csv
phase3,switch_emailservice_cycle1_high_50,emailservice,checkout,target-faas-high,50,300,completed,200,0,0,25340,139,0.5485,400.00,508.37,1000.00,1400.00,84.6638,adservice,hybrid-dynamic,faas,9.4420,,12098.5196,32.7556,,,2.60,4.95,9.35,1.91,4.95,,,,prometheus:kubernetes|bridge|openfaas|controller,missing:mem_pct|error_count|error_pct,testing/results/all_microservices/allmicro-20260504T132028Z/phase3/switch_emailservice_cycle1_high_50_stats.csv,testing/results/all_microservices/allmicro-20260504T132028Z/phase3/switch_emailservice_cycle1_high_50_metrics.csv
phase3,switch_emailservice_cycle1_high_50,emailservice,checkout,target-faas-high,50,300,completed,200,0,0,25340,139,0.5485,400.00,508.37,1000.00,1400.00,84.6638,recommendationservice,iaas,iaas,34.1162,,,,,,,,,,,,,,prometheus:kubernetes,missing:mem_pct|request_count|error_count|error_pct|p50_ms|p95_ms|p99_ms|avg_latency_ms,testing/results/all_microservices/allmicro-20260504T132028Z/phase3/switch_emailservice_cycle1_high_50_stats.csv,testing/results/all_microservices/allmicro-20260504T132028Z/phase3/switch_emailservice_cycle1_high_50_metrics.csv
phase3,switch_emailservice_cycle1_high_50,emailservice,checkout,target-faas-high,50,300,completed,200,0,0,25340,139,0.5485,400.00,508.37,1000.00,1400.00,84.6638,redis-cart,iaas,iaas,6.2978,,,,,,,,,,,,,,prometheus:kubernetes,missing:mem_pct|request_count|error_count|error_pct|p50_ms|p95_ms|p99_ms|avg_latency_ms,testing/results/all_microservices/allmicro-20260504T132028Z/phase3/switch_emailservice_cycle1_high_50_stats.csv,testing/results/all_microservices/allmicro-20260504T132028Z/phase3/switch_emailservice_cycle1_high_50_metrics.csv
phase3,switch_emailservice_cycle1_low_10,emailservice,checkout,controller-low-recovery,10,360,completed,200,0,0,8211,32,0.3897,270.00,354.07,530.00,730.00,22.8818,frontend,iaas,iaas,48.9639,,,,,,,,,,,,,,prometheus:kubernetes,missing:mem_pct|request_count|error_count|error_pct|p50_ms|p95_ms|p99_ms|avg_latency_ms,testing/results/all_microservices/allmicro-20260504T132028Z/phase3/switch_emailservice_cycle1_low_10_stats.csv,testing/results/all_microservices/allmicro-20260504T132028Z/phase3/switch_emailservice_cycle1_low_10_metrics.csv
phase3,switch_emailservice_cycle1_low_10,emailservice,checkout,controller-low-recovery,10,360,completed,200,0,0,8211,32,0.3897,270.00,354.07,530.00,730.00,22.8818,productcatalogservice,iaas,iaas,22.6985,,,,,,,,,,,,,,prometheus:kubernetes,missing:mem_pct|request_count|error_count|error_pct|p50_ms|p95_ms|p99_ms|avg_latency_ms,testing/results/all_microservices/allmicro-20260504T132028Z/phase3/switch_emailservice_cycle1_low_10_stats.csv,testing/results/all_microservices/allmicro-20260504T132028Z/phase3/switch_emailservice_cycle1_low_10_metrics.csv
phase3,switch_emailservice_cycle1_low_10,emailservice,checkout,controller-low-recovery,10,360,completed,200,0,0,8211,32,0.3897,270.00,354.07,530.00,730.00,22.8818,cartservice,iaas,iaas,4.1574,,,,,,,,,,,,,,prometheus:kubernetes,missing:mem_pct|request_count|error_count|error_pct|p50_ms|p95_ms|p99_ms|avg_latency_ms,testing/results/all_microservices/allmicro-20260504T132028Z/phase3/switch_emailservice_cycle1_low_10_stats.csv,testing/results/all_microservices/allmicro-20260504T132028Z/phase3/switch_emailservice_cycle1_low_10_metrics.csv
phase3,switch_emailservice_cycle1_low_10,emailservice,checkout,controller-low-recovery,10,360,completed,200,0,0,8211,32,0.3897,270.00,354.07,530.00,730.00,22.8818,checkoutservice,iaas,iaas,13.6561,,,,,,,,,,,,,,prometheus:kubernetes,missing:mem_pct|request_count|error_count|error_pct|p50_ms|p95_ms|p99_ms|avg_latency_ms,testing/results/all_microservices/allmicro-20260504T132028Z/phase3/switch_emailservice_cycle1_low_10_stats.csv,testing/results/all_microservices/allmicro-20260504T132028Z/phase3/switch_emailservice_cycle1_low_10_metrics.csv
phase3,switch_emailservice_cycle1_low_10,emailservice,checkout,controller-low-recovery,10,360,completed,200,0,0,8211,32,0.3897,270.00,354.07,530.00,730.00,22.8818,currencyservice,hybrid-dynamic,faas,12.7702,,7593.1429,,,,2.53,4.81,6.63,2.14,4.95,,,,prometheus:kubernetes|bridge|openfaas|controller,missing:mem_pct|error_count|error_pct,testing/results/all_microservices/allmicro-20260504T132028Z/phase3/switch_emailservice_cycle1_low_10_stats.csv,testing/results/all_microservices/allmicro-20260504T132028Z/phase3/switch_emailservice_cycle1_low_10_metrics.csv
phase3,switch_emailservice_cycle1_low_10,emailservice,checkout,controller-low-recovery,10,360,completed,200,0,0,8211,32,0.3897,270.00,354.07,530.00,730.00,22.8818,emailservice,hybrid-dynamic,faas,8.2833,,5810.2564,6.2667,,,3.18,9.40,19.64,3.78,4.95,,,,prometheus:kubernetes|bridge|openfaas|controller,missing:mem_pct|error_count|error_pct,testing/results/all_microservices/allmicro-20260504T132028Z/phase3/switch_emailservice_cycle1_low_10_stats.csv,testing/results/all_microservices/allmicro-20260504T132028Z/phase3/switch_emailservice_cycle1_low_10_metrics.csv
phase3,switch_emailservice_cycle1_low_10,emailservice,checkout,controller-low-recovery,10,360,completed,200,0,0,8211,32,0.3897,270.00,354.07,530.00,730.00,22.8818,paymentservice,iaas,iaas,6.6202,,,,,,,,,,,,,,prometheus:kubernetes,missing:mem_pct|request_count|error_count|error_pct|p50_ms|p95_ms|p99_ms|avg_latency_ms,testing/results/all_microservices/allmicro-20260504T132028Z/phase3/switch_emailservice_cycle1_low_10_stats.csv,testing/results/all_microservices/allmicro-20260504T132028Z/phase3/switch_emailservice_cycle1_low_10_metrics.csv
phase3,switch_emailservice_cycle1_low_10,emailservice,checkout,controller-low-recovery,10,360,completed,200,0,0,8211,32,0.3897,270.00,354.07,530.00,730.00,22.8818,shippingservice,hybrid-dynamic,faas,16.0056,,11137.9321,20.6653,,,2.86,8.63,21.29,3.50,4.95,,,,prometheus:kubernetes|bridge|openfaas|controller,missing:mem_pct|error_count|error_pct,testing/results/all_microservices/allmicro-20260504T132028Z/phase3/switch_emailservice_cycle1_low_10_stats.csv,testing/results/all_microservices/allmicro-20260504T132028Z/phase3/switch_emailservice_cycle1_low_10_metrics.csv
phase3,switch_emailservice_cycle1_low_10,emailservice,checkout,controller-low-recovery,10,360,completed,200,0,0,8211,32,0.3897,270.00,354.07,530.00,730.00,22.8818,adservice,hybrid-dynamic,faas,6.4780,,7735.3846,8.2667,,,2.57,4.89,8.75,1.59,4.95,,,,prometheus:kubernetes|bridge|openfaas|controller,missing:mem_pct|error_count|error_pct,testing/results/all_microservices/allmicro-20260504T132028Z/phase3/switch_emailservice_cycle1_low_10_stats.csv,testing/results/all_microservices/allmicro-20260504T132028Z/phase3/switch_emailservice_cycle1_low_10_metrics.csv
phase3,switch_emailservice_cycle1_low_10,emailservice,checkout,controller-low-recovery,10,360,completed,200,0,0,8211,32,0.3897,270.00,354.07,530.00,730.00,22.8818,recommendationservice,iaas,iaas,21.2993,,,,,,,,,,,,,,prometheus:kubernetes,missing:mem_pct|request_count|error_count|error_pct|p50_ms|p95_ms|p99_ms|avg_latency_ms,testing/results/all_microservices/allmicro-20260504T132028Z/phase3/switch_emailservice_cycle1_low_10_stats.csv,testing/results/all_microservices/allmicro-20260504T132028Z/phase3/switch_emailservice_cycle1_low_10_metrics.csv
phase3,switch_emailservice_cycle1_low_10,emailservice,checkout,controller-low-recovery,10,360,completed,200,0,0,8211,32,0.3897,270.00,354.07,530.00,730.00,22.8818,redis-cart,iaas,iaas,5.4854,,,,,,,,,,,,,,prometheus:kubernetes,missing:mem_pct|request_count|error_count|error_pct|p50_ms|p95_ms|p99_ms|avg_latency_ms,testing/results/all_microservices/allmicro-20260504T132028Z/phase3/switch_emailservice_cycle1_low_10_stats.csv,testing/results/all_microservices/allmicro-20260504T132028Z/phase3/switch_emailservice_cycle1_low_10_metrics.csv
phase3,switch_emailservice_cycle2_high_50,emailservice,checkout,target-faas-high,50,300,completed,200,0,0,22936,144,0.6278,410.00,569.36,1000.00,1800.00,76.6087,frontend,iaas,iaas,50.9536,,,,,,,,,,,,,,prometheus:kubernetes,missing:mem_pct|request_count|error_count|error_pct|p50_ms|p95_ms|p99_ms|avg_latency_ms,testing/results/all_microservices/allmicro-20260504T132028Z/phase3/switch_emailservice_cycle2_high_50_stats.csv,testing/results/all_microservices/allmicro-20260504T132028Z/phase3/switch_emailservice_cycle2_high_50_metrics.csv
phase3,switch_emailservice_cycle2_high_50,emailservice,checkout,target-faas-high,50,300,completed,200,0,0,22936,144,0.6278,410.00,569.36,1000.00,1800.00,76.6087,productcatalogservice,iaas,iaas,22.3966,,,,,,,,,,,,,,prometheus:kubernetes,missing:mem_pct|request_count|error_count|error_pct|p50_ms|p95_ms|p99_ms|avg_latency_ms,testing/results/all_microservices/allmicro-20260504T132028Z/phase3/switch_emailservice_cycle2_high_50_stats.csv,testing/results/all_microservices/allmicro-20260504T132028Z/phase3/switch_emailservice_cycle2_high_50_metrics.csv
phase3,switch_emailservice_cycle2_high_50,emailservice,checkout,target-faas-high,50,300,completed,200,0,0,22936,144,0.6278,410.00,569.36,1000.00,1800.00,76.6087,cartservice,iaas,iaas,4.3358,,,,,,,,,,,,,,prometheus:kubernetes,missing:mem_pct|request_count|error_count|error_pct|p50_ms|p95_ms|p99_ms|avg_latency_ms,testing/results/all_microservices/allmicro-20260504T132028Z/phase3/switch_emailservice_cycle2_high_50_stats.csv,testing/results/all_microservices/allmicro-20260504T132028Z/phase3/switch_emailservice_cycle2_high_50_metrics.csv
phase3,switch_emailservice_cycle2_high_50,emailservice,checkout,target-faas-high,50,300,completed,200,0,0,22936,144,0.6278,410.00,569.36,1000.00,1800.00,76.6087,checkoutservice,iaas,iaas,13.4715,,,,,,,,,,,,,,prometheus:kubernetes,missing:mem_pct|request_count|error_count|error_pct|p50_ms|p95_ms|p99_ms|avg_latency_ms,testing/results/all_microservices/allmicro-20260504T132028Z/phase3/switch_emailservice_cycle2_high_50_stats.csv,testing/results/all_microservices/allmicro-20260504T132028Z/phase3/switch_emailservice_cycle2_high_50_metrics.csv
phase3,switch_emailservice_cycle2_high_50,emailservice,checkout,target-faas-high,50,300,completed,200,0,0,22936,144,0.6278,410.00,569.36,1000.00,1800.00,76.6087,currencyservice,hybrid-dynamic,iaas,26.5441,,27950.3000,,,,8.15,118.47,225.63,27.67,4.96,,,,prometheus:kubernetes|bridge|openfaas|controller,missing:mem_pct|error_count|error_pct,testing/results/all_microservices/allmicro-20260504T132028Z/phase3/switch_emailservice_cycle2_high_50_stats.csv,testing/results/all_microservices/allmicro-20260504T132028Z/phase3/switch_emailservice_cycle2_high_50_metrics.csv
phase3,switch_emailservice_cycle2_high_50,emailservice,checkout,target-faas-high,50,300,completed,200,0,0,22936,144,0.6278,410.00,569.36,1000.00,1800.00,76.6087,emailservice,hybrid-dynamic,faas,8.5737,,6964.1026,25.8667,,,3.65,9.92,22.14,4.60,4.95,,,,prometheus:kubernetes|bridge|openfaas|controller,missing:mem_pct|error_count|error_pct,testing/results/all_microservices/allmicro-20260504T132028Z/phase3/switch_emailservice_cycle2_high_50_stats.csv,testing/results/all_microservices/allmicro-20260504T132028Z/phase3/switch_emailservice_cycle2_high_50_metrics.csv
phase3,switch_emailservice_cycle2_high_50,emailservice,checkout,target-faas-high,50,300,completed,200,0,0,22936,144,0.6278,410.00,569.36,1000.00,1800.00,76.6087,paymentservice,iaas,iaas,6.7363,,,,,,,,,,,,,,prometheus:kubernetes,missing:mem_pct|request_count|error_count|error_pct|p50_ms|p95_ms|p99_ms|avg_latency_ms,testing/results/all_microservices/allmicro-20260504T132028Z/phase3/switch_emailservice_cycle2_high_50_stats.csv,testing/results/all_microservices/allmicro-20260504T132028Z/phase3/switch_emailservice_cycle2_high_50_metrics.csv
phase3,switch_emailservice_cycle2_high_50,emailservice,checkout,target-faas-high,50,300,completed,200,0,0,22936,144,0.6278,410.00,569.36,1000.00,1800.00,76.6087,shippingservice,hybrid-dynamic,iaas,6.9667,,12038.7152,,,,3.58,16.44,24.99,5.03,4.95,,,,prometheus:kubernetes|bridge|openfaas|controller,missing:mem_pct|error_count|error_pct,testing/results/all_microservices/allmicro-20260504T132028Z/phase3/switch_emailservice_cycle2_high_50_stats.csv,testing/results/all_microservices/allmicro-20260504T132028Z/phase3/switch_emailservice_cycle2_high_50_metrics.csv
phase3,switch_emailservice_cycle2_high_50,emailservice,checkout,target-faas-high,50,300,completed,200,0,0,22936,144,0.6278,410.00,569.36,1000.00,1800.00,76.6087,adservice,hybrid-dynamic,faas,5.1241,,6835.8780,34.9111,,,2.59,4.92,9.07,1.72,4.95,,,,prometheus:kubernetes|bridge|openfaas|controller,missing:mem_pct|error_count|error_pct,testing/results/all_microservices/allmicro-20260504T132028Z/phase3/switch_emailservice_cycle2_high_50_stats.csv,testing/results/all_microservices/allmicro-20260504T132028Z/phase3/switch_emailservice_cycle2_high_50_metrics.csv
phase3,switch_emailservice_cycle2_high_50,emailservice,checkout,target-faas-high,50,300,completed,200,0,0,22936,144,0.6278,410.00,569.36,1000.00,1800.00,76.6087,recommendationservice,iaas,iaas,22.1767,,,,,,,,,,,,,,prometheus:kubernetes,missing:mem_pct|request_count|error_count|error_pct|p50_ms|p95_ms|p99_ms|avg_latency_ms,testing/results/all_microservices/allmicro-20260504T132028Z/phase3/switch_emailservice_cycle2_high_50_stats.csv,testing/results/all_microservices/allmicro-20260504T132028Z/phase3/switch_emailservice_cycle2_high_50_metrics.csv
phase3,switch_emailservice_cycle2_high_50,emailservice,checkout,target-faas-high,50,300,completed,200,0,0,22936,144,0.6278,410.00,569.36,1000.00,1800.00,76.6087,redis-cart,iaas,iaas,5.7762,,,,,,,,,,,,,,prometheus:kubernetes,missing:mem_pct|request_count|error_count|error_pct|p50_ms|p95_ms|p99_ms|avg_latency_ms,testing/results/all_microservices/allmicro-20260504T132028Z/phase3/switch_emailservice_cycle2_high_50_stats.csv,testing/results/all_microservices/allmicro-20260504T132028Z/phase3/switch_emailservice_cycle2_high_50_metrics.csv
phase3,switch_emailservice_cycle2_low_10,emailservice,checkout,controller-low-recovery,10,360,completed,200,0,0,7614,61,0.8012,270.00,388.23,700.00,1100.00,21.2162,frontend,iaas,iaas,48.0026,,,,,,,,,,,,,,prometheus:kubernetes,missing:mem_pct|request_count|error_count|error_pct|p50_ms|p95_ms|p99_ms|avg_latency_ms,testing/results/all_microservices/allmicro-20260504T132028Z/phase3/switch_emailservice_cycle2_low_10_stats.csv,testing/results/all_microservices/allmicro-20260504T132028Z/phase3/switch_emailservice_cycle2_low_10_metrics.csv
phase3,switch_emailservice_cycle2_low_10,emailservice,checkout,controller-low-recovery,10,360,completed,200,0,0,7614,61,0.8012,270.00,388.23,700.00,1100.00,21.2162,productcatalogservice,iaas,iaas,22.0115,,,,,,,,,,,,,,prometheus:kubernetes,missing:mem_pct|request_count|error_count|error_pct|p50_ms|p95_ms|p99_ms|avg_latency_ms,testing/results/all_microservices/allmicro-20260504T132028Z/phase3/switch_emailservice_cycle2_low_10_stats.csv,testing/results/all_microservices/allmicro-20260504T132028Z/phase3/switch_emailservice_cycle2_low_10_metrics.csv
phase3,switch_emailservice_cycle2_low_10,emailservice,checkout,controller-low-recovery,10,360,completed,200,0,0,7614,61,0.8012,270.00,388.23,700.00,1100.00,21.2162,cartservice,iaas,iaas,4.3755,,,,,,,,,,,,,,prometheus:kubernetes,missing:mem_pct|request_count|error_count|error_pct|p50_ms|p95_ms|p99_ms|avg_latency_ms,testing/results/all_microservices/allmicro-20260504T132028Z/phase3/switch_emailservice_cycle2_low_10_stats.csv,testing/results/all_microservices/allmicro-20260504T132028Z/phase3/switch_emailservice_cycle2_low_10_metrics.csv
phase3,switch_emailservice_cycle2_low_10,emailservice,checkout,controller-low-recovery,10,360,completed,200,0,0,7614,61,0.8012,270.00,388.23,700.00,1100.00,21.2162,checkoutservice,iaas,iaas,13.1166,,,,,,,,,,,,,,prometheus:kubernetes,missing:mem_pct|request_count|error_count|error_pct|p50_ms|p95_ms|p99_ms|avg_latency_ms,testing/results/all_microservices/allmicro-20260504T132028Z/phase3/switch_emailservice_cycle2_low_10_stats.csv,testing/results/all_microservices/allmicro-20260504T132028Z/phase3/switch_emailservice_cycle2_low_10_metrics.csv
phase3,switch_emailservice_cycle2_low_10,emailservice,checkout,controller-low-recovery,10,360,completed,200,0,0,7614,61,0.8012,270.00,388.23,700.00,1100.00,21.2162,currencyservice,hybrid-dynamic,faas,32.3135,,20594.4008,,,,4.17,89.85,197.82,16.78,4.96,,,,prometheus:kubernetes|bridge|openfaas|controller,missing:mem_pct|error_count|error_pct,testing/results/all_microservices/allmicro-20260504T132028Z/phase3/switch_emailservice_cycle2_low_10_stats.csv,testing/results/all_microservices/allmicro-20260504T132028Z/phase3/switch_emailservice_cycle2_low_10_metrics.csv
phase3,switch_emailservice_cycle2_low_10,emailservice,checkout,controller-low-recovery,10,360,completed,200,0,0,7614,61,0.8012,270.00,388.23,700.00,1100.00,21.2162,emailservice,hybrid-dynamic,faas,7.5893,,5053.3333,6.1333,,,3.17,9.51,20.86,3.85,4.95,,,,prometheus:kubernetes|bridge|openfaas|controller,missing:mem_pct|error_count|error_pct,testing/results/all_microservices/allmicro-20260504T132028Z/phase3/switch_emailservice_cycle2_low_10_stats.csv,testing/results/all_microservices/allmicro-20260504T132028Z/phase3/switch_emailservice_cycle2_low_10_metrics.csv
phase3,switch_emailservice_cycle2_low_10,emailservice,checkout,controller-low-recovery,10,360,completed,200,0,0,7614,61,0.8012,270.00,388.23,700.00,1100.00,21.2162,paymentservice,iaas,iaas,6.1631,,,,,,,,,,,,,,prometheus:kubernetes,missing:mem_pct|request_count|error_count|error_pct|p50_ms|p95_ms|p99_ms|avg_latency_ms,testing/results/all_microservices/allmicro-20260504T132028Z/phase3/switch_emailservice_cycle2_low_10_stats.csv,testing/results/all_microservices/allmicro-20260504T132028Z/phase3/switch_emailservice_cycle2_low_10_metrics.csv
phase3,switch_emailservice_cycle2_low_10,emailservice,checkout,controller-low-recovery,10,360,completed,200,0,0,7614,61,0.8012,270.00,388.23,700.00,1100.00,21.2162,shippingservice,hybrid-dynamic,faas,16.0899,,10871.2815,20.4000,,,2.96,9.52,22.15,3.60,4.95,,,,prometheus:kubernetes|bridge|openfaas|controller,missing:mem_pct|error_count|error_pct,testing/results/all_microservices/allmicro-20260504T132028Z/phase3/switch_emailservice_cycle2_low_10_stats.csv,testing/results/all_microservices/allmicro-20260504T132028Z/phase3/switch_emailservice_cycle2_low_10_metrics.csv
phase3,switch_emailservice_cycle2_low_10,emailservice,checkout,controller-low-recovery,10,360,completed,200,0,0,7614,61,0.8012,270.00,388.23,700.00,1100.00,21.2162,adservice,hybrid-dynamic,faas,5.9238,,6766.1538,8.2889,,,2.56,4.86,8.12,1.50,4.95,,,,prometheus:kubernetes|bridge|openfaas|controller,missing:mem_pct|error_count|error_pct,testing/results/all_microservices/allmicro-20260504T132028Z/phase3/switch_emailservice_cycle2_low_10_stats.csv,testing/results/all_microservices/allmicro-20260504T132028Z/phase3/switch_emailservice_cycle2_low_10_metrics.csv
phase3,switch_emailservice_cycle2_low_10,emailservice,checkout,controller-low-recovery,10,360,completed,200,0,0,7614,61,0.8012,270.00,388.23,700.00,1100.00,21.2162,recommendationservice,iaas,iaas,19.4569,,,,,,,,,,,,,,prometheus:kubernetes,missing:mem_pct|request_count|error_count|error_pct|p50_ms|p95_ms|p99_ms|avg_latency_ms,testing/results/all_microservices/allmicro-20260504T132028Z/phase3/switch_emailservice_cycle2_low_10_stats.csv,testing/results/all_microservices/allmicro-20260504T132028Z/phase3/switch_emailservice_cycle2_low_10_metrics.csv
phase3,switch_emailservice_cycle2_low_10,emailservice,checkout,controller-low-recovery,10,360,completed,200,0,0,7614,61,0.8012,270.00,388.23,700.00,1100.00,21.2162,redis-cart,iaas,iaas,5.5438,,,,,,,,,,,,,,prometheus:kubernetes,missing:mem_pct|request_count|error_count|error_pct|p50_ms|p95_ms|p99_ms|avg_latency_ms,testing/results/all_microservices/allmicro-20260504T132028Z/phase3/switch_emailservice_cycle2_low_10_stats.csv,testing/results/all_microservices/allmicro-20260504T132028Z/phase3/switch_emailservice_cycle2_low_10_metrics.csv
